dim,channels,seed,device,trace_time_mean,trace_time_std,trace_value,lambda_max_time_mean,lambda_max_time_std,lambda_max_value,svd_abs_time_mean,svd_abs_time_std,svd_abs_value,inverse_time_mean,inverse_time_std,inverse_value,frobenius_norm_time_mean,frobenius_norm_time_std,frobenius_norm_value,trace_norm_time_mean,trace_norm_time_std,trace_norm_value,addition_time_mean,addition_time_std,addition_value,multiplication_time_mean,multiplication_time_std,multiplication_value,entropy_time_mean,entropy_time_std,entropy_value,michelson_time_mean,michelson_time_std,michelson_value
2,1,42,cpu,2.002219953283202e-05,6.107875245983006e-06,0.5670233964920044,6.737169969710522e-05,8.437482033707967e-06,0.22815127670764923,4.106140077055898e-05,6.7638786296596905e-06,0.28839126229286194,6.573579921678174e-05,6.626764569385645e-06,4.911806583404541,2.0113600476179273e-05,6.450656120841157e-06,0.4878300726413727,4.223810028634034e-05,6.226985996950761e-06,0.5767825245857239,1.774159973138012e-05,5.429842199522536e-06,0.46514758467674255,3.000690012413543e-05,5.44035209516531e-06,0.10819980502128601,8.282690105261281e-05,1.02170686016794e-05,0.4588364362716675,4.068869966431521e-05,6.757751759886272e-06,0.4465758800506592
2,1,42,cuda,6.418109987862408e-05,1.26791766019756e-05,0.5670233964920044,0.00024211039999499917,3.413551666661199e-05,0.22815126180648804,0.00019375459996808785,1.7058031012215255e-05,0.28839126229286194,0.00020137109895586037,2.5824640242348052e-05,4.911806583404541,5.158000021765474e-05,6.710701608583263e-06,0.4878300726413727,0.00018566620019555558,2.0503543185334894e-05,0.5767825245857239,5.479999927047174e-05,7.296582180659782e-06,0.46514758467674255,8.420410013059154e-05,8.017634509977774e-06,0.10819980502128601,0.0002750603005551966,2.3998076688704923e-05,0.4588364064693451,0.0001083268001821125,1.6398107241719223e-05,0.4465758800506592
2,1,123,cpu,2.0529700486804357e-05,7.659063051482672e-06,-0.3518850803375244,6.889939977554605e-05,1.609041069230748e-05,0.195323646068573,3.842650003207382e-05,6.878751436646243e-06,0.3016291856765747,6.254619947867467e-05,7.588823688592855e-06,2.952357769012451,1.7560900596436112e-05,5.411877540162285e-06,0.4704706370830536,4.0303899731952696e-05,6.515234865770721e-06,0.6032583713531494,2.1503001335076988e-05,1.0099759246965523e-05,0.4209412634372711,3.0109300132608043e-05,6.29428097468217e-06,0.054449670016765594,8.442280013696291e-05,1.5390685876735944e-05,0.5806434750556946,3.566130035324022e-05,6.453070731919002e-06,-1.9657173156738281
2,1,123,cuda,6.059799961803947e-05,1.1817545452509098e-05,-0.3518850803375244,0.00022322360055113677,1.0402680722674197e-05,0.1953236609697342,0.00017278380000789183,1.0562927727934417e-05,0.3016292154788971,0.00020647149940486998,2.1715619405199913e-05,2.9523582458496094,5.230039969319478e-05,6.050681666412106e-06,0.4704706370830536,0.00018389680008112919,2.2549021164823512e-05,0.6032584309577942,6.098240046412684e-05,7.384695042747701e-06,0.4209412634372711,9.195820020977408e-05,1.2741369721283178e-05,0.054449670016765594,0.0002820411002176115,2.2184986773076756e-05,0.5806434154510498,0.00010654729994712398,9.65323809960132e-06,-1.9657173156738281
2,1,456,cpu,2.00135003979085e-05,5.8465980023676185e-06,-3.5736563205718994,7.479139967472292e-05,1.0139970464118086e-05,10.107841491699219,4.0186899786931464e-05,6.8675324141686705e-06,1.836454153060913,6.723609985783696e-05,1.2346383247579481e-05,0.9447375535964966,1.8584501231089234e-05,5.429298226224203e-06,3.2173757553100586,4.802289913641289e-05,1.2599822446243082e-05,3.672908306121826,1.7438600116292947e-05,5.833044174284793e-06,2.965290069580078,3.619800008891616e-05,6.054910831577933e-06,4.513777732849121,7.96507993072737e-05,8.753067652826779e-06,0.3946589231491089,3.778489954129327e-05,6.640166969000968e-06,-4.870394229888916
2,1,456,cuda,7.077299887896516e-05,1.2591404354995098e-05,-3.5736563205718994,0.00030567670000891667,7.854186960652785e-05,10.107843399047852,0.00021284489921526983,2.237317537567908e-05,1.8364543914794922,0.00021543269976973534,1.62575625858759e-05,0.9447375535964966,6.001419969834387e-05,6.5987645323682695e-06,3.2173757553100586,0.00021107650027261116,1.1307352364982296e-05,3.6729087829589844,6.173470028443262e-05,9.787707140529886e-06,2.9652903079986572,9.426159922441003e-05,1.1768677408359883e-05,4.513777732849121,0.00030695050008944236,9.310024529543772e-06,0.3946589231491089,0.00011628019965428393,7.550952812333974e-06,-4.870394229888916
2,2,42,cpu,2.1416500021587127e-05,6.0777665798910775e-06,-0.5969150066375732,7.57712001359323e-05,8.502805280861016e-06,3.3037378787994385,4.107139939151239e-05,6.963655415357088e-06,0.8872626423835754,6.494479966931977e-05,7.26176814110873e-06,2.9164540767669678,1.8917900160886347e-05,5.60353530790746e-06,1.5263656377792358,4.442899880814366e-05,7.092263957171651e-06,1.7745252847671509,1.7792199651012196e-05,5.430692738150037e-06,1.271419644355774,3.25411994708702e-05,5.943416131259397e-06,0.6878727078437805,8.336819955729879e-05,8.601667817411848e-06,0.4409755766391754,4.892840006505139e-05,3.48948920438443e-05,1.7578495740890503
2,2,42,cuda,5.389649923017714e-05,6.7438938377955184e-06,-0.5969150066375732,0.00019062729879806283,3.151064322358854e-05,3.3037383556365967,0.00016759239952079952,1.0002258218144907e-05,0.8872625827789307,0.000183846599975368,2.226162590937034e-05,2.916454315185547,5.2853099987260066e-05,6.262057796365005e-06,1.5263656377792358,0.00016794050061434972,9.321873152709138e-06,1.7745251655578613,5.760769927292131e-05,6.942964654979357e-06,1.2714195251464844,8.522890093445312e-05,1.1373591802244363e-05,0.6878726482391357,0.00026861000005737876,2.3584795298518532e-05,0.4409755766391754,0.00010803839977597818,9.739872453145606e-06,1.7578495740890503
2,2,123,cpu,2.4993599799927325e-05,7.702310907110034e-06,-1.1519274711608887,7.501629952457733e-05,8.305485353684409e-06,1.3486682176589966,4.092400085937697e-05,7.260292542089566e-06,0.7212542295455933,6.548120109073352e-05,7.404440629278121e-06,1.8299483060836792,2.3994900402612984e-05,1.2161575271210865e-05,1.100103735923767,4.4651699863607067e-05,6.5760730657993895e-06,1.4425084590911865,1.6759699065005407e-05,5.4401037842342825e-06,0.9938691854476929,3.282599973317701e-05,6.040386181758357e-06,0.515005886554718,8.248459998867474e-05,8.427878394784212e-06,0.5985691547393799,3.81867001124192e-05,1.1062304049371907e-05,-1.6947437524795532
2,2,123,cuda,5.4631699458695945e-05,6.678625078671638e-06,-1.1519274711608887,0.0001851747994805919,1.7669615278418255e-05,1.3486683368682861,0.00016913590043259318,1.1739527039534879e-05,0.7212541699409485,0.00017050819988071453,1.6234945604561556e-05,1.8299484252929688,5.909290011913981e-05,1.128212291414999e-05,1.100103735923767,0.00017091959998651873,9.881337347883693e-06,1.442508339881897,5.780780084023718e-05,6.9925139362730175e-06,0.9938691854476929,9.273010000470095e-05,1.7735958043543998e-05,0.515005886554718,0.00026450760014995467,1.4424774347171897e-05,0.5985690951347351,0.00010897500033024698,1.01669921624621e-05,-1.6947437524795532
2,2,456,cpu,2.2332699882099404e-05,6.738753678211322e-06,-2.239218235015869,7.55105007556267e-05,8.259677689997728e-06,6.30336856842041,4.11503995564999e-05,6.836426215903545e-06,1.4366897344589233,6.566260053659789e-05,7.620774359499378e-06,0.9369886517524719,1.782509971235413e-05,5.259430388510608e-06,2.4366378784179688,4.8635099665261806e-05,1.4236284202011118e-05,2.8733794689178467,1.8151399490307086e-05,8.976555859989024e-06,2.206918478012085,3.325959987705573e-05,6.093501220018898e-06,2.7793993949890137,8.204090008803177e-05,8.14652961006262e-06,0.4715665578842163,3.8902700543985703e-05,8.684642202258806e-06,-0.607917308807373
2,2,456,cuda,5.46706000022823e-05,6.8263246732980465e-06,-2.239218235015869,0.00017933880008058622,1.4781492825245807e-05,6.303369045257568,0.00018602639938762876,1.5149154235124018e-05,1.436689853668213,0.0001770927006873535,2.623219242103836e-05,0.9369887113571167,5.253560048004147e-05,6.10540186019091e-06,2.4366378784179688,0.0001960812005563639,2.2109452445679536e-05,2.873379707336426,5.831039961776696e-05,7.1673006828305706e-06,2.206918478012085,9.825689958233851e-05,1.2624903370089765e-05,2.7793993949890137,0.00029213639973022507,1.7410029923149598e-05,0.4715665578842163,0.00010818189912242815,8.74835766501475e-06,-0.607917308807373
2,4,42,cpu,2.2005300343153068e-05,7.197093536838169e-06,-0.8065081238746643,7.626110091223382e-05,7.823495158140877e-06,4.325103759765625,4.315589940233622e-05,6.823278132010468e-06,1.5334830284118652,6.857360021967906e-05,8.107979300043114e-06,0.6021367311477661,1.764660046319477e-05,5.321511615536269e-06,2.3057239055633545,4.635590012185276e-05,7.541201350436407e-06,3.0669658184051514,1.8137999359169043e-05,9.295085092170179e-06,2.124584436416626,3.425879949645605e-05,5.7375287738334175e-06,1.4624303579330444,8.40301003336208e-05,8.567634890847773e-06,0.6157213449478149,4.028809926239774e-05,8.513336598328679e-06,-63.02407455444336
2,4,42,cuda,5.509939983312506e-05,6.8154656694876564e-06,-0.8065081238746643,0.0001826880001317477,1.793820450259716e-05,4.325103759765625,0.00018659189954632892,9.216632706759384e-06,1.5334830284118652,0.00017177400077343917,1.8674101222710675e-05,0.6021367311477661,5.2044299809494984e-05,6.008148868851098e-06,2.3057239055633545,0.00019039190010516904,1.6129353730686196e-05,3.0669660568237305,5.9883200083277186e-05,7.3515376334834494e-06,2.124584436416626,9.369519975734874e-05,8.839444276913487e-06,1.462430477142334,0.0002910976003477117,2.549755102661218e-05,0.6157213449478149,0.00010724810017563869,8.94964448667117e-06,-63.02407455444336
2,4,123,cpu,2.5687999368528835e-05,1.3150350360572905e-05,-0.1188109964132309,7.5970000034431e-05,7.5139769698391074e-06,2.346985101699829,4.302450070099439e-05,6.729999484466161e-06,0.8185086846351624,6.840519999968819e-05,7.966935013930501e-06,9.386877059936523,2.4024500089581124e-05,9.677714025299323e-06,1.433202862739563,4.5431100443238395e-05,6.766370084424031e-06,1.6370172500610352,1.7786699390853756e-05,5.370986302566368e-06,1.2401621341705322,3.327789927425329e-05,6.245476035258091e-06,0.4005415439605713,8.528819962521084e-05,8.645321413389313e-06,0.3596740663051605,3.865680046146736e-05,1.0643946149676018e-05,-0.6388409733772278
2,4,123,cuda,6.479220028268173e-05,1.3699825391327254e-05,-0.1188109964132309,0.00017671409987087827,1.1698226865980604e-05,2.34698486328125,0.00019223320014134516,1.4790295932932525e-05,0.8185085654258728,0.00018110260025423487,2.2934799801834226e-05,9.386876106262207,5.460070024128072e-05,7.922773595173446e-06,1.4332029819488525,0.00019477429959806613,1.6400897876409662e-05,1.6370171308517456,5.857319956703577e-05,9.667962368114041e-06,1.2401621341705322,8.51678993058158e-05,7.515189431419942e-06,0.4005415439605713,0.0002743178996752249,7.817528065992304e-06,0.3596740961074829,0.00010633130041242112,9.664149520673215e-06,-0.6388409733772278
2,4,456,cpu,2.1160799587960354e-05,6.151605697010881e-06,0.20421552658081055,7.902270008344203e-05,1.0939263626593306e-05,4.330253601074219,4.3558000470511615e-05,6.806168327586302e-06,1.4170327186584473,6.937540019862354e-05,7.437686365033841e-06,0.6179566383361816,1.7651900998316704e-05,5.4712276776085954e-06,2.223076581954956,4.5666000733035614e-05,6.606871984713064e-06,2.8340654373168945,1.7912599287228658e-05,6.084907762358478e-06,1.805602788925171,3.27758003550116e-05,5.983060476721931e-06,1.3324558734893799,8.423810068052262e-05,8.429972351773309e-06,0.5727163553237915,3.864080026687589e-05,1.0829423104007238e-05,-19.35919761657715
2,4,456,cuda,6.23719002760481e-05,1.6859244281689277e-05,0.20421552658081055,0.00017764600088412407,9.864286797754474e-06,4.330253601074219,0.00016600439994363114,1.0958581252404121e-05,1.4170327186584473,0.00018003050026891288,1.9857238409330214e-05,0.6179565787315369,5.6810599562595596e-05,1.2494505479978423e-05,2.223076343536377,0.00018547629988461268,1.7362649941846257e-05,2.8340654373168945,6.174230002216063e-05,7.93135665913256e-06,1.805602788925171,8.914220015867613e-05,7.065519620670685e-06,1.3324558734893799,0.00026155449922953266,1.2918482936935546e-05,0.5727163553237915,0.0001104290011426201,9.736883621792541e-06,-19.359195709228516
2,8,42,cpu,2.3859399880166167e-05,7.396465183675485e-06,0.3775574266910553,7.962230083649046e-05,9.080322758886549e-06,3.817427396774292,4.691709982580505e-05,6.689122055359807e-06,1.3293477296829224,7.877040043240413e-05,7.070304131755104e-06,0.8810288310050964,1.9002900444320403e-05,5.66921614413835e-06,2.0684845447540283,5.055330002505798e-05,7.017576720703667e-06,2.658695697784424,1.8628100224304945e-05,6.435057678059934e-06,1.8724384307861328,3.2482999813510105e-05,5.936013443909322e-06,1.425525188446045,8.921339976950549e-05,8.572709010674424e-06,0.558890163898468,3.7326699748518875e-05,6.784929079547334e-06,-30.673032760620117
2,8,42,cuda,5.725459996028803e-05,9.20141863729217e-06,0.3775574266910553,0.0001770397004293045,1.2511848291553237e-05,3.817427396774292,0.00018288689934706782,7.798648952134784e-06,1.3293479681015015,0.00017763190044206567,1.7140068576384777e-05,0.8810287714004517,5.258630008029286e-05,6.1911721938077e-06,2.0684847831726074,0.00019379430086701176,1.4595779792629182e-05,2.658695936203003,5.8156198792858047e-05,6.694072803182961e-06,1.8724384307861328,8.745810046093539e-05,7.959299039084515e-06,1.4255250692367554,0.00029176789976190773,3.433702872925754e-05,0.558890163898468,0.00010884010007430333,8.831133536513809e-06,-30.673030853271484
2,8,123,cpu,2.1621899213641883e-05,6.10329454443888e-06,-0.3631272614002228,8.399589969485533e-05,1.1299010699826357e-05,3.702280044555664,4.6934399870224296e-05,6.803312347185035e-06,1.122759461402893,7.835249998606741e-05,9.090169957915064e-06,5.225050449371338,1.8967501091537997e-05,5.3509413876926275e-06,1.86455500125885,5.418420041678473e-05,1.4856685193878539e-05,2.245518684387207,1.8394299695501103e-05,5.594713663406752e-06,1.600193977355957,3.4808800410246474e-05,9.791982984810067e-06,1.061530351638794,9.113749911193736e-05,9.511758570924035e-06,0.4299408495426178,4.023960027552675e-05,8.301227299641723e-06,-3.1982336044311523
2,8,123,cuda,5.6822701299097386e-05,6.3227589561414355e-06,-0.3631272315979004,0.0001878470000519883,2.2352914517333967e-05,3.702280044555664,0.00018633559957379476,1.0450623768304534e-05,1.1227593421936035,0.0001778421996277757,1.7260577518420914e-05,5.22504997253418,6.0391499573597685e-05,1.316498424993406e-05,1.86455500125885,0.00018791250004142058,9.789005207015e-06,2.245518684387207,5.808919959235936e-05,7.348317750762969e-06,1.600193977355957,8.773019981163088e-05,6.6266904320227196e-06,1.061530351638794,0.0002839916003722465,2.1561475641159765e-05,0.4299408495426178,0.00011712979976437054,1.3717278956231255e-05,-3.1982338428497314
2,8,456,cpu,2.4128899531206117e-05,1.3254910271536537e-05,-0.3410234749317169,7.767620008962695e-05,7.462242257261641e-06,3.3355460166931152,4.7489099961239846e-05,6.692679438978166e-06,1.255611538887024,8.407509958487935e-05,1.6243848161240914e-05,0.8885284066200256,2.1561299581662753e-05,6.3615499090790685e-06,1.9522035121917725,5.0196298980154096e-05,6.735285534836177e-06,2.511223316192627,1.8841900964616797e-05,1.1436839233324645e-05,1.594741702079773,3.3298299240414056e-05,5.779280657931838e-06,1.170915961265564,9.588979992258828e-05,1.380543352657885e-05,0.5671000480651855,3.735020000021905e-05,6.33692762347483e-06,-9.50365161895752
2,8,456,cuda,5.452349978440907e-05,6.944356393094707e-06,-0.3410234749317169,0.00019926940003642813,2.700352958392732e-05,3.3355460166931152,0.00019078440054727254,1.3965246839773457e-05,1.2556116580963135,0.0001701811001112219,1.213532968453875e-05,0.8885283470153809,6.137109958217479e-05,1.3228438071148048e-05,1.9522032737731934,0.00019146630002069286,9.587614769742047e-06,2.511223316192627,6.288510012382176e-05,1.5306217254135945e-05,1.5947415828704834,8.61974993313197e-05,6.718358018689707e-06,1.1709158420562744,0.00030781349960307125,2.8126419840376587e-05,0.5671000480651855,0.00011611659938353114,1.7351412448902906e-05,-9.50365161895752
2,16,42,cpu,2.1509500220417978e-05,5.945567951491969e-06,-0.1298271119594574,8.205960039049387e-05,1.2903125363077361e-05,3.5487072467803955,5.812380040879361e-05,1.0028097794552658e-05,1.2994239330291748,0.00010711930008255877,1.1410722118618126e-05,0.9561138153076172,1.8860399359255096e-05,5.579322716371466e-06,1.9969414472579956,5.917610033066012e-05,6.54169771446267e-06,2.5988478660583496,2.3080101163941437e-05,1.6138539300936916e-05,1.7883434295654297,3.298579940747004e-05,6.069436500515963e-06,1.2690691947937012,9.838450023380574e-05,1.0873808161594524e-05,0.5733627080917358,3.773580028791912e-05,6.408355564444481e-06,-14.729012489318848
2,16,42,cuda,6.200880015967414e-05,1.3866758452673785e-05,-0.1298271268606186,0.0001758287999109598,1.0323521717189203e-05,3.5487072467803955,0.00018358739907853305,7.412873357387014e-06,1.2994239330291748,0.0001832287001889199,1.8968702229821955e-05,0.956113874912262,5.136430045240559e-05,6.260863055055233e-06,1.996941328048706,0.00020119600012549199,1.7212900480345258e-05,2.5988478660583496,6.0211000163690184e-05,1.140766879968835e-05,1.7883434295654297,8.432870017713868e-05,7.073343808991909e-06,1.2690691947937012,0.00028286869965086223,2.2669074229363022e-05,0.5733627080917358,0.00011049380045733415,9.087212291650816e-06,-14.729012489318848
2,16,123,cpu,2.1822500275447965e-05,7.027063621794796e-06,-0.057449594140052795,8.409170040977188e-05,1.0176375544227272e-05,3.6151139736175537,5.487880043801852e-05,6.823169730651243e-06,1.1353487968444824,0.00010043950023828075,1.1689508718119436e-05,10.736709594726562,1.9365499611012638e-05,5.3705029160434355e-06,1.8796603679656982,5.8862599325948393e-05,7.403447414477678e-06,2.270697593688965,1.8200399426859804e-05,5.798841922325506e-06,1.634047031402588,3.3055500534828755e-05,5.9749039340815644e-06,1.1228007078170776,9.781559965631459e-05,8.368577163133333e-06,0.4094785749912262,4.605079884640872e-05,1.0851057471148109e-05,1.1542901992797852
2,16,123,cuda,5.9774299734272064e-05,7.448703758640825e-06,-0.05744960904121399,0.00018550859931565356,2.1278556959176233e-05,3.615114212036133,0.0001897211990581127,1.353302607218488e-05,1.1353487968444824,0.00017104500002460555,1.6266607706661313e-05,10.736701965332031,5.7970699344878085e-05,1.4783868886298462e-05,1.8796603679656982,0.00018632009960128926,9.753022812510303e-06,2.270697593688965,5.7388500135857615e-05,7.020323892681945e-06,1.634047031402588,8.423859944741707e-05,6.698291147540698e-06,1.1228007078170776,0.00028473199890868275,1.9805083962744486e-05,0.4094785749912262,0.0001072666000254685,8.543281023979094e-06,1.1542900800704956
2,16,456,cpu,2.2372300736606122e-05,6.4932046701061e-06,-0.27251002192497253,7.9404900316149e-05,7.344781229083899e-06,3.727004051208496,5.490630064741708e-05,6.9029385178403315e-06,1.2584342956542969,0.00010940959946310613,9.61067134645397e-06,0.943875789642334,1.9512999642756768e-05,5.701285356740484e-06,2.0045533180236816,5.8501699822954836e-05,7.136980139317303e-06,2.5168685913085938,1.6948100164881907e-05,5.22562443876779e-06,1.6721806526184082,3.3016100496752186e-05,5.931979865993704e-06,1.1966965198516846,0.00010248719991068356,1.0991625702243133e-05,0.5367197394371033,4.0328199975192544e-05,9.515822370152361e-06,-4.6042399406433105
2,16,456,cuda,5.9359399529057555e-05,1.0491039754399346e-05,-0.2725100517272949,0.0001792029997886857,1.5875821155652572e-05,3.727003812789917,0.00018936670130642597,1.4146504912817087e-05,1.2584342956542969,0.0001728311002807459,1.2463831724479036e-05,0.9438758492469788,5.238200064923148e-05,6.369076213239768e-06,2.0045533180236816,0.00018718229948717636,1.2752463338114183e-05,2.5168685913085938,5.8110900135943665e-05,6.475443790523968e-06,1.6721806526184082,8.990449932753109e-05,9.784853981302286e-06,1.1966962814331055,0.0002799655001581414,1.648701851872371e-05,0.536719799041748,0.00011021239952242467,1.5271843317339585e-05,-4.6042399406433105
2,32,42,cpu,2.1704200116801074e-05,5.866187399650342e-06,0.05977319926023483,8.912800039979629e-05,9.722573764716825e-06,3.193664312362671,7.319910000660456e-05,1.0645454443819683e-05,1.1154683828353882,0.00013905690029787366,1.3956105898588855e-05,1.990691065788269,1.9798798894044013e-05,5.720628085601075e-06,1.8008637428283691,7.642440032213926e-05,1.5741480522310013e-05,2.2309367656707764,1.8504699983168394e-05,5.988393531905747e-06,1.566847801208496,3.324179961055052e-05,5.8723970319110456e-06,1.082303524017334,0.00011277259945927654,8.647025926327414e-06,0.4887348413467407,3.79916004021652e-05,6.197575741589072e-06,-7.23333740234375
2,32,42,cuda,5.5099000019254166e-05,6.751916574579817e-06,0.05977320671081543,0.00018730660049186553,2.0078179026868372e-05,3.193664073944092,0.00018444420020387043,1.0753398529995917e-05,1.1154683828353882,0.00017304460052400828,1.2634196525462163e-05,1.9906911849975586,5.348490085452795e-05,6.283352674172262e-06,1.8008639812469482,0.00018805539984896314,1.1251861090181255e-05,2.2309367656707764,6.516270041174721e-05,1.2447706143932344e-05,1.566847801208496,9.285119958803988e-05,1.5278980749600078e-05,1.082303524017334,0.0002831383997545345,2.0128647207063412e-05,0.4887348413467407,0.00010823170014191419,8.49192957004463e-06,-7.233336925506592
2,32,123,cpu,2.2808199719293044e-05,6.7701975505669376e-06,-0.2747350037097931,8.490070031257347e-05,7.470117464226264e-06,3.7097768783569336,7.152890029828995e-05,6.351775557454991e-06,1.188950538635254,0.00013486160023603588,2.0201980304143906e-05,6.07797384262085,1.950780024344567e-05,5.590975548266941e-06,1.9252464771270752,7.299929893633816e-05,6.97455391295797e-06,2.377901077270508,1.703930065559689e-05,5.1490885459563745e-06,1.664620280265808,3.3949900171137415e-05,5.66573545937276e-06,1.2230900526046753,0.00012200330020277761,1.944773767655263e-05,0.4708208739757538,4.069360038556624e-05,1.038153172567818e-05,-0.09662897884845734
2,32,123,cuda,6.22511997789843e-05,1.1680385862534351e-05,-0.2747350335121155,0.0001752744003169937,1.0234325171778364e-05,3.7097768783569336,0.00020553730028041172,1.5298090361837006e-05,1.188950538635254,0.00018526989952079022,2.7083074387897577e-05,6.077970027923584,5.22268997883657e-05,6.16757935737037e-06,1.9252463579177856,0.0001947905995621113,1.443609273024782e-05,2.377901077270508,5.834850016981363e-05,6.896054299270187e-06,1.664620280265808,9.005160027300007e-05,1.0168780237570096e-05,1.2230899333953857,0.0002815079005813459,1.4094113139191569e-05,0.47082090377807617,0.00010709689995564986,8.935424096758694e-06,-0.09662896394729614
2,32,456,cpu,2.240449975943193e-05,7.055912424140666e-06,-0.18833276629447937,9.079250012291595e-05,1.4584003023892849e-05,3.5290446281433105,7.173240046540741e-05,8.508056394014374e-06,1.2324985265731812,0.00014051099969947245,1.335034476972655e-05,1.0462173223495483,1.9321800209581852e-05,5.538287988638568e-06,1.9444389343261719,7.817920013621915e-05,1.1894991383000656e-05,2.4649972915649414,1.7160900461021812e-05,5.436770056525846e-06,1.623009204864502,3.5545098944567145e-05,1.2098395005658042e-05,1.107024073600769,0.00011335650124237873,9.15985435396652e-06,0.5438116788864136,3.7445799534907565e-05,6.254798305933174e-06,13.849615097045898
2,32,456,cuda,5.464459973154589e-05,6.721839258264911e-06,-0.18833278119564056,0.00017880680024973117,1.7573635324862424e-05,3.5290448665618896,0.00019486399978632107,1.8380591846436508e-05,1.2324986457824707,0.00017271079959755298,1.2089296646018883e-05,1.0462173223495483,5.262060003587976e-05,6.259119827082126e-06,1.9444389343261719,0.00019350130060047377,9.674845241443488e-06,2.4649972915649414,6.105009997554589e-05,9.843911364824411e-06,1.6230093240737915,0.0001235472002008464,0.00011783757303682927,1.107024073600769,0.0002915225002652733,1.7292137743810444e-05,0.5438117384910583,0.00011028679946321063,1.6312875904059484e-05,13.849613189697266
2,64,42,cpu,2.336409961571917e-05,7.11284850771287e-06,0.09197930246591568,9.495339909335599e-05,7.900132118707624e-06,3.408909320831299,0.000102284099557437,7.2435060519127206e-06,1.1508996486663818,0.0001914044998557074,1.0118081161615576e-05,2.460814952850342,1.9722599608940074e-05,5.282049847926363e-06,1.8680593967437744,0.00010445160078234039,8.955984357027794e-06,2.3017995357513428,1.7398099225829354e-05,5.362840190390164e-06,1.611092448234558,3.814819938270375e-05,9.053306944293402e-06,1.1211706399917603,0.0001467552996473387,8.004590234711224e-06,0.4785219132900238,3.806849890679587e-05,6.137622948000759e-06,-3.2546510696411133
2,64,42,cuda,6.16994009760674e-05,1.3877414008277039e-05,0.09197931736707687,0.00017677480027487036,1.609748338197575e-05,3.408909320831299,0.00018532750036683864,8.568545418486019e-06,1.1508996486663818,0.00019330850045662373,1.841619339341762e-05,2.460815191268921,5.674660023942124e-05,8.424787114966739e-06,1.868059515953064,0.00019461939991742837,1.7512172759727833e-05,2.3017992973327637,5.851839996466879e-05,7.136708026390878e-06,1.611092448234558,0.00011275650103925727,5.4918063409270576e-05,1.1211707592010498,0.0002898555001593195,2.236844016400908e-05,0.4785218834877014,0.00010791010063258,9.524978230801412e-06,-3.2546510696411133
2,64,123,cpu,2.358509991609026e-05,7.006577899307844e-06,-0.10831497609615326,9.684529977675993e-05,7.932769725608357e-06,3.586270809173584,0.00010527949998504483,6.310770320767903e-06,1.148857831954956,0.00020809279958484695,2.7422085890531357e-05,6.34423303604126,2.0141000277362764e-05,5.373154520701819e-06,1.8779526948928833,0.00010883019931497983,1.1058013352737945e-05,2.297715902328491,1.779019985406194e-05,5.120347541908477e-06,1.6023318767547607,6.209519997355529e-05,1.1136958644012555e-05,1.1065142154693604,0.00017003710017888808,7.528849153380242e-05,0.46847736835479736,3.84340004529804e-05,6.74225783290939e-06,-0.3329961895942688
2,64,123,cuda,5.5723300465615464e-05,6.869992717711822e-06,-0.10831498354673386,0.00017701829929137603,1.0576287689250479e-05,3.586270570755005,0.0001958845998160541,1.872951065862425e-05,1.148857831954956,0.00017889689952426123,2.311365920506214e-05,6.344231605529785,5.241510043560993e-05,6.067702159563618e-06,1.8779526948928833,0.0002006053993682144,1.8373524531447098e-05,2.297715663909912,6.0729600591002963e-05,7.096504398464416e-06,1.6023318767547607,8.580940047977492e-05,6.944462738547692e-06,1.1065142154693604,0.00028493100035120733,1.6981853936865317e-05,0.46847739815711975,0.00012118750055378769,1.5626478076100876e-05,-0.3329963982105255
2,64,456,cpu,2.324920060345903e-05,6.998902481504809e-06,-0.12699459493160248,9.58578002610011e-05,7.500374559746085e-06,3.359816074371338,0.00010108210080943536,7.0516727584027585e-06,1.1727731227874756,0.00018931520025944337,1.1101912603204856e-05,3.4080309867858887,1.9796999549726024e-05,5.533820018793781e-06,1.8709118366241455,0.00010464500010129996,8.53104966967693e-06,2.3455464839935303,1.720249929348938e-05,5.254289086618587e-06,1.5785102844238281,3.7349999547586774e-05,1.3085615841524379e-05,1.0793218612670898,0.00014592150037060492,1.0031377665860466e-05,0.5098540782928467,3.767889975279104e-05,6.704207864381006e-06,28.360586166381836
2,64,456,cuda,5.904200079385191e-05,7.882735638568785e-06,-0.12699459493160248,0.0001773847994627431,1.0687197343837162e-05,3.359816074371338,0.0001879378003650345,9.374182284517945e-06,1.1727731227874756,0.00019682080019265414,2.9789655242750048e-05,3.408031463623047,5.330539897840936e-05,6.4014359004869165e-06,1.8709118366241455,0.00019634909986052663,2.476329095411468e-05,2.345546245574951,5.934620057814755e-05,7.015117570697643e-06,1.5785104036331177,9.378390059282538e-05,1.2156885528579734e-05,1.0793218612670898,0.0002876799997466151,1.2975158109920039e-05,0.5098540782928467,0.00010823670054378453,8.896576852613051e-06,28.36058807373047
2,128,42,cpu,2.3609999334439636e-05,7.344464130967451e-06,0.17024847865104675,0.00011730419973901007,8.043303284586851e-06,3.349052667617798,0.0001675614003033843,1.338888855157296e-05,1.1108959913253784,0.00029708960028074216,1.1678939986678178e-05,2.6262998580932617,2.056300072581507e-05,5.5285716041379535e-06,1.823896884918213,0.00016346480006177445,1.1962012746659875e-05,2.2217917442321777,1.9746500402106904e-05,6.526759346950517e-06,1.5621289014816284,3.469950024737045e-05,5.7612998294875745e-06,1.0615419149398804,0.0002113560010911897,1.6613284514498903e-05,0.46493270993232727,4.221529961796477e-05,8.608195709259308e-06,-2.1388251781463623
2,128,42,cuda,6.120010002632625e-05,8.835439327760903e-06,0.17024849355220795,0.0001886744001240004,1.8263306083800837e-05,3.349052667617798,0.00020051589999638963,1.333215224631115e-05,1.1108959913253784,0.00017631250047998038,1.3546097769692597e-05,2.6262998580932617,5.607129969575908e-05,7.960364616193002e-06,1.823896884918213,0.0002011447006225353,1.1373849476513968e-05,2.2217917442321777,5.888999985472765e-05,7.530681708356082e-06,1.5621287822723389,8.622959976491983e-05,7.4380973817316236e-06,1.0615417957305908,0.0002970090994494967,3.07144799410836e-05,0.46493270993232727,0.00011152879960718565,1.2511603763767656e-05,-2.138824939727783
2,128,123,cpu,2.2006899962434544e-05,6.606557337254943e-06,-0.06749917566776276,0.00012124249988119118,1.8063581512728852e-05,3.54899263381958,0.00016154910044861027,1.037529747909798e-05,1.149536371231079,0.0002986149000207661,3.151171106513713e-05,15.307759284973145,2.0702800611616112e-05,5.635064991239297e-06,1.8777300119400024,0.00015747469951747916,1.132002634584685e-05,2.299072742462158,1.7486999422544613e-05,5.501348639769126e-06,1.5821876525878906,3.4846100243157706e-05,5.700449210277617e-06,1.1019601821899414,0.00020336420020612423,1.3693251501550488e-05,0.4704369902610779,4.015029953734484e-05,6.4911099752006425e-06,15.343504905700684
2,128,123,cuda,6.065019988454878e-05,1.1077994794864635e-05,-0.06749917566776276,0.00017907729888975155,1.563636426054879e-05,3.54899263381958,0.00019860489992424847,1.5214003041867255e-05,1.149536371231079,0.0001800070000172127,1.5318115426841863e-05,15.307683944702148,5.652879954141099e-05,1.0276368474212733e-05,1.877729892730713,0.00020210319962643553,1.122625626390678e-05,2.299072742462158,5.8925600387738084e-05,6.788979980367573e-06,1.5821874141693115,9.409219892404508e-05,1.6902529805694323e-05,1.1019601821899414,0.00031049610042828136,1.7760095405169502e-05,0.4704369902610779,0.00011507349954626988,1.5567141634784815e-05,15.343506813049316
2,128,456,cpu,2.3650700313737616e-05,7.250073318831874e-06,0.057596854865550995,0.00011676200010697357,8.098648826859996e-06,3.4526963233947754,0.0001671170990448445,1.0729995956593944e-05,1.1395188570022583,0.00029698160069528966,1.7310540885554253e-05,3.031080722808838,2.08463996386854e-05,5.406304180444105e-06,1.8377939462661743,0.0001590865995240165,1.1484590180501828e-05,2.2790374755859375,1.9010399773833343e-05,1.0002783851320928e-05,1.5518581867218018,3.4595100078149696e-05,5.849445393215439e-06,1.1162359714508057,0.00021132060028321574,1.607962977892605e-05,0.5001077055931091,4.109419969609007e-05,6.701288307848413e-06,13.1216402053833
2,128,456,cuda,5.7686600121087396e-05,8.620047545471714e-06,0.05759685859084129,0.00020984470102121123,2.6805647554780253e-05,3.4526963233947754,0.00019958829980168958,1.3543056986334484e-05,1.1395188570022583,0.0001748590999341104,1.819942191505411e-05,3.031080484390259,5.352540028980002e-05,6.611978325352196e-06,1.8377940654754639,0.0002005217997066211,1.1919316568045631e-05,2.2790379524230957,5.9083400265080856e-05,7.202150026019801e-06,1.5518583059310913,8.767680010350887e-05,7.239782178159833e-06,1.1162359714508057,0.0003014278001501225,1.8455634840748427e-05,0.5001077651977539,0.00012043690039718059,2.093673577683434e-05,13.121641159057617
2,256,42,cpu,2.5918899700627664e-05,7.775042836986765e-06,0.08840890228748322,0.00016078549997473602,1.1373581476928346e-05,3.5557401180267334,0.00028900580109620934,1.2207057823884808e-05,1.147995948791504,0.0005170942004042445,1.3982841461359451e-05,2.971248149871826,2.1748199651483445e-05,5.6158187597645206e-06,1.8808084726333618,0.00028710839978884906,1.496008082781704e-05,2.2959916591644287,1.783119951141998e-05,5.490802653128271e-06,1.6044955253601074,3.5702900277101435e-05,5.725207532009543e-06,1.1381927728652954,0.000319377099731355,2.445221153766448e-05,0.46393632888793945,4.842649977945257e-05,9.924558769255195e-06,-0.8034363985061646
2,256,42,cuda,5.546380089072045e-05,6.722247930935659e-06,0.08840889483690262,0.00019310089992359282,2.4792890197584032e-05,3.5557398796081543,0.0002407216998108197,1.5585412704405255e-05,1.147995948791504,0.00017655789997661486,1.6204702554541327e-05,2.971248149871826,5.977019936835859e-05,1.0168219433922377e-05,1.8808084726333618,0.00022906630001671147,9.874567160470307e-06,2.295991897583008,6.12846008152701e-05,1.2410043866661292e-05,1.6044955253601074,8.67875998665113e-05,7.351718115800594e-06,1.1381927728652954,0.0003399724006158067,3.100701032892032e-05,0.46393629908561707,0.00011079579962824937,1.3888933656641276e-05,-0.8034363985061646
2,256,123,cpu,2.526399985072203e-05,7.239727417536585e-06,0.01900646463036537,0.00016061100068327506,1.1226275678859866e-05,3.4773988723754883,0.0002957497999886982,2.9180612761358498e-05,1.1340997219085693,0.0005311515003995737,2.4538626516773524e-05,11.188440322875977,2.2210299721336924e-05,5.6976052710891736e-06,1.8549354076385498,0.00028878670018457343,2.9066649941033317e-05,2.2681996822357178,1.762549982231576e-05,5.612027403475015e-06,1.562684416770935,3.5642199509311465e-05,6.040977026389608e-06,1.1023486852645874,0.000324782100142329,1.850849955428581e-05,0.4668366312980652,4.2170399319729766e-05,6.440221238519821e-06,8.396435737609863
2,256,123,cuda,5.659739981638268e-05,7.053651574671117e-06,0.019006460905075073,0.0002007909002713859,3.1699273579335045e-05,3.4773988723754883,0.0002452779001032468,2.5785421353966388e-05,1.1340997219085693,0.0001746497000567615,1.3835846432347822e-05,11.188394546508789,5.30567005625926e-05,6.545203046992176e-06,1.8549354076385498,0.0002407526997558307,2.3777923703145022e-05,2.2681996822357178,6.0217400096007624e-05,8.64088779126353e-06,1.562684416770935,8.729170003789477e-05,6.326432689549147e-06,1.1023485660552979,0.0003278739997767843,1.973079833957336e-05,0.4668366611003876,0.00011404420001781546,1.4259084162437836e-05,8.396435737609863
2,256,456,cpu,2.4848899192875253e-05,7.198158781410642e-06,0.05432894080877304,0.00015906400039966684,1.5217755949057804e-05,3.414263963699341,0.00030133060026855675,2.6727023916965468e-05,1.1217021942138672,0.0005154397003934719,1.6342293339243145e-05,3.232757091522217,2.1941299928585066e-05,5.693298089741717e-06,1.8253669738769531,0.0002795565000269562,1.8101868602717294e-05,2.2434041500091553,1.7933299750438893e-05,5.455975059214943e-06,1.548555612564087,3.6728799750562756e-05,8.043377995547447e-06,1.0771965980529785,0.00033166240064019803,2.1707075452927856e-05,0.4837835431098938,4.223069918225519e-05,6.501983202749933e-06,5.347667217254639
2,256,456,cuda,5.592109991994221e-05,7.105691539025464e-06,0.05432894825935364,0.00020774060067196842,2.1372596854259746e-05,3.414263963699341,0.0002331409003090812,1.327546622544238e-05,1.1217021942138672,0.00017698260016913993,1.692639172590016e-05,3.232757568359375,5.387779892771505e-05,8.076734509762839e-06,1.8253669738769531,0.0002329655002540676,1.4643802254116177e-05,2.2434043884277344,5.8710200391942635e-05,7.11758791322831e-06,1.548555612564087,8.883580048859585e-05,6.4713923833126445e-06,1.0771965980529785,0.00033202810082002545,1.6148893890011444e-05,0.4837835431098938,0.00010995410011673811,9.773185408208237e-06,5.347667694091797
2,512,42,cpu,2.707939966057893e-05,7.169625903284404e-06,0.013219116255640984,0.00024734329963393975,1.7563327713576136e-05,3.472376585006714,0.0005049859995779115,2.5731671698986056e-05,1.1315042972564697,0.000950781900974107,1.7382204141617107e-05,2.8236124515533447,2.4556399876018985e-05,5.559717918070516e-06,1.8535600900650024,0.0005348075999791035,3.395457794681385e-05,2.2630083560943604,1.8964299306389877e-05,5.372355937949676e-06,1.581371784210205,3.754509925784078e-05,5.989322097302844e-06,1.0835057497024536,0.0005945932996837655,9.432937262585804e-05,0.46881937980651855,4.9766799929784614e-05,9.18775023684202e-06,-3.160994529724121
2,512,42,cuda,5.840240119141527e-05,1.138416761644087e-05,0.013219103217124939,0.0001786466997145908,1.2518430212783368e-05,3.472376585006714,0.00029261279960337563,8.35880852195898e-06,1.1315040588378906,0.00016983480054477695,7.5230619114632055e-06,2.823612689971924,7.14201003574999e-05,1.775323068758366e-05,1.853559970855713,0.00033512539994262625,4.895501343183342e-05,2.2630083560943604,6.305019996943884e-05,9.175750205594005e-06,1.5813720226287842,0.00011837800047942437,7.42078235231794e-05,1.083505630493164,0.0004529851004917873,6.120917734666837e-05,0.46881937980651855,0.00012661530017794577,1.8767970935000387e-05,-3.160994529724121
2,512,123,cpu,2.7126800341648048e-05,6.133541225373084e-06,0.08979692310094833,0.00024573290029366034,1.8860728034803944e-05,3.564401388168335,0.0007300802000827389,0.00019722007896669807,1.1393071413040161,0.0010228611994534732,4.4662306530145485e-05,9.440598487854004,2.4740099979680964e-05,5.618159926226015e-06,1.8727960586547852,0.000534921000507893,1.6927380658523856e-05,2.2786145210266113,2.2474299839814194e-05,6.032088387583111e-06,1.5802046060562134,3.795479933614843e-05,5.710885743922746e-06,1.1204099655151367,0.0005967578999843681,2.6556735699747845e-05,0.462644100189209,4.8443999912706206e-05,7.131308857913374e-06,5.035361289978027
2,512,123,cuda,5.822529965371359e-05,6.861274367437043e-06,0.08979690819978714,0.00018707640083448496,1.2158952140158352e-05,3.564401149749756,0.00028584999963641165,1.255555184643519e-05,1.1393072605133057,0.0001824615006626118,3.8941337074949264e-05,9.440587997436523,5.351460022211541e-05,6.4997145618334825e-06,1.8727960586547852,0.00028981010036659426,1.2767273428192722e-05,2.2786145210266113,6.591439996554982e-05,2.2149600872576543e-05,1.580204725265503,9.245520050171763e-05,7.340115629361535e-06,1.1204099655151367,0.0003812744002061663,1.9104150747864077e-05,0.462644100189209,0.0001145692996942671,1.0452927287604432e-05,5.035360813140869
2,512,456,cpu,2.7722399318008682e-05,7.256263707254677e-06,-0.02617587149143219,0.00023596999963046983,8.458535825043382e-06,3.587984323501587,0.0005061986004875508,2.793409359161306e-05,1.1559995412826538,0.0009661376006988576,3.162019460644716e-05,2.9427032470703125,2.4261500220745803e-05,5.471354831414611e-06,1.8841874599456787,0.000517512800070108,3.0530980624673925e-05,2.3119988441467285,2.0118400425417348e-05,6.090299167434272e-06,1.5994172096252441,3.78829994588159e-05,6.0267545371342126e-06,1.1622567176818848,0.0005621901997074019,3.1740035726662505e-05,0.4773450493812561,4.589490017679054e-05,6.257990069029809e-06,1.0677306652069092
2,512,456,cuda,6.198330011102371e-05,9.58274810528655e-06,-0.026175877079367638,0.00018107529904227705,9.638567731521923e-06,3.587984561920166,0.00028862210056104234,8.443195008411883e-06,1.1559994220733643,0.00017157410075014924,7.286688313437466e-06,2.9427032470703125,5.3207001110422424e-05,6.278614435868875e-06,1.8841874599456787,0.0002873753997846507,7.828712747739787e-06,2.3119990825653076,5.913050008530263e-05,1.0039609532515783e-05,1.5994172096252441,8.651150019431953e-05,6.572491172800346e-06,1.1622567176818848,0.0003825091996986885,1.0416802663238555e-05,0.4773450195789337,0.00010891690035350621,1.1281374699300588e-05,1.0677307844161987
2,1024,42,cpu,3.257979988120496e-05,7.392373824480248e-06,-0.01978651061654091,0.0003967300999647705,1.1238353539898948e-05,3.5295801162719727,0.0009872645001451018,5.533987597211276e-05,1.1417824029922485,0.0018378006996499607,2.1583583505617122e-05,7.892763137817383,2.9487400024663656e-05,5.589240604993988e-06,1.8712823390960693,0.0009909960004733875,3.452513887397071e-05,2.283565044403076,2.0408099953783675e-05,5.3811300992475895e-06,1.5952986478805542,4.171650034550112e-05,5.868669906838452e-06,1.1042685508728027,0.0010361939002905274,2.89018067458282e-05,0.46899157762527466,5.353479900804814e-05,6.249423497640976e-06,-6.485325813293457
2,1024,42,cuda,5.737470019084867e-05,7.187127142466166e-06,-0.019786518067121506,0.00018824159960786346,1.4004081742263198e-05,3.5295803546905518,0.0004002189998573158,1.5127531058982943e-05,1.1417824029922485,0.00016961300025286619,7.66024548568877e-06,7.89271354675293,5.3169500097283164e-05,6.438377281014298e-06,1.8712823390960693,0.0004053873995871982,1.3898474986392366e-05,2.283564805984497,5.828979992656968e-05,7.851550871526322e-06,1.5952987670898438,9.489989970461466e-05,1.9431928772947027e-05,1.1042685508728027,0.0005107288005092414,2.0494664125591835e-05,0.46899154782295227,0.00011896420000994113,1.758876947314444e-05,-6.485325813293457
2,1024,123,cpu,3.2371800261898895e-05,5.846533642896702e-06,0.059186264872550964,0.0004247947996191215,5.3431621977711004e-05,3.629436492919922,0.0010275772994646104,5.491424158667248e-05,1.1548511981964111,0.0018632319010066568,6.95579862561105e-05,5.824698448181152,2.9862999872420916e-05,5.722857352183446e-06,1.894860029220581,0.0010041336001449964,4.5345891415904816e-05,2.3097023963928223,2.1330700110411272e-05,5.820464840633956e-06,1.5946247577667236,4.1805200089584106e-05,5.929481143026604e-06,1.1343960762023926,0.00108009870054957,7.606090075952186e-05,0.47055256366729736,5.262099948595278e-05,6.5822321412664485e-06,-51.8535270690918
2,1024,123,cuda,6.659979953838047e-05,2.636052674629871e-05,0.05918625742197037,0.00018684540045796894,1.2042445051891752e-05,3.629436492919922,0.00040958009885798673,2.0893348709483707e-05,1.1548511981964111,0.00018226670035801363,2.2963506655466683e-05,5.824692726135254,5.3891200150246735e-05,8.184218661481477e-06,1.894860029220581,0.00039641820039832966,9.122295003387871e-06,2.3097023963928223,5.789279966847971e-05,7.888336268594292e-06,1.5946247577667236,8.548719961254392e-05,7.051340122636386e-06,1.1343960762023926,0.0005101564998767572,1.928408001884785e-05,0.47055256366729736,0.00010829860038938933,1.0925342939060007e-05,-51.85353088378906
2,1024,456,cpu,3.779600083362311e-05,9.528820100299598e-06,-0.005582243204116821,0.0004259913999703713,3.3942232312402044e-05,3.6500930786132812,0.0009979510006814963,4.9899634462293444e-05,1.1527653932571411,0.0018229785000585252,2.7258189746325276e-05,6.241888999938965,3.7718100065831096e-05,1.3501142156219062e-05,1.8951066732406616,0.0010461883997777478,4.505382950998993e-05,2.3055310249328613,2.1457800175994635e-05,5.808677068000227e-06,1.6121188402175903,4.2379200385767037e-05,6.752437724730921e-06,1.1649984121322632,0.001021347800269723,2.749672077624132e-05,0.46384960412979126,6.907349998073187e-05,2.514048113168594e-05,-1.2228195667266846
2,1024,456,cuda,5.565780047618318e-05,6.649207509608592e-06,-0.005582243204116821,0.0001951610996911768,9.90341430284533e-06,3.650092840194702,0.00040331100026378406,8.85796687317432e-06,1.1527655124664307,0.00018670739991648587,2.8489698597135887e-05,6.2419633865356445,5.873989975953009e-05,1.0039884272590332e-05,1.8951066732406616,0.0004053431999636814,1.2058876685994666e-05,2.3055310249328613,7.217279999167658e-05,1.762611992117118e-05,1.6121187210083008,8.815709988994059e-05,9.163581538049785e-06,1.1649985313415527,0.0004946917000779649,9.711063156526569e-06,0.46384957432746887,0.00012182419995951932,3.51748343495659e-05,-1.2228195667266846
4,1,42,cpu,2.1395799922174775e-05,9.637563547126315e-06,1.0623371601104736,6.913630022609141e-05,7.570975453868281e-06,15.250575065612793,5.631820022244938e-05,2.1406963322002945e-05,2.0316662788391113,0.00011715609944076277,1.0948122517311992e-05,0.5218333005905151,4.313350000302307e-05,1.9636278630087806e-05,4.811864852905273,8.876619976945221e-05,1.4162937819997173e-05,8.126665115356445,3.5035899782087657e-05,1.107284913396088e-05,2.124584436416626,5.515950033441186e-05,8.292383692852094e-06,2.749673366546631,9.174810038530268e-05,1.1899957160272237e-05,1.1600919961929321,3.874419962812681e-05,6.5928038682959786e-06,-22.577314376831055
4,1,42,cuda,5.9315399994375184e-05,7.423541362909497e-06,1.0623371601104736,0.00025067569986276795,1.1806085733597852e-05,15.250577926635742,0.00024987030010379383,7.371520696128038e-06,2.0316665172576904,0.00021403489954536782,1.4255837295520047e-05,0.5218333005905151,5.554089912038762e-05,7.131185607322275e-06,4.811865329742432,0.0002542456997616682,9.055501737951668e-06,8.126666069030762,6.402630024240352e-05,8.276560126289767e-06,2.124584436416626,9.037610070663504e-05,1.138235613594934e-05,2.7496731281280518,0.000352245700196363,1.3103191825735053e-05,1.1600918769836426,0.00011745339979825075,9.786652176838844e-06,-22.577314376831055
4,1,123,cpu,2.084379921143409e-05,5.913214269807626e-06,1.9652615785598755,7.949689934321214e-05,1.1708109696734811e-05,6.723849773406982,4.609239986166358e-05,7.034388217615959e-06,1.231292724609375,6.42376999167027e-05,7.446431706992313e-06,636.67138671875,1.8921699665952475e-05,5.642744357903195e-06,3.124119520187378,5.310720043780748e-05,1.3385935441644187e-05,4.9251708984375,3.933689986297395e-05,1.775958784842712e-05,1.2401621341705322,3.081779977947008e-05,5.90234225367067e-06,0.8000745177268982,9.033159949467517e-05,1.0969809263108968e-05,0.9922459125518799,4.2551899605314246e-05,1.259879951183337e-05,6.808199405670166
4,1,123,cuda,5.887919978704303e-05,7.371712070819478e-06,1.965261697769165,0.0002462034000927815,1.3064535927569442e-05,6.723849296569824,0.00024972950013761873,7.1042534825853924e-06,1.2312922477722168,0.00022491929994430392,2.7660540541703343e-05,636.67578125,5.5637100740568715e-05,7.2194163211511675e-06,3.124119520187378,0.0002629308000905439,1.7255936812892566e-05,4.925168991088867,6.20062004600186e-05,7.662376645172032e-06,1.2401621341705322,9.602060054021422e-05,1.2936224726294302e-05,0.800074577331543,0.00035310919956828003,1.8421462549927118e-05,0.9922460317611694,0.00012115999998059123,9.001728652259663e-06,6.808199405670166
4,1,456,cpu,2.0762000713148154e-05,6.128784411093623e-06,0.8777511119842529,7.420709989673924e-05,7.718966247485813e-06,14.139303207397461,4.658180005208123e-05,7.008383861048315e-06,1.9321986436843872,6.772739980078767e-05,8.735920807902216e-06,0.4726894497871399,1.8710600488702767e-05,5.564167974924667e-06,4.517829895019531,5.272069975035265e-05,8.574669584181901e-06,7.728794574737549,1.8016000831266864e-05,5.7838367788634635e-06,1.805602788925171,3.0509099815390073e-05,5.74813492768944e-06,2.0113918781280518,9.340209981019143e-05,1.0439910640354278e-05,1.1979975700378418,3.826860011031385e-05,6.830469836144134e-06,3.802412509918213
4,1,456,cuda,5.83026008825982e-05,7.0493478176742074e-06,0.8777511119842529,0.0002704968002944952,2.992540227831875e-05,14.13930606842041,0.0002377454991801642,1.8765095884227093e-05,1.9321988821029663,0.00021779920025437604,2.5573753274330794e-05,0.4726893901824951,5.5166099627967924e-05,7.1062763417186715e-06,4.5178303718566895,0.00023819110028853175,1.6450803239977285e-05,7.728795528411865,6.096870019973721e-05,7.801928079417527e-06,1.805602788925171,9.07872999960091e-05,7.608341296796601e-06,2.0113918781280518,0.0003364073007105617,1.4487138792610346e-05,1.1979975700378418,0.00012368259922368452,1.4612677048267231e-05,3.802412509918213
4,2,42,cpu,2.1761300013167782e-05,6.485666181378964e-06,2.626648426055908,8.270530015579425e-05,7.885115548642143e-06,12.09238338470459,4.9307500012218954e-05,7.119276528089681e-06,1.792789101600647,6.828990008216352e-05,8.274209023544486e-06,1.2378954887390137,1.927960038301535e-05,5.821998768819706e-06,4.3226823806762695,5.312269968271721e-05,9.703677096645287e-06,7.171156883239746,1.8085799820255487e-05,5.534838942670286e-06,1.8724384307861328,3.346100056660362e-05,6.104319008657173e-06,2.134031295776367,9.356690061395057e-05,7.945375601560605e-06,1.1145107746124268,3.955030006181914e-05,6.5753443791416685e-06,-9.966825485229492
4,2,42,cuda,5.8196800091536714e-05,7.443729223252129e-06,2.626648426055908,0.00020238589931977912,9.19905253980969e-06,12.092384338378906,0.0002504666001186706,1.7936859337685092e-05,1.7927892208099365,0.0001841334997152444,1.4693324089639763e-05,1.2378954887390137,5.5360799888148907e-05,6.957000896286321e-06,4.322682857513428,0.00024365369936276692,9.274991215173195e-06,7.171156883239746,6.971229995542672e-05,1.8618386811810688e-05,1.8724384307861328,9.197490035148804e-05,6.909476439849195e-06,2.134031295776367,0.0003612262986280257,2.880761599331397e-05,1.1145107746124268,0.00012307479992159642,1.526765760295243e-05,-9.966825485229492
4,2,123,cpu,2.1436900351545773e-05,6.4918119457416196e-06,0.6579294800758362,8.273709936474915e-05,9.09759946787561e-06,9.003033638000488,4.921469990222249e-05,7.173661514319552e-06,1.639148473739624,6.806240053265355e-05,7.100549388689617e-06,319.53057861328125,1.9305299792904408e-05,6.076452849005626e-06,3.942263126373291,6.121370061009656e-05,2.720518992657544e-05,6.556593894958496,1.7845099500846116e-05,5.509628667449266e-06,1.600193977355957,3.8488699647132305e-05,1.6689762864945268e-05,1.6129192113876343,9.382899916090536e-05,1.0363823246279846e-05,1.0583174228668213,3.91283003409626e-05,7.151192191376049e-06,1.6483896970748901
4,2,123,cuda,5.9336100093787536e-05,6.811118088290229e-06,0.6579294800758362,0.00020080089961993508,1.1551345738182876e-05,9.003035545349121,0.00023954879943630659,4.655037484509735e-06,1.639148473739624,0.0001835208993725246,1.2047314484286613e-05,319.53277587890625,5.595030015683733e-05,6.576327867891833e-06,3.942263126373291,0.00024402189919783268,6.65409510088655e-06,6.556593894958496,6.261389971768949e-05,7.986279741355325e-06,1.600193977355957,9.189359989250078e-05,7.673582839613042e-06,1.6129190921783447,0.0003398007997020613,1.826567831266442e-05,1.0583175420761108,0.0001186846009659348,1.1114134469415275e-05,1.6483896970748901
4,2,456,cpu,2.144370009773411e-05,6.435559903631572e-06,0.8455228805541992,8.202139979403e-05,8.463086446141283e-06,10.998100280761719,5.003559999749996e-05,6.642411994772507e-06,1.7120062112808228,7.322060082515236e-05,1.2377808365365175e-05,0.5323774814605713,1.9273999714641832e-05,5.832865663541962e-06,4.016902446746826,5.285690021992195e-05,7.2343808334407874e-06,6.848024845123291,1.7654399925959297e-05,5.8749867194429155e-06,1.594741702079773,3.361369999765884e-05,6.13038416629117e-06,1.6834672689437866,9.39559999096673e-05,8.2244544102122e-06,1.1912693977355957,3.943680021620821e-05,6.714243823164078e-06,4.390929222106934
4,2,456,cuda,5.848380060342606e-05,7.019559878963881e-06,0.8455228805541992,0.00020134140067966654,9.621492412828254e-06,10.998104095458984,0.0002390093002759386,4.674994539338286e-06,1.7120063304901123,0.00018328369988012126,1.1576940078951757e-05,0.5323773622512817,5.5421199795091526e-05,6.612418761272748e-06,4.016902923583984,0.00024205569970945363,9.429185141542223e-06,6.848025321960449,6.290619930950924e-05,8.167552510373136e-06,1.5947415828704834,9.096289904846344e-05,7.038070416590876e-06,1.683467149734497,0.00034422560056555083,2.1336089569986126e-05,1.1912693977355957,0.00012395620033203158,1.8863344159371963e-05,4.390929222106934
4,4,42,cpu,2.1469199782586657e-05,6.163933767303382e-06,0.9185056686401367,8.645729976706207e-05,1.0344173935105163e-05,11.08632755279541,5.463619963848032e-05,6.976449016125112e-06,1.7194286584854126,7.233790056488942e-05,7.504105288341205e-06,6.438976287841797,1.9488500038278288e-05,5.762382946169507e-06,4.174843788146973,7.218589926196727e-05,3.2883519711833414e-05,6.877715110778809,1.8286500198883006e-05,5.4820968421503015e-06,1.7883434295654297,3.4101100391126236e-05,6.434917540706248e-06,1.9428445100784302,0.00010018800021498464,8.832304476609272e-06,1.094374418258667,4.5775500620948153e-05,9.727233323943869e-06,-1.5158122777938843
4,4,42,cuda,5.927840029471554e-05,7.350845035633552e-06,0.9185056686401367,0.00020929189995513297,1.6564588068107982e-05,11.08632755279541,0.00024357809998036827,9.953407718086783e-06,1.7194287776947021,0.00019015900033991784,1.0564082092457072e-05,6.4389543533325195,5.63452995265834e-05,7.16214017568452e-06,4.174844264984131,0.00024950000079115853,1.1029538338105014e-05,6.877715110778809,6.251140002859757e-05,7.834025367533259e-06,1.7883434295654297,0.00010408000016468578,3.200481194778751e-05,1.9428445100784302,0.0003403951010113815,1.2197329542799038e-05,1.094374418258667,0.00011691110012179706,1.120282865305948e-05,-1.5158123970031738
4,4,123,cpu,2.1746799757238477e-05,6.464467164702906e-06,0.3093329966068268,8.524690056219698e-05,7.900331681468744e-06,9.387585639953613,5.517289973795414e-05,7.124038340352953e-06,1.6718286275863647,7.32208998670103e-05,7.795580645129643e-06,160.288330078125,1.973180005734321e-05,6.356441115673517e-06,3.9869751930236816,5.8107899167225693e-05,7.351378352251069e-06,6.687314033508301,1.7929799651028588e-05,5.923852972515891e-06,1.634047031402588,3.348880018165801e-05,6.280570191206752e-06,1.5167365074157715,0.00010422859922982752,1.0803150687564028e-05,1.1033048629760742,3.9740800275467336e-05,6.819786587302507e-06,0.44392985105514526
4,4,123,cuda,5.897319970245007e-05,7.019927392754617e-06,0.3093329966068268,0.0002089014004013734,1.793654803585801e-05,9.387588500976562,0.00029678880091523754,4.20195343562096e-05,1.6718286275863647,0.00019613439981185364,1.9978259838157366e-05,160.2894287109375,5.6124800903489816e-05,6.885031314207361e-06,3.9869751930236816,0.00024867120046110356,1.0840156756971766e-05,6.687314510345459,6.182689903653227e-05,7.86456351663828e-06,1.634047031402588,9.569090034347027e-05,1.6624217342090562e-05,1.5167365074157715,0.00034794390012393706,1.3038927698997538e-05,1.1033048629760742,0.00012385210029606242,1.5194195825418251e-05,0.44392985105514526
4,4,456,cpu,2.18633002077695e-05,6.403129115088236e-06,0.4760809540748596,8.777410002949181e-05,7.996847242896226e-06,10.831094741821289,5.5743199482094496e-05,7.083851429234193e-06,1.7660861015319824,7.261300052050502e-05,7.909172783152915e-06,0.5971574187278748,1.9573100144043564e-05,5.829908697955366e-06,4.136204242706299,5.9412000337033535e-05,7.385966985149975e-06,7.06434440612793,2.7359100567991845e-05,9.336255495738285e-06,1.6721806526184082,5.488480019266717e-05,1.4664118596090692e-05,1.6179180145263672,0.00010746070038294419,1.1362122840860086e-05,1.1832818984985352,4.1275400144513695e-05,8.07654845130208e-06,15.474947929382324
4,4,456,cuda,6.566090014530346e-05,1.4678862285953402e-05,0.4760809540748596,0.00021354789969336708,1.0254843174177853e-05,10.831099510192871,0.00025414189985895064,1.0013516987183448e-05,1.7660861015319824,0.00019461139927443583,1.2874348864567015e-05,0.59715735912323,6.200330026331357e-05,1.3776680563990566e-05,4.136204719543457,0.0002528618002543226,9.56711617481928e-06,7.06434440612793,6.302129877440165e-05,7.696293109162195e-06,1.6721806526184082,9.23533003515331e-05,6.708841285998528e-06,1.6179181337356567,0.00034279049941687845,9.28283397138342e-06,1.1832818984985352,0.00011835619989142288,7.770520090646075e-06,15.47494888305664
4,8,42,cpu,2.1710299915866926e-05,6.13947267871944e-06,0.19376634061336517,0.00012332059959589968,1.4635065592646362e-05,9.588835716247559,8.180830045603215e-05,3.9942852746015665e-05,1.5697476863861084,9.699640031612944e-05,2.2486990693570936e-05,6.247774600982666,1.970489938685205e-05,6.1432500353175275e-06,3.790083885192871,7.032110006548465e-05,7.218897281648766e-06,6.278991222381592,1.82987998414319e-05,5.665595585024591e-06,1.566847801208496,3.4190799124189655e-05,5.944972789163279e-06,1.4675238132476807,0.00011222190005355515,8.753400218411125e-06,1.111841082572937,4.0432699825032616e-05,6.716541296013856e-06,44.354637145996094
4,8,42,cuda,5.9296999461366794e-05,7.32640580385844e-06,0.19376632571220398,0.0002078609002637677,1.087181927250975e-05,9.588837623596191,0.00024786249996395783,1.4434397067207853e-05,1.569747805595398,0.00019252399979450275,1.3960253932128732e-05,6.247755527496338,5.6168200171669017e-05,7.013872736919846e-06,3.7900843620300293,0.0002510929003619822,1.5436241209741335e-05,6.278991222381592,6.227129997569137e-05,8.267256632515168e-06,1.566847801208496,9.08098001673352e-05,7.261145719699776e-06,1.4675238132476807,0.0003492734002065845,8.90898734186017e-06,1.1118412017822266,0.0001256159994227346,9.062910988750528e-06,44.35463333129883
4,8,123,cpu,2.1767600264865906e-05,6.212045851109731e-06,-0.5442358255386353,9.195929997076746e-05,7.559583022864445e-06,11.08377456665039,6.977189950703177e-05,1.0387843129981155e-05,1.6574748754501343,8.520259980286937e-05,6.887837459415699e-06,80.68963623046875,1.9554100435925648e-05,6.000574208262383e-06,4.077106952667236,7.052280016068835e-05,6.888857990403743e-06,6.629899024963379,1.8208500114269556e-05,4.161486269701575e-06,1.664620280265808,3.393879997020122e-05,6.141050745768289e-06,1.4720615148544312,0.00011264580025454052,8.014629677678112e-06,1.0827232599258423,4.041339961986523e-05,6.946546611798545e-06,-3.897325038909912
4,8,123,cuda,5.9397299992269836e-05,7.3856395230351624e-06,-0.5442357659339905,0.00021189270046306774,1.4486360539538491e-05,11.08377456665039,0.0002495841003110399,8.9317577262801e-06,1.6574749946594238,0.00018880820098274854,1.1564623114345246e-05,80.690185546875,6.185529928188771e-05,1.2495196722894166e-05,4.077106952667236,0.0002459111998177832,8.98693574167155e-06,6.629899978637695,6.234409956960008e-05,7.996298032964855e-06,1.664620280265808,9.11157996597467e-05,7.570650116385475e-06,1.4720615148544312,0.0003410017001442611,7.014187530066089e-06,1.0827233791351318,0.00011642810022749472,1.1082189497030567e-05,-3.897325038909912
4,8,456,cpu,2.1960000231047162e-05,6.403525490313836e-06,0.20296359062194824,9.557849953125696e-05,1.0970792002275347e-05,10.326859474182129,6.691540038445964e-05,7.431009367534577e-06,1.7196515798568726,8.48256990138907e-05,6.871363804296579e-06,0.7060063481330872,2.0174899691483007e-05,6.065683163511642e-06,4.030358791351318,7.167990042944439e-05,7.382485281589762e-06,6.878605842590332,1.9188399528502485e-05,6.038501188698019e-06,1.623009204864502,3.455369951552711e-05,5.996886859177705e-06,1.5148499011993408,0.0001159612995252246,8.227655068789924e-06,1.1719022989273071,4.065899956913199e-05,6.7520485439966295e-06,6.065676689147949
4,8,456,cuda,5.920790063100867e-05,7.347301223782194e-06,0.20296359062194824,0.00020805050116905476,1.7777787603663433e-05,10.326864242553711,0.0002458984999975655,1.0701708467984966e-05,1.719651460647583,0.00019106749969068914,1.6138396170250502e-05,0.7060061693191528,5.6381599642918444e-05,6.6706831291672446e-06,4.030359268188477,0.00024868620057532097,8.095373188663748e-06,6.878605842590332,6.237079978745896e-05,7.890111185462149e-06,1.6230093240737915,9.719719964778051e-05,9.756826234924572e-06,1.5148499011993408,0.0003439640007854905,1.0008288926700966e-05,1.1719022989273071,0.0001169067996670492,9.397926385432383e-06,6.065677165985107
4,16,42,cpu,2.4471699725836514e-05,1.3292833411932139e-05,0.07437141239643097,0.00010541259980527684,7.931477098372176e-06,9.652673721313477,9.522780019324272e-05,1.7428327791260735e-05,1.6355489492416382,0.00012090360069123562,2.7376409477721695e-05,6.406546592712402,1.969880031538196e-05,5.710754962328442e-06,3.911553382873535,9.361459997307975e-05,7.277634432180784e-06,6.542196273803711,1.8429599731462076e-05,5.838134343435029e-06,1.611092448234558,3.4550099735497496e-05,6.052187071307185e-06,1.477857232093811,0.00013609259913209825,8.749808126096022e-06,1.1207700967788696,4.1934099499485455e-05,7.146107159827587e-06,21.346662521362305
4,16,42,cuda,5.8389099649502896e-05,7.45687028341738e-06,0.07437143474817276,0.00021137390103831422,1.539965016947143e-05,9.65267562866211,0.00024678959998709616,8.31521575010019e-06,1.6355490684509277,0.00018555989918240813,1.1872032127924796e-05,6.406519412994385,5.7455199203104713e-05,7.450605488694138e-06,3.911553144454956,0.00025042250053957104,1.4176808524135964e-05,6.542196273803711,6.214599998202174e-05,7.952301438261892e-06,1.611092448234558,9.497459977865219e-05,6.999525591542312e-06,1.4778571128845215,0.00034821360022760926,1.2149927426222685e-05,1.12076997756958,0.00012016849977953825,1.464824586849773e-05,21.346660614013672
4,16,123,cpu,2.1904000095673837e-05,6.0500403581032175e-06,-0.15343308448791504,0.0001049211005010875,8.55729179020238e-06,10.389776229858398,8.978919904620853e-05,7.492451165015056e-06,1.6379507780075073,0.00012455459909688216,1.1993336981798633e-05,40.656532287597656,1.9823199545498936e-05,5.965502558433939e-06,3.9419174194335938,9.376359994348605e-05,7.3581692874381034e-06,6.551802635192871,1.870070045697503e-05,6.1690542882736485e-06,1.6023318767547607,3.535430041665677e-05,6.672609639863845e-06,1.4848010540008545,0.00013737399931414984,8.374956714005772e-06,1.131844162940979,4.045770001539495e-05,6.845074052371049e-06,-3.4289708137512207
4,16,123,cuda,5.890910033485852e-05,7.771401931134655e-06,-0.15343305468559265,0.0002010552998399362,1.1883974992437805e-05,10.389776229858398,0.00024105630000121893,5.695929256384372e-06,1.6379507780075073,0.0001868133997049881,9.473090880696602e-06,40.656803131103516,5.561400030273944e-05,6.915224260908765e-06,3.9419169425964355,0.0002467844995408086,1.2476954017805141e-05,6.551803112030029,6.346170048345811e-05,8.074943970259704e-06,1.6023318767547607,9.544399981677997e-05,9.923019391857982e-06,1.4848010540008545,0.00034618999998201614,1.3605234852312371e-05,1.131844162940979,0.00011652149951260071,1.1784863862587816e-05,-3.4289708137512207
4,16,456,cpu,2.1974600895191542e-05,6.518235094465367e-06,0.08506089448928833,0.00010856099979719147,1.0259327154789075e-05,10.002776145935059,8.998410048661753e-05,7.55165983042921e-06,1.6418836116790771,0.00011800649954238907,1.2700279507312257e-05,1.6649653911590576,2.023209999606479e-05,6.3129223203169206e-06,3.91729736328125,9.432250044483226e-05,7.615033592575982e-06,6.56753396987915,1.918119960464537e-05,5.795082637304416e-06,1.5785102844238281,3.500400016491767e-05,6.265706994164256e-06,1.4868459701538086,0.000136920399745577,9.328332003477986e-06,1.1385740041732788,4.0665300184627994e-05,7.263718711855345e-06,-1.611382246017456
4,16,456,cuda,5.939309921814129e-05,7.3703878595569e-06,0.0850609615445137,0.0002014126002904959,1.2424326256566024e-05,10.002779006958008,0.00024380379982176238,7.862000990947469e-06,1.641883373260498,0.00019524939998518675,2.046978320199711e-05,1.6649653911590576,5.573850103246514e-05,6.9209873347473095e-06,3.917297601699829,0.00024990929960040377,1.8893662088601663e-05,6.56753396987915,6.24336000328185e-05,8.21387031167589e-06,1.5785104036331177,9.37967994104838e-05,7.764835771107095e-06,1.4868459701538086,0.00034266979928361253,9.320121110043056e-06,1.1385738849639893,0.00012253860040800646,1.396548826670036e-05,-1.6113827228546143
4,32,42,cpu,2.2371599698089994e-05,6.462666565335607e-06,0.15527454018592834,0.0001273116002266761,8.101430621059404e-06,9.261747360229492,0.0001352202998532448,8.217015844385296e-06,1.6073728799819946,0.00015962489997036755,2.023424249961789e-05,4.571486473083496,1.9508500190568157e-05,5.764480304120674e-06,3.8328869342803955,0.0001395429004332982,7.94131155680746e-06,6.4294915199279785,1.8598200040287338e-05,5.778803543394291e-06,1.5621289014816284,3.649580066849012e-05,8.434174197530896e-06,1.365927815437317,0.00018422790089971385,8.984988121859994e-06,1.1310969591140747,4.615729994839057e-05,1.1825646685330412e-05,7.530608177185059
4,32,42,cuda,5.8579100004862995e-05,7.630949788159943e-06,0.15527455508708954,0.00021183310018386693,8.879225843808562e-06,9.261749267578125,0.00025349570023536216,1.0794419356128206e-05,1.6073729991912842,0.0001883478009403916,1.1496932829660733e-05,4.57147216796875,5.6470499839633706e-05,6.623044602372883e-06,3.8328866958618164,0.0002485085995431291,9.104509662251116e-06,6.429491996765137,6.243450079637113e-05,7.964201199459874e-06,1.5621287822723389,9.160639965557493e-05,7.465009905722315e-06,1.3659279346466064,0.00034826460032491016,1.3479419311455504e-05,1.1310970783233643,0.00011886349966516718,9.071146271902414e-06,7.530608177185059
4,32,123,cpu,2.2785800319979897e-05,6.426262230197221e-06,0.3560527265071869,0.0001268631993298186,7.786080468165164e-06,9.812094688415527,0.0001368776003801031,8.18786710628682e-06,1.6689625978469849,0.0001517527001851704,1.2526069591293553e-05,20.890859603881836,1.987610085052438e-05,5.805759598892789e-06,3.9313430786132812,0.00014643510003224945,1.2973147792337217e-05,6.6758503913879395,1.869829939096235e-05,5.857695692766861e-06,1.5821876525878906,3.496079989417922e-05,6.157191765901349e-06,1.5720282793045044,0.0001876758997241268,1.3656198117589623e-05,1.1614601612091064,4.187300000921823e-05,7.096474024880085e-06,-0.785682201385498
4,32,123,cuda,5.89604998822324e-05,7.7838069874256e-06,0.3560527563095093,0.00020392109981912654,1.2726951310466606e-05,9.812095642089844,0.00025189910011249597,1.3581918379937794e-05,1.6689627170562744,0.00019599270017351956,1.9157907188756794e-05,20.890995025634766,5.647419930028263e-05,7.167377305609575e-06,3.931342840194702,0.00025191750028170646,1.0636677333250884e-05,6.675850868225098,6.249999969440979e-05,7.942294427130286e-06,1.5821874141693115,9.24803996895207e-05,7.243334498662181e-06,1.572028398513794,0.0003459228999417974,1.0348024640154746e-05,1.1614601612091064,0.00011844459950225428,9.531619442037199e-06,-0.7856823205947876
4,32,456,cpu,2.2228999660001138e-05,6.515724814877455e-06,0.26418155431747437,0.0001271321005333448,8.210146591342434e-06,10.180232048034668,0.00013595050040748902,7.920683853292049e-06,1.62158203125,0.0001590059997397475,1.5050612348786506e-05,1.6777098178863525,2.0138500622124413e-05,5.394139496173873e-06,3.8977599143981934,0.0001425875994755188,1.1693543436744943e-05,6.486328601837158,1.90523005585419e-05,5.975052317154423e-06,1.5518581867218018,3.552859961928334e-05,5.971168375747694e-06,1.4500133991241455,0.0001830016997701023,9.219704227845056e-06,1.1327400207519531,4.496580004342832e-05,1.1439744131127756e-05,-4.3137593269348145
4,32,456,cuda,5.9011099801864474e-05,7.518344600226072e-06,0.26418158411979675,0.0002100033005262958,1.1262153073621817e-05,10.180234909057617,0.00024344179983017966,5.5730207983141155e-06,1.6215821504592896,0.00018643280018295627,1.2018788661863906e-05,1.6777098178863525,5.793440104753245e-05,9.232253842942357e-06,3.8977599143981934,0.00024983510047604796,1.196460780981881e-05,6.486328601837158,6.229740029084496e-05,8.085039828948668e-06,1.5518583059310913,9.39522000408033e-05,7.469704875284579e-06,1.450013279914856,0.00035001650066988075,1.1980305247703362e-05,1.1327400207519531,0.00011710599974321668,8.973696378480166e-06,-4.3137593269348145
4,64,42,cpu,2.300329906574916e-05,6.0841435720361065e-06,0.07613395899534225,0.00019686379964696244,5.3487613141457736e-05,9.96043586730957,0.00023431499976140914,1.2464199940435098e-05,1.6678779125213623,0.00022327540027617944,1.4301951128328884e-05,3.019008159637451,2.0419999782461672e-05,5.7578167842510284e-06,3.9539589881896973,0.00024073269960354083,1.1468025026997133e-05,6.671511650085449,1.9195999993826262e-05,5.835425908847913e-06,1.6044955253601074,3.6309399365563874e-05,5.79100067119088e-06,1.498945951461792,0.0002804114996251883,9.629313451824364e-06,1.1463724374771118,4.730169966933317e-05,1.089444741227693e-05,19.994976043701172
4,64,42,cuda,5.883649973839056e-05,7.381684104834664e-06,0.07613395154476166,0.0002137747000233503,1.3916058294759594e-05,9.960437774658203,0.0002469959996233229,9.828696168461257e-06,1.6678780317306519,0.00019099559976893944,1.620317212549109e-05,3.01900053024292,5.80304997129133e-05,9.100754141802023e-06,3.9539589881896973,0.00025659699931566136,1.4262256678514564e-05,6.671512126922607,6.254190084291622e-05,7.532820887296877e-06,1.6044955253601074,9.475309998379089e-05,8.078850204778158e-06,1.498945951461792,0.0003477246005786583,8.941363553539938e-06,1.1463723182678223,0.00012105219939257949,1.1416384715643659e-05,19.994976043701172
4,64,123,cpu,2.309849951416254e-05,6.2652562052743695e-06,0.21914012730121613,0.00017249019947485067,8.362929244706231e-06,9.880390167236328,0.0002334454002266284,1.2345629165061036e-05,1.6416499614715576,0.0002236918000562582,1.4443856512204058e-05,11.756629943847656,2.0407099873409608e-05,5.897736149620845e-06,3.898996591567993,0.0002379950001341058,1.1887213149626862e-05,6.566600799560547,1.947090022440534e-05,6.026606432869728e-06,1.562684416770935,3.6567999995895664e-05,5.9397419497775835e-06,1.5261772871017456,0.0002835563995176926,9.720292553896956e-06,1.150091290473938,4.762199969263747e-05,1.1341178119894907e-05,0.9222991466522217
4,64,123,cuda,5.9106299522682094e-05,7.444145270850216e-06,0.21914014220237732,0.00021293370009516365,1.431286340812909e-05,9.880390167236328,0.000246445899392711,7.988827222767884e-06,1.6416500806808472,0.00018891659965447616,1.0676723269671325e-05,11.756704330444336,5.5176399837364445e-05,7.194337672682707e-06,3.898996591567993,0.00025283369977842086,8.24517723851116e-06,6.566600322723389,6.339700048556552e-05,7.267497448327159e-06,1.562684416770935,9.315010029240512e-05,6.923691724826909e-06,1.526177167892456,0.0003540851001162082,2.058051762708758e-05,1.1500914096832275,0.00011693709930113983,9.635032984098917e-06,0.9222991466522217
4,64,456,cpu,2.3058200531522745e-05,6.009066498915564e-06,0.29473766684532166,0.0001720655996905407,8.521032639441345e-06,9.950920104980469,0.00023194979985419195,1.2003016352899034e-05,1.61162269115448,0.000225541499821702,1.8539576870037104e-05,1.535765290260315,2.081239981635008e-05,5.457178101046721e-06,3.8519840240478516,0.000245986600566539,1.5170301797198647e-05,6.446491241455078,1.919719943543896e-05,5.874965995111794e-06,1.548555612564087,3.631919935287442e-05,6.129789681502563e-06,1.401033878326416,0.000279235299967695,9.377084668285917e-06,1.1381852626800537,4.7411199193447826e-05,1.1281014848773923e-05,1.6852651834487915
4,64,456,cuda,5.907109953113831e-05,7.312044914648756e-06,0.29473769664764404,0.00021022180008003488,1.3699403018563917e-05,9.950921058654785,0.00024783019980532115,1.1256883118849406e-05,1.61162269115448,0.00018890579958679153,1.1085199582600693e-05,1.5357656478881836,5.8906900449073873e-05,1.4338250154712253e-05,3.8519840240478516,0.0002558902997407131,1.2066915437646104e-05,6.44649076461792,6.155550036055502e-05,7.747381611971573e-06,1.548555612564087,9.473019963479601e-05,7.504050570897106e-06,1.401033639907837,0.0003516121996653965,1.5975518832372517e-05,1.1381852626800537,0.00012156829980085604,1.0506432175580783e-05,1.685265064239502
4,128,42,cpu,2.3955400320119224e-05,6.206415117713458e-06,-0.14299088716506958,0.0002643566003825981,1.1575641867295824e-05,9.873601913452148,0.0004206814002827741,1.3086100513748097e-05,1.6386688947677612,0.00036378270051500293,1.0169882492861817e-05,2.3056602478027344,2.1275299877743238e-05,5.4750627774473065e-06,3.8907413482666016,0.00042661249899538233,1.0750860920949836e-05,6.554675579071045,1.9849500313284806e-05,5.959615266679485e-06,1.581371784210205,3.843420054181479e-05,5.947865746417248e-06,1.4716306924819946,0.00047645100057707167,1.2387354544873273e-05,1.151328206062317,4.890529999102e-05,6.936521619328494e-06,21.424470901489258
4,128,42,cuda,6.361490013659932e-05,1.6704139309935916e-05,-0.14299090206623077,0.00020980809931643308,6.99040481165363e-06,9.873603820800781,0.0002832951009622775,1.3472494212920815e-05,1.6386690139770508,0.0001887631995487027,1.574841752958464e-05,2.305657148361206,6.041149972588755e-05,9.770354637797266e-06,3.8907413482666016,0.0002891926997108385,1.4524824215939875e-05,6.554676055908203,6.242820018087514e-05,8.092813158374951e-06,1.5813720226287842,9.353879977425095e-05,7.143778349856043e-06,1.471630573272705,0.00039512269977421967,2.0761009818857373e-05,1.1513283252716064,0.00011636579984042328,9.279024165199778e-06,21.424470901489258
4,128,123,cpu,2.388889988651499e-05,6.7376678632766154e-06,0.08675746619701385,0.0002670618003321579,1.1303657224958661e-05,9.986629486083984,0.0004192408010567306,1.2831693133499527e-05,1.6502214670181274,0.00036103380007261875,1.5755747215874106e-05,6.867288112640381,2.119169948855415e-05,5.477708817102011e-06,3.9322640895843506,0.0004328842991526471,1.7029821173248783e-05,6.60088586807251,2.0328899336163885e-05,6.036269340252458e-06,1.5802046060562134,4.305570000724401e-05,1.3452132937907072e-05,1.5579006671905518,0.0004780231996846851,2.2572814167531767e-05,1.14093017578125,5.274229988572188e-05,1.0959452263969798e-05,0.616318941116333
4,128,123,cuda,5.9602899636956866e-05,7.085874341800338e-06,0.08675748109817505,0.00021939949947409333,1.3357507587761772e-05,9.986631393432617,0.00026421900001878386,7.1170450287890595e-06,1.650221586227417,0.00019187929938198068,1.6654989537488106e-05,6.8673248291015625,5.5003599845804275e-05,7.06398503971232e-06,3.9322640895843506,0.0002660424001078354,7.98387031766142e-06,6.600886344909668,6.362539861584082e-05,8.058126706912155e-06,1.580204725265503,9.828100010054187e-05,1.2646545127925241e-05,1.5579005479812622,0.00036818180014961397,1.542333531643312e-05,1.14093017578125,0.0001166885002021445,1.1674841469109715e-05,0.6163194179534912
4,128,456,cpu,2.4383501659031027e-05,6.827022788653253e-06,-0.02547384798526764,0.00026898729956883474,1.3162422391382996e-05,10.18272876739502,0.00041650259881862437,1.2134330219318291e-05,1.6660232543945312,0.0003671784998005023,1.3100735311906458e-05,1.7973483800888062,2.1258500419207847e-05,5.662566310805018e-06,3.9567720890045166,0.0004319163992477115,2.3471047493904747e-05,6.664092540740967,2.0108699754928238e-05,6.078733032088872e-06,1.5994172096252441,3.867539962811861e-05,6.1025371021252335e-06,1.5298998355865479,0.0004707820000476204,1.3852892777579977e-05,1.1462055444717407,4.83869000163395e-05,7.450259522331656e-06,8.95598316192627
4,128,456,cuda,5.9159999727853575e-05,7.295237716458449e-06,-0.025473840534687042,0.00021468939958140253,1.1029814880552906e-05,10.182729721069336,0.00027357770122762306,1.310460520118325e-05,1.6660231351852417,0.0001908810001623351,1.6885187307731034e-05,1.7973484992980957,5.55180995434057e-05,6.6819802317686685e-06,3.9567723274230957,0.00027129500012961215,1.6323309077664747e-05,6.664092540740967,6.231389961612877e-05,7.880936602001243e-06,1.5994172096252441,9.913879912346602e-05,1.2377324574668e-05,1.5298998355865479,0.00036824320013693066,1.4770644473100096e-05,1.1462055444717407,0.00012158249992353377,8.891546894907899e-06,8.95598316192627
4,256,42,cpu,3.008860039699357e-05,1.0334755943574293e-05,-0.031646743416786194,0.0004577545005304273,2.927309396721685e-05,10.087925910949707,0.0008386546007386642,0.00011704420690511746,1.6532691717147827,0.0006380474998877617,1.844573714862868e-05,2.906813144683838,2.312039978278335e-05,5.726395198069942e-06,3.929793357849121,0.0008097471010842128,1.5576430833562885e-05,6.613076686859131,2.238269953522831e-05,5.819484515266356e-06,1.5952986478805542,4.38560004113242e-05,5.807608180784399e-06,1.5141711235046387,0.0008633417997771176,1.555017440680316e-05,1.1506969928741455,6.107379958848469e-05,1.010096435010624e-05,9.938309669494629
4,256,42,cuda,5.8941599490935914e-05,7.174680933518417e-06,-0.0316467359662056,0.00022043970056984108,1.0698568063458074e-05,10.087926864624023,0.0003645456003141589,1.3940566979378464e-05,1.6532692909240723,0.0001920945000165375,1.751843947554062e-05,2.9067795276641846,5.5679700381006114e-05,6.7016683368629335e-06,3.9297938346862793,0.00036076129945286086,1.2794213093167916e-05,6.613076686859131,6.274719889916014e-05,1.01973716617691e-05,1.5952987670898438,9.461030022066552e-05,6.818223089913873e-06,1.5141708850860596,0.00046127280074870214,8.99804380455647e-06,1.1506969928741455,0.00011661679964163341,9.873175407783376e-06,9.938308715820312
4,256,123,cpu,2.5968999398173765e-05,6.485729563482625e-06,0.13727551698684692,0.00047031129979586695,4.072323054440175e-05,10.175528526306152,0.0007955182998557575,1.55159600722874e-05,1.6624809503555298,0.0006939785005670273,4.801229471934429e-05,4.467718124389648,2.3362100182566792e-05,5.357789318272757e-06,3.966395139694214,0.0007974507007020293,1.3236028051390622e-05,6.649923801422119,2.181980016757734e-05,5.603209422105119e-06,1.5946247577667236,4.372289913590066e-05,5.8996650224166335e-06,1.5801904201507568,0.0008514865996403387,1.5601640550896262e-05,1.1378024816513062,5.765239948232193e-05,6.4152535870877404e-06,-36.314884185791016
4,256,123,cuda,5.926319972786587e-05,7.4397916499279475e-06,0.13727551698684692,0.00021750380074081477,1.2776846814778734e-05,10.175529479980469,0.00034990310014109126,8.515683287725292e-06,1.6624810695648193,0.00019352070012246259,1.3228103683750175e-05,4.467737197875977,5.61113003641367e-05,6.977534011769713e-06,3.966395139694214,0.0003521060993080027,1.3707549245396324e-05,6.649924278259277,6.71462999889627e-05,1.0463138909631618e-05,1.5946247577667236,9.135929976764601e-05,7.3143569714565885e-06,1.5801904201507568,0.00045635560018126854,2.3548502331464896e-05,1.1378023624420166,0.00011673160006466787,1.1106646944455254e-05,-36.31488037109375
4,256,456,cpu,2.580759974080138e-05,6.519268946747184e-06,-0.12488524615764618,0.000449492299958365,1.0742591363593768e-05,10.325135231018066,0.0007977134002430831,1.492124611493703e-05,1.6669609546661377,0.000653720400077873,2.2437407074852504e-05,1.9276690483093262,2.3478599905502052e-05,5.315033297067325e-06,3.97029972076416,0.0007959012003993848,1.0964545168771892e-05,6.667844295501709,2.2383699251804502e-05,5.983738987060938e-06,1.6121188402175903,4.399330100568477e-05,6.191052341949469e-06,1.5913256406784058,0.0008495195008435986,1.996672814561314e-05,1.1421010494232178,5.907689956075046e-05,7.220534286608238e-06,6.892454624176025
4,256,456,cuda,5.886469916731585e-05,7.501520420768935e-06,-0.12488526105880737,0.00021162259981792885,1.3346490711015608e-05,10.3251371383667,0.000349736299176584,9.812139146641192e-06,1.6669611930847168,0.00018745789966487792,9.071013438981273e-06,1.9276713132858276,5.628359976981301e-05,6.886522366707372e-06,3.97029972076416,0.0003538495999237057,1.2426261004343466e-05,6.667844295501709,6.391319984686561e-05,8.24145962532555e-06,1.6121187210083008,0.000103309499900206,1.317745127239833e-05,1.5913255214691162,0.00045197269901109394,1.6032926922993535e-05,1.1421010494232178,0.00012707640089502093,1.2352486935142025e-05,6.892455101013184
4,512,42,cpu,2.8725399533868768e-05,6.034015508631894e-06,0.014394685626029968,0.0008211322008719435,1.5113412457541458e-05,10.137901306152344,0.0015626933000021381,2.506673752011658e-05,1.6566494703292847,0.001246178000292275,2.675110478298013e-05,2.811849355697632,2.683300044736825e-05,5.735392630979786e-06,3.942659616470337,0.0015585820998239796,1.9510577939826907e-05,6.6265974044799805,2.5596999694244005e-05,5.504780353155942e-06,1.6033391952514648,6.610799973714166e-05,5.471445025797208e-06,1.5490583181381226,0.0016256337003142107,1.9198197140665895e-05,1.1472300291061401,7.345710073423107e-05,6.889530882893001e-06,18.13170051574707
4,512,42,cuda,5.903369929001201e-05,7.03185319133976e-06,0.014394689351320267,0.0002143932000763016,1.1672249406902343e-05,10.137903213500977,0.0005132882994075772,1.0654253313172687e-05,1.6566494703292847,0.00019107279949821533,1.6411902716869808e-05,2.811835289001465,5.62261000595754e-05,6.803521263816084e-06,3.942659378051758,0.0005197196998778964,1.4730291144209127e-05,6.626597881317139,6.1558199377032e-05,8.766535574371678e-06,1.6033390760421753,9.628039915696718e-05,8.184921063952015e-06,1.549058198928833,0.0006193029999849387,2.1644102708747575e-05,1.1472301483154297,0.00012449590030882973,1.3304596425556843e-05,18.131698608398438
4,512,123,cpu,2.8787400151486508e-05,6.206020989038649e-06,0.07186673581600189,0.0008082058000582037,1.1562131310417677e-05,10.141029357910156,0.001439694100918132,2.229723445724551e-05,1.6544721126556396,0.0012511389002611395,2.4797291996622533e-05,3.8122758865356445,2.711080014705658e-05,5.614072591771545e-06,3.956432819366455,0.0015515504997893003,2.2490375193208255e-05,6.617888927459717,2.5183099933201446e-05,5.629832127811632e-06,1.5944923162460327,5.485889996634796e-05,6.143755071359647e-06,1.5509891510009766,0.0016125031001138269,1.9801482964610415e-05,1.1350241899490356,7.775019948894624e-05,1.0244331480953662e-05,-20.364038467407227
4,512,123,cuda,5.831520065839868e-05,7.504600019214138e-06,0.07186675071716309,0.00022199769991857466,1.5243548828181348e-05,10.141029357910156,0.000514456500968663,1.044944200966955e-05,1.6544723510742188,0.00018734229997789952,8.908044801527853e-06,3.8123607635498047,5.6973200116772205e-05,7.744242470937231e-06,3.956432819366455,0.00051168090030842,8.481438723853242e-06,6.617889404296875,6.162360004964284e-05,8.387178199888154e-06,1.5944921970367432,9.284470033890102e-05,7.44618673918364e-06,1.550989031791687,0.000615797800492146,1.5921114393995963e-05,1.1350241899490356,0.00011604420069488697,7.423707468786437e-06,-20.364038467407227
4,512,456,cpu,2.859759952116292e-05,6.4398621626560725e-06,-0.018065612763166428,0.0008088517999567558,1.16781730670292e-05,10.292278289794922,0.0014503274000162492,2.980967165302658e-05,1.67052161693573,0.0012381278997054324,2.1269969775206732e-05,1.990523099899292,2.8995199681958183e-05,8.645030860204733e-06,3.980151891708374,0.0015731866991700373,2.028339843515149e-05,6.682085990905762,2.5154699324048123e-05,5.893536062204942e-06,1.6119134426116943,5.3536899940809235e-05,6.0223335183510864e-06,1.579540491104126,0.0016149250997841591,2.6963790891319354e-05,1.141821265220642,7.455009981640614e-05,6.68355346221882e-06,6.032062530517578
4,512,456,cuda,5.833590003021527e-05,7.701338877183875e-06,-0.018065623939037323,0.0002179264003643766,9.969612083148333e-06,10.292280197143555,0.0005174625999643468,1.1395253031362956e-05,1.6705217361450195,0.00019029710019822233,1.5883851835379253e-05,1.9905235767364502,5.6477199541404845e-05,7.043333089936511e-06,3.980151891708374,0.0005189295006857719,8.562342482708145e-06,6.682086944580078,6.186490099935327e-05,8.613497454471743e-06,1.6119134426116943,9.361270058434456e-05,9.176644313193263e-06,1.579540491104126,0.0006192311007907847,2.067793546082444e-05,1.1418213844299316,0.00012271100022189784,1.5078732742868138e-05,6.0320634841918945
4,1024,42,cpu,3.510579917929135e-05,5.909591418925305e-06,0.09278992563486099,0.0015574985001876485,1.777104331583859e-05,10.205828666687012,0.002864652500284137,0.0001625778490468831,1.6589338779449463,0.002411710299202241,4.539547413962879e-05,3.2567076683044434,3.384199953870848e-05,5.599261580198243e-06,3.9559543132781982,0.00302412339951843,4.955540820314253e-05,6.635735034942627,3.2526799986953844e-05,5.629875256879956e-06,1.606209635734558,7.150659948820248e-05,6.006322799845951e-06,1.5493648052215576,0.003188382699227077,3.025764164345916e-05,1.1435418128967285,0.00010683989967219532,6.701930519626237e-06,41.29993438720703
4,1024,42,cuda,5.8517499564914036e-05,7.345941914722391e-06,0.09278993308544159,0.00023254950065165758,1.2754491633023077e-05,10.205829620361328,0.0007985992007888854,9.716029548312959e-06,1.6589337587356567,0.00018354439998802263,2.0105199015760768e-05,3.256927490234375,5.428130061773118e-05,6.122840779348818e-06,3.9559545516967773,0.0008068875005847076,1.71631417884888e-05,6.635735034942627,5.7087700042757206e-05,6.760424522337712e-06,1.6062095165252686,8.908800009521656e-05,1.1605264638859856e-05,1.5493648052215576,0.0009007625998492585,1.4610931943455077e-05,1.1435418128967285,0.00012422739928297233,2.249331496285142e-05,41.2999382019043
4,1024,123,cpu,3.308829982415773e-05,5.846078498266858e-06,0.08226320892572403,0.0015502427006140352,1.460382714251345e-05,10.138023376464844,0.002738450200558873,5.2673515695277275e-05,1.651141881942749,0.002448296699367347,9.606526912673892e-05,3.1739258766174316,3.356450033606961e-05,5.324153944897224e-06,3.9476776123046875,0.002996082000026945,4.5461210446040664e-05,6.604567527770996,3.5277400093036705e-05,9.805352596292851e-06,1.5937614440917969,7.115059961506631e-05,5.942618637617479e-06,1.5476073026657104,0.00317669069954718,4.349623815013948e-05,1.13564932346344,0.00011067899977206253,1.034034842349276e-05,-12.633532524108887
4,1024,123,cuda,5.902980010432657e-05,6.9827417865663904e-06,0.08226319402456284,0.0002374679999775253,1.2268784333077668e-05,10.138025283813477,0.0008104225998977199,3.050790809107169e-05,1.651141881942749,0.00017363419974572025,7.70687322298133e-06,3.17396879196167,5.874139860679861e-05,7.442155111498199e-06,3.9476773738861084,0.0007975267995789182,1.5329439025583857e-05,6.604567527770996,5.655000095430296e-05,6.714608651243525e-06,1.5937613248825073,8.72192995302612e-05,7.231803957366364e-06,1.5476073026657104,0.000894147900180542,1.4211923025065323e-05,1.13564932346344,0.00010899459994107019,6.929182692805082e-06,-12.633532524108887
4,1024,456,cpu,3.294970010756515e-05,5.597095576921243e-06,0.01983904466032982,0.0015583583997795358,2.442825057927162e-05,10.06489086151123,0.002878501000304823,0.00013636842149846522,1.6389127969741821,0.002463179500773549,8.43522680498386e-05,2.51192569732666,3.4186400080216116e-05,7.196709326163832e-06,3.9180686473846436,0.0029981235002196627,3.916175470208215e-05,6.5556511878967285,3.211939983884804e-05,5.809580274145386e-06,1.587311863899231,9.251910014427268e-05,6.032820481362282e-06,1.5371179580688477,0.003170408100413624,2.162530983245296e-05,1.1365413665771484,0.00010707280052884016,6.498198325272404e-06,3.5501768589019775
4,1024,456,cuda,5.8982200062018816e-05,7.457292524227073e-06,0.01983904093503952,0.00024130169913405553,1.5943665861619592e-05,10.064891815185547,0.0007999401001143269,1.1241694683296023e-05,1.6389127969741821,0.0001811401994928019,1.571562201763059e-05,2.5118978023529053,5.720380031561945e-05,9.166146073629873e-06,3.9180688858032227,0.0007944862994918367,7.718918402626097e-06,6.55565071105957,5.701690024579875e-05,6.621521352547948e-06,1.587311863899231,9.522769978502766e-05,1.4458874103558679e-05,1.5371179580688477,0.0009021045996632892,2.5925795316950152e-05,1.1365413665771484,0.00010907300020335242,9.305513618810492e-06,3.550177812576294
8,1,42,cpu,2.116940049745608e-05,6.755520687700761e-06,7.424185752868652,8.700229955138639e-05,8.090341460742277e-06,28.91248893737793,5.040779979026411e-05,7.3197394640505285e-06,2.4154279232025146,8.362479966308455e-05,3.7235278664114914e-05,4.137474060058594,1.8901800285675562e-05,7.075117774060916e-06,8.397525787353516,5.244309977570083e-05,7.202769447709868e-06,19.323423385620117,1.7833899983088485e-05,5.684843272244957e-06,1.7883434295654297,3.84121998649789e-05,8.654911957525831e-06,2.5364513397216797,9.248749956896063e-05,8.02384846167176e-06,1.7808893918991089,3.786669949477073e-05,6.5586409716293555e-06,244.91859436035156
8,1,42,cuda,5.726539966417476e-05,7.215887200666966e-06,7.424185752868652,0.000253241199607146,8.747988219942027e-06,28.912492752075195,0.0002878306000638986,8.080222140295385e-06,2.415426731109619,0.000208167699383921,8.5188971144352e-06,4.137470245361328,5.5341999905067495e-05,9.334295823921666e-06,8.397525787353516,0.00029517170041799546,1.1529625676010092e-05,19.323413848876953,6.049969961168245e-05,7.299987438167132e-06,1.7883434295654297,8.939359977375717e-05,6.456799152857984e-06,2.5364513397216797,0.0003923583008145215,1.0671991168252643e-05,1.7808895111083984,0.00011608339991653338,8.904454979192018e-06,244.91859436035156
8,1,123,cpu,2.369410030951258e-05,1.1574385261247185e-05,-1.3715755939483643,8.757060022617225e-05,7.607573025447027e-06,21.049144744873047,5.094870030006859e-05,7.131026857423658e-06,2.501647472381592,6.698090001009405e-05,7.410694466981508e-06,0.40243786573410034,1.861180062405765e-05,5.2788864786041825e-06,8.068897247314453,5.286380037432537e-05,7.195530669282871e-06,20.013179779052734,1.8962699323310515e-05,5.73975303399543e-06,1.634047031402588,3.5824899896397255e-05,6.0642147920948946e-06,2.284444570541382,9.426659999007825e-05,8.613663448513572e-06,1.8967403173446655,3.780049955821596e-05,6.8391184286036726e-06,-8.583847045898438
8,1,123,cuda,5.731939963879995e-05,7.706705897910626e-06,-1.3715755939483643,0.00029677739985345397,9.348509626945777e-05,21.04913902282715,0.0002912256000854541,1.7043100153154185e-05,2.50164794921875,0.00020783299987670034,8.703027045741089e-06,0.4024377465248108,5.412329956016038e-05,6.999703197236676e-06,8.068897247314453,0.0002908086993556935,8.619575619150276e-06,20.01318359375,6.100709942984395e-05,7.469620763176152e-06,1.634047031402588,8.981120008684229e-05,6.850282451436063e-06,2.284444570541382,0.0004092702001798898,5.5447107136292594e-05,1.896740436553955,0.00011639359981927556,1.0490393308663247e-05,-8.583847045898438
8,1,456,cpu,2.0157100516371428e-05,5.871128470892826e-06,1.6186579465866089,8.714569958101492e-05,8.719002121995058e-06,28.597890853881836,5.1018100930377844e-05,7.018422270107868e-06,2.4808881282806396,6.530440077767707e-05,7.23231775745213e-06,0.29171672463417053,1.923280069604516e-05,5.303862591773742e-06,8.309494018554688,5.321589997038245e-05,7.455782227995678e-06,19.847105026245117,1.8332299805479125e-05,5.668825076444707e-06,1.6721806526184082,3.532789996825158e-05,5.9970545464756495e-06,2.525892496109009,9.438370070711244e-05,8.250911553477616e-06,1.8645496368408203,3.8677600241499024e-05,7.113852289345366e-06,14.297405242919922
8,1,456,cuda,5.7810200814856216e-05,7.088266335123788e-06,1.6186579465866089,0.00025747960025910286,1.0464759789222496e-05,28.59789276123047,0.00029383820001385177,1.140780969629729e-05,2.4808883666992188,0.00021205029988777824,1.3126339160035722e-05,0.29171672463417053,5.358410016924609e-05,6.3082684866202065e-06,8.309494018554688,0.00029871129954699426,1.3771497402397949e-05,19.84710693359375,6.422779988497495e-05,8.646975195538595e-06,1.6721806526184082,8.991659924504348e-05,6.5688085408655e-06,2.5258922576904297,0.00039472180069424214,1.3577202170484376e-05,1.8645493984222412,0.00011527019996719901,8.672373008508202e-06,14.297405242919922
8,2,42,cpu,2.1405799270723946e-05,6.17094073072305e-06,5.2962965965271,0.00010170050045417156,7.831101458565592e-06,23.133487701416016,5.70573000004515e-05,7.178509667234882e-06,2.240450859069824,7.090760009305086e-05,8.778121525541098e-06,2.234679698944092,1.9032299678656273e-05,6.303418031209521e-06,7.655488014221191,6.057550053810701e-05,7.318052919250369e-06,17.923606872558594,1.846130035119131e-05,5.558731484225409e-06,1.566847801208496,3.786509951169137e-05,5.996888305482512e-06,2.068209409713745,0.00010640180043992586,1.0880946165072444e-05,1.82526433467865,3.9001600453048016e-05,6.614327873035914e-06,114.34929656982422
8,2,42,cuda,5.771490068582352e-05,7.081626374666496e-06,5.2962965965271,0.00023140860030252953,1.3340062740233938e-05,23.133493423461914,0.00028194950027682353,7.444488308175257e-06,2.2404513359069824,0.00018849180087272545,1.4238084629591438e-05,2.234677314758301,5.4648600053042176e-05,6.538602949177703e-06,7.655488014221191,0.00028982889925828205,1.6129338836747178e-05,17.92361068725586,6.291409990808461e-05,9.770103475440223e-06,1.566847801208496,9.16527998924721e-05,6.106881481253265e-06,2.068209648132324,0.00039283919977606274,2.5067585611632706e-05,1.8252642154693604,0.0001153956003690837,8.5444322166208e-06,114.34929656982422
8,2,123,cpu,2.1354200362111443e-05,5.984388566131438e-06,-1.170473337173462,0.0001014087007206399,8.369745468449957e-06,24.851499557495117,5.749919982918072e-05,7.1364994814487635e-06,2.487245559692383,6.96983996022027e-05,7.592914664388012e-06,0.37489455938339233,1.8813499991665594e-05,5.382696995587591e-06,8.228872299194336,6.569430042873137e-05,1.0277562242140555e-05,19.897964477539062,1.881219977803994e-05,5.734505301625796e-06,1.664620280265808,3.784219989029225e-05,5.971837924191016e-06,2.52567720413208,0.00010343849971832242,8.250530851274404e-06,1.868262767791748,4.290010037948378e-05,1.048810520516633e-05,-10.83149242401123
8,2,123,cuda,5.694929968740326e-05,7.0199077328102345e-06,-1.170473337173462,0.00023113769966585097,1.0482397865509589e-05,24.85150718688965,0.0002802508002787363,8.059873318753128e-06,2.487246036529541,0.00018829889995686244,1.2991436968951838e-05,0.37489449977874756,5.4276900118566115e-05,6.428170926457535e-06,8.228872299194336,0.00028401739982655274,1.1013512471326362e-05,19.897968292236328,6.0707000011461786e-05,7.270762866999796e-06,1.664620280265808,9.321139987150673e-05,1.1198027659537584e-05,2.52567720413208,0.0003804736999882152,9.216459309800186e-06,1.8682630062103271,0.00011880460006068461,9.995776092330909e-06,-10.83149242401123
8,2,456,cpu,2.128870037267916e-05,5.995328497088309e-06,2.1897406578063965,0.0001021100008074427,7.833399482502997e-06,23.882184982299805,5.71268996282015e-05,7.160731363939474e-06,2.4689829349517822,6.949469971004874e-05,7.838662702134293e-06,0.30904069542884827,1.8730200463323853e-05,5.512241711330983e-06,8.14026165008545,6.097930017858744e-05,7.3292472637454365e-06,19.75186538696289,1.8322699907002972e-05,5.598385571757929e-06,1.623009204864502,3.83663998945849e-05,6.631603494823074e-06,2.332829236984253,0.00010349389995099046,8.117755154466814e-06,1.8787891864776611,3.93279995478224e-05,6.627279164997553e-06,-0.3328375816345215
8,2,456,cuda,6.040489970473573e-05,1.1213427113428608e-05,2.1897406578063965,0.00022324249912344384,1.0444780820372867e-05,23.882186889648438,0.00028367059894662816,7.486057639429539e-06,2.468982696533203,0.00018846269958885386,6.982049607342058e-06,0.3090406656265259,5.819460056954995e-05,1.0510653945561116e-05,8.14026165008545,0.00029270759914652446,1.2565690033520638e-05,19.751861572265625,6.0323600700940004e-05,7.697500548996474e-06,1.6230093240737915,8.995670104923192e-05,6.476283667396042e-06,2.332829236984253,0.00038388519860745875,1.0999605460272034e-05,1.8787891864776611,0.00011878910008817911,1.3789391458419865e-05,-0.3328375816345215
8,4,42,cpu,2.1713499154429883e-05,6.032787610158193e-06,5.164519786834717,0.0001232796010299353,7.575205923153543e-06,23.517593383789062,7.079149909259286e-05,7.378530956294504e-06,2.332996368408203,7.959649919939694e-05,7.641903360959149e-06,1.28243887424469,1.8813499991665594e-05,5.311907065202552e-06,7.885342121124268,7.502709886466618e-05,7.66154359519686e-06,18.66396713256836,1.9156699636369012e-05,5.649786458784275e-06,1.611092448234558,4.5077400864101945e-05,6.38840584077093e-06,2.256720542907715,0.00011709619939210824,9.242353656607111e-06,1.8418598175048828,3.9086300239432604e-05,6.647538250762437e-06,49.324501037597656
8,4,42,cuda,6.015430008119438e-05,1.0058348201926986e-05,5.164520263671875,0.0002286280992848333,1.052801598982292e-05,23.517601013183594,0.0002877586000977317,5.39897171669618e-06,2.3329968452453613,0.000185718900320353,1.0970479137801847e-05,1.282437801361084,5.732770005124621e-05,1.0732340371573535e-05,7.885342121124268,0.00029314840030565393,1.101644014935471e-05,18.66397476196289,6.104069980210625e-05,7.741348230745849e-06,1.611092448234558,9.12686995434342e-05,6.6006009560302565e-06,2.256720542907715,0.0003831285997875966,9.45779500655547e-06,1.8418598175048828,0.00011633639915089588,8.370484890361837e-06,49.324501037597656
8,4,123,cpu,2.2125199757283552e-05,6.186543337608507e-06,-2.4552736282348633,0.00012401239982864353,8.07369992117715e-06,22.649465560913086,7.229789916891604e-05,7.223298506927358e-06,2.4333109855651855,7.904449958004989e-05,7.857123917034665e-06,0.5350799560546875,1.892220025183633e-05,5.284046583402019e-06,8.021446228027344,7.626310034538619e-05,7.2873370205974375e-06,19.46648597717285,1.899069939099718e-05,5.614048184652984e-06,1.6023318767547607,4.780810013471637e-05,1.2145325939120679e-05,2.431987762451172,0.00011771450008382089,8.642185908173487e-06,1.873881220817566,3.9009501051623374e-05,6.728028933453678e-06,-6.183295726776123
8,4,123,cuda,6.105020001996308e-05,9.085122275758654e-06,-2.4552736282348633,0.00022785200126236306,9.772426623801635e-06,22.64947509765625,0.000291702599497512,9.623668496224459e-06,2.4333109855651855,0.00018511779999244026,1.0867724664912842e-05,0.5350799560546875,5.702820053556934e-05,9.940318127196376e-06,8.021446228027344,0.00029178200020396616,6.4912531278254505e-06,19.466487884521484,6.255389998841566e-05,9.822840848848238e-06,1.6023318767547607,9.044170001288876e-05,6.732545922132177e-06,2.431987762451172,0.0003880640007992042,8.563636098227403e-06,1.8738813400268555,0.0001162916003522696,1.0693460657574402e-05,-6.183295726776123
8,4,456,cpu,2.1510499936994166e-05,6.097964621357446e-06,0.5603334307670593,0.0001267554998776177,7.081914635878941e-06,22.722923278808594,9.116619949054439e-05,3.371212891397317e-05,2.3590753078460693,0.00010387449910922441,7.258980297138085e-05,0.5634415745735168,1.8831501074600963e-05,5.588176762755242e-06,7.897852420806885,7.546270062448457e-05,7.070387314049504e-06,18.872604370117188,1.8320800154469908e-05,5.547434868851225e-06,1.5785102844238281,4.486169964366127e-05,1.1937091979705888e-05,2.1560401916503906,0.00011802279987023212,8.202709413151624e-06,1.8533644676208496,3.9180299791041764e-05,6.516016139870211e-06,-4.567840576171875
8,4,456,cuda,5.748990042775404e-05,7.390815976153038e-06,0.5603334903717041,0.00022873989983054343,8.272054262670449e-06,22.722930908203125,0.0002882398996007396,1.0209168055131346e-05,2.3590753078460693,0.00019043579959543422,1.0233820367392648e-05,0.5634415149688721,5.486080008267891e-05,6.789966451972817e-06,7.897851943969727,0.0002904542005126132,1.1668059610447638e-05,18.872602462768555,6.08638994890498e-05,7.392728747170923e-06,1.5785104036331177,9.241959924111143e-05,6.008354589645062e-06,2.1560401916503906,0.0003828148001048248,1.009337287502391e-05,1.8533645868301392,0.0001166615002148319,8.084453627918156e-06,-4.567840576171875
8,8,42,cpu,2.1863599613425322e-05,5.903096423858432e-06,1.2636969089508057,0.00016456729972560424,8.018710822177794e-06,23.240415573120117,0.00010301769980287645,1.1464289857249343e-05,2.2889187335968018,0.0022102430993982125,0.0007007797155900936,0.9154451489448547,1.9139499636366962e-05,5.453915443886739e-06,7.74013614654541,0.0001029536004352849,7.670460958529023e-06,18.31134796142578,1.850829976319801e-05,5.978589541257474e-06,1.5621289014816284,5.1296200035721994e-05,6.0919215648713444e-06,2.1720046997070312,0.00014906530050211585,1.682197567725341e-05,1.8437820672988892,4.799599955731537e-05,2.163916872160407e-05,27.003774642944336
8,8,42,cuda,5.7086500237346624e-05,7.310171012151572e-06,1.2636973857879639,0.0002317063004738884,9.657126059997592e-06,23.240427017211914,0.00028631120003410617,4.964511813057654e-06,2.288918972015381,0.00018364190000283998,8.163988349109719e-06,0.9154446125030518,5.360979994293302e-05,6.5614095998001e-06,7.74013614654541,0.0002917550998972729,7.2389522301344125e-06,18.311349868774414,6.115169926488307e-05,7.330872762293387e-06,1.5621287822723389,9.045599981618579e-05,6.950739770705229e-06,2.1720046997070312,0.00039909600018290804,3.0142047232367835e-05,1.8437821865081787,0.0001166343005024828,8.345946825593346e-06,27.003774642944336
8,8,123,cpu,2.170229927287437e-05,6.306966068307016e-06,-2.221867799758911,0.0029922973000793716,0.000409064703020227,25.166719436645508,0.0001033732001815224,1.088244674903495e-05,2.3492331504821777,0.0031031372003781144,6.470338362471258e-05,0.6879342794418335,1.9107499610981904e-05,5.549248700401753e-06,7.994145393371582,0.00010644629874150269,1.2272997261995648e-05,18.793865203857422,1.86158995347796e-05,5.7431800051498195e-06,1.5821876525878906,5.167700037418399e-05,6.0031077263260006e-06,2.365821599960327,0.00014966649941925426,1.1384770263033139e-05,1.8292391300201416,3.9676900269114415e-05,6.953645536348299e-06,-0.23843997716903687
8,8,123,cuda,5.7754600857151675e-05,7.042974593593862e-06,-2.221867799758911,0.00023192249973362776,1.8717581518951513e-05,25.166725158691406,0.0002904054996179184,1.2490501327965958e-05,2.3492331504821777,0.00019334999997226986,1.7281163102288317e-05,0.6879347562789917,5.472360098792706e-05,6.624219762419322e-06,7.994145393371582,0.00028852890063717495,5.742569970010482e-06,18.793867111206055,6.439369935833384e-05,1.429222872785698e-05,1.5821874141693115,9.169540062430315e-05,6.668407597761352e-06,2.365821361541748,0.00039550759975099937,1.756941464040322e-05,1.8292391300201416,0.00011750460034818389,7.967771413200413e-06,-0.23844003677368164
8,8,456,cpu,2.1900999854551628e-05,6.1086547354485966e-06,-0.5308963060379028,0.00307528880002792,4.85972123074321e-05,22.182199478149414,0.00010079950006911532,8.123770995628176e-06,2.334662914276123,0.003096404200186953,3.0496804311304893e-05,1.0742461681365967,1.92628001968842e-05,5.624350921840997e-06,7.921660423278809,0.00010358379950048402,7.640571422416437e-06,18.677303314208984,1.8553799964138307e-05,5.758499216356232e-06,1.5518581867218018,5.6246899839607066e-05,1.0723455649638014e-05,2.1108500957489014,0.00014673009973193986,8.58272366508392e-06,1.8238376379013062,3.979459943366237e-05,6.275056529850718e-06,-14.79514217376709
8,8,456,cuda,5.829549991176464e-05,7.723707308525364e-06,-0.5308963060379028,0.00023066790017765016,8.103991678445216e-06,22.182207107543945,0.0002842990001227008,7.023238963344496e-06,2.334662914276123,0.0001912100000481587,1.2407853604659386e-05,1.0742459297180176,5.4829599685035645e-05,6.7474422694971405e-06,7.921660423278809,0.00029012449922447556,9.564002610541103e-06,18.677303314208984,6.066600035410374e-05,7.076038683900693e-06,1.5518583059310913,9.165249939542263e-05,6.608281164267062e-06,2.1108498573303223,0.00038234259955061134,8.549430666934888e-06,1.8238377571105957,0.00011647010032902471,8.299691697615822e-06,-14.795143127441406
8,16,42,cpu,2.1789499078295195e-05,5.762411360886977e-06,0.9199826717376709,0.0037592545006191356,8.308204638725331e-05,24.787290573120117,0.0001586345006217016,8.264264371103343e-06,2.3817367553710938,0.0037912306001089747,4.864786594490226e-05,0.6752208471298218,1.9753899323404767e-05,5.411426658190767e-06,8.013617515563965,0.00016570270054216962,1.1582351467221655e-05,19.05389404296875,1.879179981187917e-05,5.396907739769791e-06,1.6044955253601074,6.926720016053878e-05,6.3465477709786335e-06,2.2669425010681152,0.0002133447997039184,1.74008876060151e-05,1.8485139608383179,4.021149943582714e-05,6.575676303534403e-06,39.55073928833008
8,16,42,cuda,5.7875400671036914e-05,7.081474980193825e-06,0.9199828505516052,0.0002305942001839867,1.0632836454895896e-05,24.787303924560547,0.00028695249966403935,4.632466916355552e-06,2.381737232208252,0.00018503579995012842,1.1119185990805043e-05,0.6752206087112427,5.333530098141637e-05,6.100971330252406e-06,8.013617515563965,0.000290911999400123,5.54045086640677e-06,19.053897857666016,6.131780064606573e-05,7.141887159135759e-06,1.6044955253601074,8.993710034701507e-05,6.754573010405929e-06,2.2669425010681152,0.0003880969001329504,9.274985572803382e-06,1.8485140800476074,0.00011775139901146759,9.765203778575462e-06,39.55073928833008
8,16,123,cpu,2.177680034947116e-05,5.7669107109728714e-06,-1.075924277305603,0.0037746365993371,5.0911679744264695e-05,24.311691284179688,0.00016093610029201954,1.324861868381581e-05,2.343003034591675,0.0038199864997295664,6.188544117182734e-05,0.5688886046409607,1.920440045068972e-05,5.504754543045808e-06,7.920340061187744,0.0001662163998844335,1.088530154119969e-05,18.74402618408203,1.9194199558114634e-05,5.809464805358553e-06,1.562684416770935,6.946760040591471e-05,5.9339565093306155e-06,2.252589464187622,0.00020930219980073162,1.1329554978300133e-05,1.8408410549163818,3.9330899744527416e-05,6.704156737613995e-06,8.044137954711914
8,16,123,cuda,5.7346400353708304e-05,7.667790966217338e-06,-1.075924277305603,0.0002301307991729118,1.093919240424269e-05,24.31169891357422,0.0002867431998311076,5.380657886145215e-06,2.343003273010254,0.0001855666003393708,1.1000436548038942e-05,0.5688888430595398,5.355540015443694e-05,6.537715154617653e-06,7.920339584350586,0.0002899082999647362,5.39979255193683e-06,18.74402618408203,6.11526000284357e-05,7.400582796294679e-06,1.562684416770935,9.374579931318295e-05,9.692529357697264e-06,2.252589464187622,0.00039202910047606563,9.68848468812577e-06,1.8408409357070923,0.00011629829969024285,9.414672206680064e-06,8.044137001037598
8,16,456,cpu,2.169309991586488e-05,5.916905588664757e-06,0.2678288519382477,0.003740279399426072,5.509340746000065e-05,22.674423217773438,0.00016096550061774905,1.2183095847807259e-05,2.3197948932647705,0.003939802698732819,0.00044531992843172577,8.80086612701416,1.9479100228636525e-05,5.45397382484885e-06,7.820468902587891,0.00016110659998958,7.957111375340625e-06,18.558361053466797,1.8923099923995322e-05,5.671783638331856e-06,1.548555612564087,6.965990032767878e-05,6.090760489558524e-06,2.12359881401062,0.0002083408002363285,1.1949265164318829e-05,1.8385039567947388,4.117969983781222e-05,6.618699899338803e-06,-5.598974227905273
8,16,456,cuda,6.162450008559973e-05,1.0703719363916736e-05,0.26782888174057007,0.0003320262003398966,4.128187879376362e-05,22.67443084716797,0.00030501469955197537,2.1946878642133805e-05,2.3197948932647705,0.00019212539955333342,1.122099835801273e-05,8.800698280334473,5.636670066451188e-05,6.572033220696244e-06,7.820468902587891,0.0003567694999219384,4.638340288626607e-05,18.558359146118164,6.171889945107977e-05,8.078758999169817e-06,1.548555612564087,9.281489983550272e-05,7.399657849323881e-06,2.123598575592041,0.00039248499961104245,7.22657625512785e-06,1.8385040760040283,0.00012165469925093931,1.3977148651434635e-05,-5.598974227905273
8,32,42,cpu,2.2612500106333756e-05,5.89475362345288e-06,0.06812477111816406,0.0030743827999685893,3.588346254795193e-05,24.532800674438477,0.00028358289964671715,1.627385551161821e-05,2.343362808227539,0.00314465379997273,4.545133846166239e-05,0.6899929046630859,2.0133399448241108e-05,5.530615226815094e-06,7.88289737701416,0.0002847537005436607,1.3283956068739043e-05,18.746902465820312,1.98278998141177e-05,5.682448659988363e-06,1.581371784210205,0.00011015089949069079,1.088331064646638e-05,2.1716504096984863,0.0003319567003927659,1.139876222505294e-05,1.848100185394287,4.109940018679481e-05,6.31905362004777e-06,60.627098083496094
8,32,42,cuda,5.992400001559872e-05,8.352106637450208e-06,0.06812489032745361,0.0002319401999557158,8.350060480870391e-06,24.532814025878906,0.0002885740999772679,5.71301928397001e-06,2.343363046646118,0.00019176430068910122,9.832507061439745e-06,0.6899928450584412,6.020110049576033e-05,1.0087193570542167e-05,7.88289737701416,0.00029473179965862074,7.763847895802808e-06,18.746904373168945,6.197440052346792e-05,7.3528474485162525e-06,1.5813720226287842,9.196399987558835e-05,6.890504806319906e-06,2.1716504096984863,0.00038937849931244275,9.737896973412316e-06,1.848100185394287,0.00011693739979818929,8.331119589784123e-06,60.627098083496094
8,32,123,cpu,2.551949983171653e-05,9.262809023055598e-06,-0.5554986000061035,0.0030652650995762086,4.242383959244461e-05,24.324989318847656,0.0002747696005826583,8.719822487720938e-06,2.367143392562866,0.003171115499935695,7.530247243172629e-05,0.6918237209320068,1.990670025406871e-05,5.606729099586623e-06,7.978218078613281,0.0002801006005029194,9.06481806918532e-06,18.937149047851562,1.971469937416259e-05,5.716302560914705e-06,1.5802046060562134,0.00010611830075504258,6.349298508656879e-06,2.225893259048462,0.0003378184996108757,2.7175062095153018e-05,1.843291997909546,4.095799959031865e-05,6.806338763949484e-06,6.028140544891357
8,32,123,cuda,6.30678994639311e-05,1.5154913858901891e-05,-0.5554986000061035,0.00023151800014602485,7.94366838304801e-06,24.325000762939453,0.0002939227000751998,1.1273367788502621e-05,2.3671436309814453,0.00018852299981517718,1.1497778941010977e-05,0.6918249130249023,5.636570022033993e-05,6.983061204712744e-06,7.978218078613281,0.00029706190071010496,1.209169836675749e-05,18.937149047851562,6.20556005742401e-05,7.142891383109123e-06,1.580204725265503,9.707140052341856e-05,7.009556716666129e-06,2.225893497467041,0.0003986257997894427,1.4045848192801297e-05,1.843291997909546,0.00011720129987224936,1.0347047575259805e-05,6.028139591217041
8,32,456,cpu,2.2305700258584694e-05,6.23845645309016e-06,0.026962876319885254,0.003117405999728362,0.00015326579332295264,24.14531707763672,0.00027358839979569894,1.0638428933939384e-05,2.383455753326416,0.003145422200395842,3.691368389363951e-05,5.673439025878906,2.0938499437761494e-05,5.954252146080429e-06,8.0159330368042,0.0002774333002889762,8.56658256309101e-06,19.067646026611328,1.9865499416482636e-05,5.802678038171349e-06,1.5994172096252441,0.00010547400052018929,6.323529625345809e-06,2.300628423690796,0.0003277764993981691,1.3189968991853667e-05,1.8407139778137207,4.382800034363754e-05,1.027367515305861e-05,22.913232803344727
8,32,456,cuda,5.8092899780604054e-05,7.369926465389514e-06,0.02696290612220764,0.000235108000197215,1.1678469400287934e-05,24.14532470703125,0.0002912034000473795,6.4048967171071955e-06,2.383455753326416,0.00018975510029122232,1.1300303353920766e-05,5.673355579376221,5.4932099737925454e-05,6.697021193590307e-06,8.0159330368042,0.00029685559966310395,9.290455165627237e-06,19.067646026611328,6.221139956323896e-05,7.650350678200382e-06,1.5994172096252441,9.546939982101321e-05,9.033665151452585e-06,2.300628423690796,0.0003941883995139506,1.0698590275922525e-05,1.8407139778137207,0.00012267359998077154,1.1338504015758542e-05,22.91323471069336
8,64,42,cpu,2.6581299607641995e-05,8.263575959473657e-06,0.12724894285202026,0.0030744245003006656,3.268523769802985e-05,24.379154205322266,0.0005193452994717518,2.1771864068457347e-05,2.3498010635375977,0.0031537510996713534,5.1554461461556726e-05,1.0431163311004639,2.046080007858109e-05,5.7605409936820675e-06,7.945009231567383,0.0005578800002695062,0.00012076564777232654,18.79840660095215,2.242619921162259e-05,6.0766063612083355e-06,1.5952986478805542,0.00017729800019878895,6.5189403102898575e-06,2.1809818744659424,0.0005679832996975165,2.1712639531820816e-05,1.8362935781478882,4.52795997262001e-05,9.834944300199613e-06,101.0067138671875
8,64,42,cuda,5.894120040466078e-05,7.394974370004118e-06,0.12724900245666504,0.00023613890080014243,1.2750655590699613e-05,24.379165649414062,0.00029218040035630113,5.588057029792729e-06,2.3498013019561768,0.00019084000050497706,1.298672110665397e-05,1.0431160926818848,5.44874001207063e-05,6.232128272847337e-06,7.945008277893066,0.0002935177995823324,5.6921110401659764e-06,18.798410415649414,6.172520043037366e-05,7.489823230824514e-06,1.5952987670898438,9.443509989068844e-05,1.0697087745887502e-05,2.1809821128845215,0.00039442800043616445,6.4177723312119415e-06,1.8362936973571777,0.00012087139984942041,1.0252729095545584e-05,101.0067138671875
8,64,123,cpu,2.3453399262507445e-05,5.976545650318805e-06,-0.25846219062805176,0.003073260600285721,4.724202702195089e-05,24.860177993774414,0.0005099426991364453,1.8680796556534465e-05,2.375723361968994,0.003169909699863638,5.31729358642756e-05,1.2221739292144775,2.09256999369245e-05,5.376504486328374e-06,8.035543441772461,0.0005122526999912225,1.6559057644015187e-05,19.00579071044922,2.1215199376456438e-05,5.481628229330028e-06,1.5946247577667236,0.00018494129944883752,1.3084572393137283e-05,2.2382473945617676,0.0005767954000475584,1.9960260075356693e-05,1.8369898796081543,4.207779966236558e-05,6.607376799818448e-06,12.721793174743652
8,64,123,cuda,5.823719911859371e-05,7.173515254593269e-06,-0.25846219062805176,0.0002418309002678143,1.0259145682701127e-05,24.860191345214844,0.00029119540013198273,6.454395137646611e-06,2.3757238388061523,0.00018656969878065864,8.411207926576667e-06,1.2221720218658447,5.5169100232888016e-05,6.99458055210972e-06,8.035543441772461,0.00029352669989748394,5.687284902702814e-06,19.00579071044922,6.171659988467582e-05,7.299307140212675e-06,1.5946247577667236,9.121409966610372e-05,6.727890613278424e-06,2.2382473945617676,0.0003951585997128859,8.069679004985584e-06,1.8369898796081543,0.00011871719980263151,1.0349413557408327e-05,12.721793174743652
8,64,456,cpu,2.3285400311578995e-05,5.798981393301825e-06,0.7610243558883667,0.002124208000896033,5.573555274832891e-05,24.96422576904297,0.0005129226003191434,2.797413872674018e-05,2.3835270404815674,0.0028104096996685256,0.0006538245501133132,3.2137343883514404,2.048219939752016e-05,5.821323813373425e-06,8.058857917785645,0.0005135143004736164,1.3366201427073568e-05,19.068218231201172,2.136369948857464e-05,5.462066480016451e-06,1.6121188402175903,0.000180082100268919,1.0044343779646925e-05,2.2570765018463135,0.0005638339000142878,1.340870365936643e-05,1.834486961364746,4.2296500032534824e-05,6.553252220790942e-06,2.1779332160949707
8,64,456,cuda,5.814290088892449e-05,7.4418381603630815e-06,0.7610243558883667,0.00023521410039393232,1.2471496005810661e-05,24.964237213134766,0.00029283480034791864,9.680906182068831e-06,2.3835272789001465,0.00019444080026005396,1.3167473528942782e-05,3.2136924266815186,5.575619979936164e-05,7.017513097320002e-06,8.058858871459961,0.0002990616994793527,1.4814128977274587e-05,19.068220138549805,6.545699980051723e-05,1.1085510209799817e-05,1.6121187210083008,9.089619961741847e-05,6.3909130694995825e-06,2.2570765018463135,0.00040976569944177753,1.8250615750846605e-05,1.8344871997833252,0.00011768790027417708,1.0413134788307658e-05,2.177933931350708
8,128,42,cpu,2.461540025251452e-05,6.0364522357372255e-06,0.2538835406303406,0.0026014570001279937,2.5962952301927514e-05,24.21482276916504,0.0009880995996354614,1.9258092475599363e-05,2.3681740760803223,0.00204485249996651,1.2122289554136009e-05,1.1389408111572266,2.2220100072445347e-05,5.4303952585464354e-06,7.971329689025879,0.000984077299654018,1.4476759635129058e-05,18.945390701293945,2.4699399364180864e-05,5.581715562889141e-06,1.6033391952514648,0.00032649100030539556,1.2686259220238062e-05,2.2009830474853516,0.0010283394993166439,1.3091994741108746e-05,1.8424782752990723,4.494680069910828e-05,6.866711422220381e-06,39.368324279785156
8,128,42,cuda,5.7977500182460064e-05,7.202016150133044e-06,0.2538835108280182,0.0002347888996155234,1.3574179624402874e-05,24.21483612060547,0.000317218099735328,5.307681844443803e-06,2.3681740760803223,0.00018896889996540268,8.02311336052751e-06,1.1389391422271729,5.529769950953778e-05,6.532250048687699e-06,7.971329212188721,0.00031978669976524544,5.2354826765538684e-06,18.945392608642578,6.160459997772705e-05,7.306882317366179e-06,1.6033390760421753,9.106410034291912e-05,7.31475526748925e-06,2.2009828090667725,0.0004266068990546046,2.1391447823146884e-05,1.8424782752990723,0.00012032270060444717,1.0910466568428316e-05,39.368324279785156
8,128,123,cpu,3.285340026195627e-05,1.4573227612774195e-05,-0.27982020378112793,0.0027020100998925043,5.979242536429386e-05,24.660062789916992,0.001053258599131368,8.020883346371715e-05,2.372575044631958,0.002504726900224341,0.00024657578641313694,1.0952166318893433,2.3013000463834034e-05,5.748152105540317e-06,8.006339073181152,0.0009754441001859959,2.3485341863220488e-05,18.980600357055664,2.5117200493696146e-05,5.681940926470393e-06,1.5944923162460327,0.00032595909979136193,1.0362061290912804e-05,2.2410717010498047,0.001036937100434443,2.583173566122098e-05,1.8393399715423584,4.777220019605011e-05,9.487276009863283e-06,17.00510597229004
8,128,123,cuda,5.850460001965985e-05,7.451580969545738e-06,-0.27982020378112793,0.0002462297994497931,1.244396946670953e-05,24.66007423400879,0.00031829280051169916,6.121914126351908e-06,2.372575283050537,0.00019156179987476208,1.3557349287639967e-05,1.0952162742614746,5.528609945031349e-05,6.9888310470721236e-06,8.006339073181152,0.0003227168992452789,1.1173160348125744e-05,18.980602264404297,6.556829976034351e-05,8.437469175871621e-06,1.5944921970367432,9.315109964518342e-05,9.174487783288654e-06,2.2410717010498047,0.0004238056000758661,1.6201796686080923e-05,1.8393399715423584,0.00011734130021068268,1.0619205892751158e-05,17.00510597229004
8,128,456,cpu,2.496370034350548e-05,5.9808226393791845e-06,0.28293687105178833,0.0026221314001304563,3.0211759780822383e-05,24.867956161499023,0.0009685526994871907,1.5001801094612791e-05,2.388049364089966,0.003028584200365003,0.0007120178213556441,3.896829605102539,2.2481600171886385e-05,5.530343560855226e-06,8.058998107910156,0.0009765584996785037,1.374794248708742e-05,19.104394912719727,2.502610004739836e-05,5.504387421473069e-06,1.6119134426116943,0.00032393529982073234,9.397394984298317e-06,2.265913724899292,0.0010460416993737453,4.058449742690134e-05,1.8378630876541138,4.8378299834439534e-05,1.0811909903778556e-05,2.3319928646087646
8,128,456,cuda,5.9368900474510154e-05,7.472018157583347e-06,0.28293687105178833,0.00023994559960556218,1.3234361614975024e-05,24.867965698242188,0.000320223499511485,8.916556294422154e-06,2.3880491256713867,0.00019890930052497425,1.6287455328728008e-05,3.8968124389648438,5.572750051214825e-05,6.627477128235979e-06,8.058998107910156,0.00032217110056080854,1.029141992505599e-05,19.104393005371094,6.679079924651888e-05,1.134446257913726e-05,1.6119134426116943,9.185769995383453e-05,7.323929705286762e-06,2.265913486480713,0.0004254366001987364,1.1332021424588714e-05,1.8378632068634033,0.00011766460047510919,1.1043912546227648e-05,2.3319928646087646
8,256,42,cpu,2.7742400561692193e-05,5.486039883748126e-06,0.15930013358592987,0.00360334189972491,4.6650836073005745e-05,24.36083221435547,0.0018097534997650656,3.17427130666283e-05,2.37809681892395,0.0029637320003530476,0.0006990363498785904,1.197623372077942,2.5403099425602704e-05,5.530825737600046e-06,8.002283096313477,0.0019104181996226544,1.2488001375933836e-05,19.0247745513916,3.1808100902708245e-05,5.348295513354794e-06,1.606209635734558,0.0006136395990324672,1.8624654402751087e-05,2.2308802604675293,0.001975663499615621,2.677926914715209e-05,1.843569040298462,5.1496999003575186e-05,6.091615106184573e-06,14.568166732788086
8,256,42,cuda,5.821350023325067e-05,7.458068826774155e-06,0.15930013358592987,0.00024285410036100074,9.33113350315823e-06,24.360841751098633,0.0004928034999466035,1.5768655626764588e-05,2.37809681892395,0.00019128180065308698,1.5470604756631287e-05,1.1976211071014404,5.575319955823943e-05,6.650621144416409e-06,8.002283096313477,0.0004893028995866189,1.4026689043955061e-05,19.024776458740234,6.176339993544389e-05,8.112405161057757e-06,1.6062095165252686,9.098010050365702e-05,6.540388132592793e-06,2.2308802604675293,0.0005894529003853677,5.395750762575243e-06,1.843569040298462,0.00011738489920389838,7.680608100418372e-06,14.56816577911377
8,256,123,cpu,2.696879964787513e-05,6.008069130311611e-06,-0.380881130695343,0.005131719900236931,5.05826932873759e-05,24.782100677490234,0.001814647200080799,4.369003231928761e-05,2.3683054447174072,0.004008119299760438,0.0005842971163302325,0.9901262521743774,2.5299799744971097e-05,5.405643822521744e-06,7.989857196807861,0.0019051883999054553,2.480355739748407e-05,18.946443557739258,3.168400035065133e-05,5.8289595806452095e-06,1.5937614440917969,0.000611398600085522,1.1667146246283582e-05,2.219271183013916,0.00196367110038409,1.7356442094958533e-05,1.841738224029541,7.249139998748433e-05,2.1826591589245514e-05,14.572881698608398
8,256,123,cuda,5.9334899196983316e-05,6.861476274976882e-06,-0.38088107109069824,0.00024205959962273483,1.1943401210819481e-05,24.782114028930664,0.0004738104995340109,1.0707217092300168e-05,2.3683056831359863,0.00018937780005217063,1.2514320142293606e-05,0.9901270270347595,5.582759949902538e-05,6.651583012713062e-06,7.9898576736450195,0.00047389949941134546,1.2713551822403095e-05,18.946443557739258,6.224669959919993e-05,7.979643651626427e-06,1.5937613248825073,9.763780035427771e-05,1.5883227489762264e-05,2.219271183013916,0.0005800581009680172,2.059693010264551e-05,1.841738224029541,0.00011722279959940352,7.602908220819858e-06,14.572881698608398
8,256,456,cpu,3.0362600955413655e-05,1.0110880826431209e-05,0.06265880167484283,0.00513173000072129,4.5461422755169905e-05,24.211721420288086,0.0018291132986632875,5.424823733529614e-05,2.3541576862335205,0.0035437456997897245,0.00047962455587258885,2.618683338165283,2.5654999626567586e-05,5.214632367978293e-06,7.929318904876709,0.0019190691000403604,1.5592158942504915e-05,18.833261489868164,3.145720074826386e-05,5.453304846217688e-06,1.587311863899231,0.0006129314006102504,1.2614011148810704e-05,2.183467149734497,0.0021020602991484337,0.00025688834785860296,1.842059850692749,7.454149963450618e-05,5.092950224423532e-05,-798.1455078125
8,256,456,cuda,5.793469972559251e-05,6.834695888413292e-06,0.06265875697135925,0.0002461411007971037,1.4265019221290925e-05,24.211732864379883,0.0004873719004535815,1.4657447062898832e-05,2.3541579246520996,0.00018720150001172442,8.095978129551636e-06,2.61867094039917,5.63488996704109e-05,7.093086177509376e-06,7.929318904876709,0.0004850504999922123,1.6505432457931975e-05,18.833263397216797,6.227970043255482e-05,7.667141437779789e-06,1.587311863899231,9.192600082315039e-05,6.655145405952341e-06,2.183466911315918,0.0005825211002957076,1.4286701288659082e-05,1.842059850692749,0.00011320999983581715,2.167909023037906e-05,-798.1455078125
8,512,42,cpu,3.0144999618642034e-05,5.617439837153219e-06,-0.012391246855258942,0.006807690399728017,7.736237514855854e-05,24.39306640625,0.0035752855004830054,6.0716676952885755e-05,2.376457691192627,0.0033787605996622007,4.227077506968859e-05,1.214120864868164,3.145499977108557e-05,5.173499629976396e-06,8.00436019897461,0.0037622319989168316,1.4854385954382862e-05,19.011661529541016,5.3934799871058205e-05,6.444832162942864e-06,1.6038644313812256,0.001203067098686006,2.0464589943181572e-05,2.2220728397369385,0.006619456700354931,0.0005423521543292373,1.8421814441680908,5.3580199892167e-05,7.240235741731413e-06,4.895197868347168
8,512,42,cuda,5.8013400121126324e-05,7.122456784402451e-06,-0.01239122822880745,0.0002356358992983587,2.0263070708589522e-05,24.393077850341797,0.000764142899424769,1.531294722406549e-05,2.376458168029785,0.0001730935007799417,7.418008787853914e-06,1.2141145467758179,5.746720089518931e-05,1.5123970752076438e-05,8.004359245300293,0.0007674526998016518,1.561994212673346e-05,19.01166343688965,5.718890024581924e-05,6.41777620912712e-06,1.603864312171936,8.842859970172867e-05,8.200551900171942e-06,2.2220726013183594,0.0008653781995235476,1.5498548639800823e-05,1.8421814441680908,0.00011519100007717498,1.7154279372410573e-05,4.895198822021484
8,512,123,cpu,3.052369938814081e-05,5.357806268993771e-06,-0.2069840431213379,0.005190250599844149,5.614750931794683e-05,24.585161209106445,0.0037440671996591844,2.3221039109259654e-05,2.371554136276245,0.0033562133001396434,7.097091248462828e-05,1.2188163995742798,3.1237400253303346e-05,5.262439810668304e-06,7.982798099517822,0.0037655829994037047,1.8120583382031172e-05,18.972434997558594,5.764699926658068e-05,8.954365324317837e-06,1.5965092182159424,0.001198807600667351,1.8419719563720072e-05,2.216008186340332,0.006606239899701905,0.0005664310957128567,1.844147801399231,5.967910074105021e-05,1.3725410695382213e-05,9.875027656555176
8,512,123,cuda,5.830000009154901e-05,7.516395887748236e-06,-0.2069840282201767,0.0002490545994078275,1.9646862966593355e-05,24.58517074584961,0.0007573445996968076,9.105357101190467e-06,2.371554374694824,0.0001759054997819476,1.0962766188075446e-05,1.218815565109253,5.306489947543014e-05,6.396745701457657e-06,7.982798099517822,0.0007586703999550082,1.2682915229840225e-05,18.972434997558594,6.313529920589644e-05,9.57079549295794e-06,1.5965092182159424,9.084549965336919e-05,1.5083518389148298e-05,2.216007947921753,0.000851749401044799,1.2701009845242418e-05,1.8441479206085205,0.00012203259975649417,2.4268733011729625e-05,9.875025749206543
8,512,456,cpu,3.027439997822512e-05,5.456408285385731e-06,-0.032956283539533615,0.005170953400011058,6.001065049376571e-05,24.352294921875,0.0035855520003678976,5.7816470039269385e-05,2.360271692276001,0.003820487900156877,0.0006911301821778468,2.401068687438965,3.169870069541503e-05,5.329915377791023e-06,7.958970546722412,0.0040033715991739886,0.0006217820548769363,18.882173538208008,5.422219983302057e-05,6.64215572364085e-06,1.5941001176834106,0.001209843600372551,2.8107331484294824e-05,2.1986682415008545,0.006558901399330352,0.000553078953730703,1.8400977849960327,5.385399927035905e-05,7.1037752300090326e-06,-495.138671875
8,512,456,cuda,6.04942993959412e-05,7.3846288613950206e-06,-0.03295630216598511,0.00023991430025489536,2.06754261347793e-05,24.352304458618164,0.0007627507991855964,1.2046166843236505e-05,2.360271692276001,0.00017142019933089614,7.842010264614486e-06,2.4010419845581055,5.2816400784649883e-05,6.824441937922936e-06,7.958970546722412,0.0007642990003660088,1.3327682699566917e-05,18.882173538208008,6.296530045801774e-05,1.0320425732580294e-05,1.5941001176834106,8.75494002684718e-05,6.93011032785389e-06,2.1986680030822754,0.0008598717999120708,1.2716449227285394e-05,1.8400979042053223,0.00011275520046183374,1.7739245088849132e-05,-495.138671875
8,1024,42,cpu,3.830300011031795e-05,5.348082417078522e-06,0.018313858658075333,0.010211470600552275,0.00011421947601756667,24.696796417236328,0.007241489399893908,4.238281421069667e-05,2.3775410652160645,0.018042877500192844,0.002740283381095156,1.79848313331604,0.0031314528998336753,5.281017857500583e-05,8.015835762023926,0.009392669900262263,0.0005642335807967807,19.020328521728516,6.502679934783373e-05,7.761680649214343e-06,1.604736328125,0.002412154999910854,1.0994186914055351e-05,2.2289209365844727,0.007293871500587556,4.3058608177653814e-05,1.8414307832717896,5.897260016354267e-05,7.0805821092387225e-06,5.666200637817383
8,1024,42,cuda,6.839480010967236e-05,1.2908692558087214e-05,0.018313882872462273,0.00028016979995300063,1.1875924575918724e-05,24.696809768676758,0.0012379135998344282,8.684576067876422e-06,2.3775415420532227,0.00018933050087071023,1.584961265152228e-05,1.79841148853302,5.4153400560608135e-05,6.498297954733618e-06,8.015835762023926,0.00123863299995719,7.380109786791939e-06,19.02033233642578,6.592939971596933e-05,4.21786941312177e-06,1.604736328125,8.969609989435412e-05,8.314973818246648e-06,2.2289206981658936,0.0013390988005994586,2.728210507531699e-05,1.8414306640625,0.00011572939911275171,1.1986775589430325e-05,5.666201114654541
8,1024,123,cpu,3.886859994963743e-05,5.54931825673304e-06,-0.06543369591236115,0.012567941499582957,0.003297690847307159,24.789522171020508,0.0072236002004501644,6.459609779788226e-05,2.3682892322540283,0.02691702649972285,0.0008773373036230826,1.3752946853637695,0.005058211999494233,4.316220332388302e-05,7.986660480499268,0.00879415620074724,4.37361578929292e-05,18.94631004333496,9.885470026347321e-05,6.735309288546066e-06,1.5979669094085693,0.002904151899929275,0.0004074921859549446,2.2127115726470947,0.007286974100497901,4.090876891744371e-05,1.8417316675186157,5.771289943368174e-05,6.954531072915641e-06,8.094754219055176
8,1024,123,cuda,6.177180075610522e-05,1.0229050470389234e-05,-0.06543368101119995,0.0002773170002910774,6.952603125559837e-06,24.789531707763672,0.001224984300279175,1.4811092547372175e-05,2.3682892322540283,0.00018728229952102993,1.5264356666580864e-05,1.3752959966659546,5.289220025588293e-05,7.040785167774971e-06,7.986660480499268,0.0012299624006118393,2.042898969763474e-05,18.94631576538086,6.351500051096081e-05,4.372587258043547e-06,1.5979669094085693,8.913969977584202e-05,6.358561779568549e-06,2.2127113342285156,0.001329131800594041,2.648924884983723e-05,1.8417316675186157,0.00010594099985610228,6.353082301366288e-06,8.09475326538086
8,1024,456,cpu,3.740789943549316e-05,5.259556355466203e-06,-0.005192399024963379,0.010056830800022,0.00011200689419652104,24.431367874145508,0.007217001500248443,4.283121362694083e-05,2.360775947570801,0.021209597900815426,0.003179349608782004,1.9459134340286255,0.0031172995000815717,5.807747543113727e-05,7.959850311279297,0.009504076299708685,0.0006650391009743766,18.88620948791504,6.533989981107879e-05,7.877493677064712e-06,1.5953103303909302,0.0024201561998779654,2.4611454693900463e-05,2.1893951892852783,0.007988403900162666,0.0009473283660036623,1.8407739400863647,5.8014400201500395e-05,7.032643187440836e-06,-248.92254638671875
8,1024,456,cuda,6.089140006224625e-05,8.742399905912037e-06,-0.005192413926124573,0.00028389430008246563,9.396994624352399e-06,24.431381225585938,0.00124215469986666,8.776726759244977e-06,2.360776424407959,0.00019064439984504134,1.7332075886210774e-05,1.9459052085876465,5.447870025818702e-05,6.77812635161636e-06,7.959850311279297,0.0012381437005387851,1.3273316208408478e-05,18.886211395263672,6.54912004392827e-05,4.784225873489043e-06,1.5953103303909302,8.687029949214776e-05,6.846771576857571e-06,2.1893951892852783,0.0013282184998388402,1.9332273596783023e-05,1.8407739400863647,0.00011196320010640193,1.3703100908964508e-05,-248.92250061035156
16,1,42,cpu,2.18675999349216e-05,6.6139151057623495e-06,8.162118911743164,0.00011082049932156223,7.620804293663354e-06,54.636077880859375,6.457439994846936e-05,8.158828173445251e-06,3.291841983795166,7.879809963924344e-05,8.818003678763519e-06,0.3341875374317169,1.8617300884216093e-05,5.524489525365324e-06,15.821500778198242,6.69585006107809e-05,7.673571571904648e-06,52.669471740722656,1.8547099534771407e-05,7.4072585437075565e-06,1.611092448234558,3.982919988629874e-05,1.4339895071056031e-05,3.393805503845215,0.00010900200068135746,8.428182046304438e-06,2.516411304473877,3.7835599869140424e-05,6.728786916347285e-06,-16.21999740600586
16,1,42,cuda,6.085620007070247e-05,1.1064722845058379e-05,8.162118911743164,0.00031615879961464086,1.4657378234118232e-05,54.63605880737305,0.0015691085998696507,0.003559475323207154,3.291844367980957,0.00021125960010976997,1.2981151525104433e-05,0.33418723940849304,5.454710008052643e-05,6.713138135004683e-06,15.821500778198242,0.00038888959970790894,9.417048306207297e-06,52.66950988769531,6.205549980222713e-05,7.735875579438024e-06,1.611092448234558,9.1706199964392e-05,6.742931870246768e-06,3.393805503845215,0.0004889725994871696,1.2349383197575801e-05,2.516411542892456,0.00012117740043322555,1.5678675215641413e-05,-16.21999740600586
16,1,123,cpu,2.9935199927422217e-05,2.0077400955611318e-05,-3.033700466156006,0.00011585249922063667,8.358866663511718e-06,58.37519836425781,6.547059965669177e-05,8.137482279474273e-06,3.4460461139678955,7.215259975055233e-05,7.582179891053992e-06,0.21635574102401733,1.8791099500958806e-05,5.457687302682485e-06,16.054218292236328,7.215299992822111e-05,1.2041624188132107e-05,55.13673782348633,1.9806299678748474e-05,5.680655961662637e-06,1.6023318767547607,3.902089883922599e-05,5.828706706638934e-06,3.453113079071045,0.00011256199977651704,1.4505874405771403e-05,2.5838396549224854,3.9102300070226194e-05,8.2970871583344e-06,-12.554717063903809
16,1,123,cuda,5.8316699869465084e-05,7.0044035079641415e-06,-3.033700466156006,0.00030920410026737957,7.684997269699422e-06,58.37519836425781,0.00040400579964625647,3.363380613384174e-05,3.446047782897949,0.00021094109979458153,9.260695797730882e-06,0.21635587513446808,5.589920074271504e-05,7.335991885268826e-06,16.054218292236328,0.00038123590056784453,8.605836501499199e-06,55.13676452636719,6.105139982537366e-05,7.0439977296755345e-06,1.6023318767547607,9.12397004867671e-05,7.136451918131964e-06,3.453112840652466,0.00048490240005776285,1.8251185797935002e-05,2.5838394165039062,0.00012036509906465653,1.2326602854506687e-05,-12.554717063903809
16,1,456,cpu,2.0358000256237574e-05,6.14691330665464e-06,-6.046189308166504,0.00012033629936922808,1.4663306613165501e-05,50.723358154296875,6.50218004011549e-05,7.89982910668369e-06,3.388507604598999,7.295249961316585e-05,8.416063083587055e-06,0.2973889112472534,2.1775300410808995e-05,9.977476276799008e-06,15.806824684143066,6.797059941163753e-05,7.705108789867546e-06,54.216121673583984,1.8268299390911126e-05,5.79964856595453e-06,1.5785102844238281,3.718820007634349e-05,6.155051761177375e-06,2.9948863983154297,0.0001142328001151327,1.2009431848714201e-05,2.5717785358428955,3.806889981206041e-05,6.8544925823495025e-06,-56.8028678894043
16,1,456,cuda,5.773799930466339e-05,7.163303899670257e-06,-6.046189308166504,0.0003085367996391142,1.1771519654119726e-05,50.72334671020508,0.0003818949997366872,1.4615804864605541e-05,3.388510227203369,0.00021565690003626513,1.0573211817181903e-05,0.29738885164260864,5.399650035542436e-05,6.9277096461796746e-06,15.806824684143066,0.00038094719930086284,1.180727999887592e-05,54.216163635253906,6.544830102939159e-05,1.1525864589489394e-05,1.5785104036331177,9.172180034511257e-05,7.248080170628949e-06,2.9948863983154297,0.00048652439982106445,1.864872310810599e-05,2.5717782974243164,0.00011733589926734566,9.916138539306498e-06,-56.8028678894043
16,2,42,cpu,2.134829992428422e-05,6.38117410351036e-06,2.9997642040252686,0.0033930619996681345,0.0008628943087407045,57.50056076049805,8.733700015000068e-05,1.67276303267773e-05,3.21944260597229,0.003994974198940326,0.0006739573379227428,1.0301440954208374,1.8882800577557646e-05,5.410297169597506e-06,15.533637046813965,8.79913004609989e-05,8.440947342312978e-06,51.511077880859375,1.8682199879549444e-05,5.711297562902095e-06,1.5621289014816284,3.9909099723445254e-05,5.920131083108656e-06,3.0935285091400146,0.0001302925003983546,9.671591165488995e-06,2.515565872192383,3.943779956898652e-05,6.635181461327928e-06,2.7705888748168945
16,2,42,cuda,5.803279964311514e-05,7.3533304550392824e-06,2.9997642040252686,0.00025263810057367663,9.501314205929913e-06,57.500579833984375,0.0003733975005161483,6.4249505184563786e-06,3.2194433212280273,0.00020279040072637144,2.2319752334702384e-05,1.0301437377929688,5.531249989871867e-05,6.622644956228184e-06,15.533638000488281,0.00037800399950356224,1.124246759218975e-05,51.51109313964844,6.635010031459387e-05,1.4025229052537905e-05,1.5621287822723389,9.218820086971391e-05,7.19611807502209e-06,3.0935287475585938,0.0004772528998728376,1.3262166621195532e-05,2.515566349029541,0.0001180993000161834,1.0146044225100914e-05,2.7705888748168945
16,2,123,cpu,2.499369984434452e-05,1.1079485644346505e-05,-1.3377102613449097,0.003427064899369725,0.0008522967233451881,58.41413116455078,0.00012104569941584487,2.8256870976574543e-05,3.3695127964019775,0.0043585568997514205,0.0006787788621428754,0.21970029175281525,1.9382400569156744e-05,5.668074087189722e-06,15.99660873413086,9.032420020957944e-05,1.6352889313925017e-05,53.91220474243164,1.8619700858835132e-05,5.684583679340112e-06,1.5821876525878906,4.009749973192811e-05,5.925356062813919e-06,3.2896714210510254,0.00013383110017457512,1.0957924073766625e-05,2.552147388458252,3.960309913964011e-05,6.5835507861771925e-06,91.96443176269531
16,2,123,cuda,5.947950085101183e-05,8.199112345913902e-06,-1.3377101421356201,0.00026338439965911675,3.9171649902176036e-05,58.41419219970703,0.00037602470038109457,1.858841399588777e-05,3.369513988494873,0.00020557679963530972,3.579964868267358e-05,0.2197003960609436,6.672300005448051e-05,1.7189177175824895e-05,15.99660873413086,0.0004021206004836131,4.079501794229627e-05,53.91222381591797,6.214020068000537e-05,8.063768119606685e-06,1.5821874141693115,9.162919996015262e-05,6.349306336611648e-06,3.2896711826324463,0.00047948490064300133,1.2299928960365048e-05,2.552147388458252,0.00011891959948115983,1.0806651889581139e-05,91.96443176269531
16,2,456,cpu,2.1324100089259446e-05,6.224580759822133e-06,-3.573347806930542,0.0033716681002260883,0.0005537468381229247,57.79941940307617,8.852939936332405e-05,1.1964071622569787e-05,3.3625106811523438,0.004065786901264801,0.0004943491441516523,0.2423427850008011,1.9338300262461416e-05,5.466734307899477e-06,15.863480567932129,8.85748002474429e-05,7.636154625715177e-06,53.8001708984375,1.8314499175176025e-05,6.197309315397222e-06,1.5518581867218018,4.286709990992676e-05,9.18912539040607e-06,2.9549953937530518,0.00012993979871680494,9.466432002569982e-06,2.5592174530029297,3.995129955001175e-05,6.71224800599688e-06,-22.034339904785156
16,2,456,cuda,5.798190031782724e-05,7.375105515669761e-06,-3.573348045349121,0.0002576618007879006,1.3896239070902385e-05,57.79951858520508,0.00037435199883475436,6.1689072865885396e-06,3.3625123500823975,0.0001924830001371447,1.3579036245918584e-05,0.2423427551984787,5.640279996441677e-05,6.575072636331402e-06,15.863479614257812,0.0003744049998203991,6.226786791594265e-06,53.80019760131836,6.205260033311787e-05,7.784949279807723e-06,1.5518583059310913,9.53560997004388e-05,8.296955763821073e-06,2.9549951553344727,0.0004747504004626535,7.53532512672956e-06,2.559217691421509,0.00011798369996540714,1.0149697133444493e-05,-22.034339904785156
16,4,42,cpu,2.1273699530865997e-05,6.065392523635048e-06,0.043001338839530945,0.0035421112006588373,0.0008631736348466585,59.104637145996094,0.0001320039005804574,1.6324299592905448e-05,3.344974994659424,0.004084782599966275,0.0003754663867356627,0.7797704339027405,1.9045899898628703e-05,5.519911705310687e-06,16.06266975402832,0.00012832610082114115,8.770329013421045e-06,53.519596099853516,1.89243997738231e-05,5.615869967603628e-06,1.6044955253601074,4.5432200204231775e-05,6.008600916275914e-06,3.2172656059265137,0.00017237370011571329,9.529369771370792e-06,2.5255398750305176,3.9572000241605564e-05,6.561648048256725e-06,4.814663887023926
16,4,42,cuda,6.91827000991907e-05,2.6938097218605828e-05,0.04300129413604736,0.00025262220005970446,1.0733344992700977e-05,59.10467529296875,0.0003765867990296101,9.637071675168135e-06,3.3449771404266357,0.0001964501996553736,8.986383330265264e-06,0.7797709107398987,5.709059987566434e-05,8.28109687607914e-06,16.062671661376953,0.00038206369936233386,1.7405306052889368e-05,53.519630432128906,6.671230039501097e-05,1.2410765253333547e-05,1.6044955253601074,9.37269000132801e-05,7.105110023717538e-06,3.2172651290893555,0.0004826642994885333,1.4413772864992135e-05,2.5255398750305176,0.0001216847995237913,1.3202468645573506e-05,4.814663887023926
16,4,123,cpu,2.157240051019471e-05,6.161602717934528e-06,0.5319695472717285,0.003189936999842757,0.0005258022692208775,57.81278991699219,0.00012772099980793428,1.0467048217662605e-05,3.36165189743042,0.004201424500206485,0.0006887360616522536,0.5113632678985596,1.9249799515819176e-05,5.545248991239379e-06,15.878551483154297,0.00013270180024846923,1.082208822741574e-05,53.78642654418945,1.9083400184172204e-05,5.831962929847503e-06,1.562684416770935,4.549919940473046e-05,5.992492300429775e-06,3.1065492630004883,0.00017729610044625588,1.1952757146238323e-05,2.5556747913360596,3.977950000262353e-05,6.758777372860396e-06,50.315826416015625
16,4,123,cuda,5.7727300372789614e-05,7.53418541982708e-06,0.5319696664810181,0.00024189280011341908,1.1165229814679725e-05,57.812843322753906,0.00037932759914838243,1.4171198368787642e-05,3.3616528511047363,0.00019163370052410755,7.78368182539649e-06,0.5113623738288879,5.8898599672829735e-05,1.421158605937611e-05,15.878552436828613,0.00038102130019979086,1.2600002032996075e-05,53.78644561767578,6.129690009402112e-05,7.86387348077708e-06,1.562684416770935,9.191139979520812e-05,7.108771593818039e-06,3.106549024581909,0.0004790910992596764,1.645718056118102e-05,2.5556747913360596,0.00011689890052366537,1.049444056022594e-05,50.315826416015625
16,4,456,cpu,2.1900199863011947e-05,6.073328252653381e-06,-0.25230228900909424,0.0032323813007678836,5.3513775476701483e-05,58.70811462402344,0.00012763879967678804,1.1233071096074876e-05,3.29300856590271,0.0032307126006344334,2.7902900216594565e-05,0.435481458902359,1.8996699873241595e-05,5.622398540896471e-06,15.69357681274414,0.0001288444003876066,8.618095665343126e-06,52.68813705444336,1.8794900097418576e-05,5.663255540269796e-06,1.548555612564087,4.849770011787769e-05,9.895642783844168e-06,2.961491584777832,0.00017168020058306866,9.301512579817414e-06,2.5430407524108887,3.9651799670537e-05,6.8138486030307635e-06,-17.185184478759766
16,4,456,cuda,5.821779996040277e-05,7.0268859498460845e-06,-0.2523024082183838,0.0002551156994741177,1.2135589555104043e-05,58.70820617675781,0.0003740189997188281,5.8701408336091845e-06,3.2930099964141846,0.00019349659960425923,1.2303887581795917e-05,0.435479998588562,5.5841999346739614e-05,6.786339476159058e-06,15.693575859069824,0.0011163121002027766,0.0022205368957269943,52.68816375732422,6.19779009866761e-05,7.855997665507768e-06,1.548555612564087,9.260499973606784e-05,6.75175761010135e-06,2.961491346359253,0.0013316714008396956,0.002578890384539503,2.5430407524108887,0.00012195650015200954,1.4397036079071244e-05,-17.185184478759766
16,8,42,cpu,2.1873399964533748e-05,5.84629185518985e-06,0.4956281781196594,0.0036083201001019917,0.0008828338772822312,55.59864044189453,0.00020353620093374047,8.188431446710556e-06,3.3067779541015625,0.005089317799502169,0.0003234020258008042,0.825309157371521,2.8543000735226087e-05,1.5056750959879089e-05,15.798896789550781,0.00021395659932750278,1.8629306625332493e-05,52.90843963623047,2.048699971055612e-05,6.075648145646033e-06,1.581371784210205,5.6148400108213534e-05,5.7858626038572405e-06,3.0683934688568115,0.0002692853995540645,2.1412953599178718e-05,2.5303385257720947,4.05604991101427e-05,6.909214379100214e-06,7.495887756347656
16,8,42,cuda,5.873359987162985e-05,7.006808232632181e-06,0.4956282377243042,0.00025048519928532186,8.48152265380366e-06,55.598697662353516,0.00037837699928786603,1.2233786503211594e-05,3.306778907775879,0.00020061340001120698,8.798652966114624e-06,0.8253105878829956,5.581900004472118e-05,6.745365998487348e-06,15.798896789550781,0.0004173905002971878,8.025590212580458e-05,52.90846252441406,6.56950993288774e-05,1.5325420526360174e-05,1.5813720226287842,9.319519958808086e-05,6.5126943612163065e-06,3.0683934688568115,0.0004829674006032292,1.6555675391949707e-05,2.5303385257720947,0.00011726150005415547,1.0689135869027933e-05,7.4958882331848145
16,8,123,cpu,2.5892000849125907e-05,1.0909187194629077e-05,0.4776298999786377,0.0035048899004323174,0.0009726086724420039,55.04253387451172,0.00020757930105901322,8.029055614851424e-06,3.3991873264312744,0.0033072147005441367,2.0440909343132987e-05,0.8821591138839722,1.9601099847932345e-05,5.8429483384870586e-06,15.987678527832031,0.00021035339996160473,9.77094769460095e-06,54.38699722290039,1.979369990294799e-05,6.054637598677877e-06,1.5802046060562134,5.6099200082826425e-05,5.927275921703564e-06,3.1562843322753906,0.0002574874004494632,1.1847821395862479e-05,2.558527946472168,4.0447899664286524e-05,6.938118191506672e-06,21.92273712158203
16,8,123,cuda,5.848660111951176e-05,7.219240424804147e-06,0.4776299297809601,0.00025505690027785024,1.367621858618969e-05,55.0426025390625,0.001613519799502683,0.003633229691691003,3.3991880416870117,0.00020086110016563906,1.1488883964577957e-05,0.8821532726287842,5.5489700389443894e-05,6.673383143485013e-06,15.987678527832031,0.0003802646002441179,1.2748902723153259e-05,54.38701629638672,6.879420034238138e-05,1.387194377600201e-05,1.580204725265503,9.155929983535316e-05,6.56598271251027e-06,3.1562843322753906,0.0004802279003342846,1.3922608811687136e-05,2.558527708053589,0.00014916500040271786,6.58686066892879e-05,21.92273712158203
16,8,456,cpu,2.612489952298347e-05,1.2534043218305874e-05,-0.7033472657203674,0.003714458800459397,0.0004343098062203933,59.785400390625,0.00020654809959523844,8.795166222817021e-06,3.36991286277771,0.0034047945006022927,4.2968474422769014e-05,0.3607613742351532,2.0137600586167537e-05,5.757441159032067e-06,16.09788703918457,0.00021551000063482206,1.7281899036976985e-05,53.918601989746094,1.9846899522235618e-05,5.7486415051335e-06,1.5994172096252441,5.605960031971335e-05,6.048038280130302e-06,3.2031350135803223,0.0002571973000158323,9.216031338037672e-06,2.5393588542938232,4.369839989522006e-05,1.3119263994564462e-05,21.800037384033203
16,8,456,cuda,5.8252300732419826e-05,7.623386337986345e-06,-0.7033473253250122,0.00025804769938986283,9.54312188236753e-06,59.785491943359375,0.0011919035998289474,0.002440901271124675,3.3699145317077637,0.00020132059944444336,1.535195114146155e-05,0.3607606291770935,5.6173499979195184e-05,6.4780341123192795e-06,16.09788703918457,0.00037847390049137173,1.0940147088210261e-05,53.91863250732422,6.525219941977412e-05,1.0466815895659678e-05,1.5994172096252441,9.203650006384123e-05,6.9641385962363e-06,3.2031352519989014,0.0004800321003131103,1.472589777356163e-05,2.5393590927124023,0.00011827340022136923,1.0616861437005692e-05,21.80003547668457
16,16,42,cpu,2.2488899776362815e-05,6.10413602367432e-06,0.02410602569580078,0.003831483400063007,0.0012200808482347174,55.18159484863281,0.00037692940059059766,1.3236137532656575e-05,3.344667911529541,0.003671869300524122,0.00039472722103165884,1.9766563177108765,2.0279499221942387e-05,5.676703183019473e-06,15.928624153137207,0.00037367499971878714,1.6231405908734245e-05,53.51468276977539,2.1490000290214083e-05,5.718452873699206e-06,1.5952986478805542,7.869809996918775e-05,6.340361537396726e-06,3.130854845046997,0.0004209653998259455,1.7263999864785833e-05,2.53680419921875,4.129770022700541e-05,6.712919293761249e-06,-2.5579168796539307
16,16,42,cuda,5.82386004680302e-05,7.179913072711141e-06,0.024106085300445557,0.00025408770015928895,1.3936574662842189e-05,55.181663513183594,0.0003775963996304199,2.0437813707717967e-05,3.3446691036224365,0.00019818069995380938,8.50824333358517e-06,1.9768013954162598,5.880450007680338e-05,1.1832413193190246e-05,15.92862319946289,0.00037675730018236207,8.581761485996736e-06,53.514705657958984,6.19188002019655e-05,8.006463904872898e-06,1.5952987670898438,9.676570043666288e-05,1.2440693445424659e-05,3.130854845046997,0.0004823119001230225,1.68800532245474e-05,2.53680419921875,0.00011756860003515612,1.0847046734336048e-05,-2.5579164028167725
16,16,123,cpu,2.319330014870502e-05,7.494085357174941e-06,1.549049735069275,0.00374770759990497,0.0010117355477260676,55.89018249511719,0.00036808120021305515,1.3503475470201989e-05,3.4026260375976562,0.0032354245009628356,0.00032379479444456474,0.9422566890716553,2.046610024990514e-05,5.62589242984791e-06,16.10700798034668,0.000375360700127203,1.0495221810094877e-05,54.44200897216797,2.162810014851857e-05,5.364549850922292e-06,1.5946247577667236,7.867790045565926e-05,6.349944541844887e-06,3.2669451236724854,0.0004207636993669439,1.2232687396178038e-05,2.5467801094055176,4.117529933864716e-05,6.740742910657508e-06,25.663972854614258
16,16,123,cuda,6.161630008136854e-05,9.013621023362412e-06,1.549049735069275,0.0003066315002797637,0.00010508516969481884,55.89023971557617,0.00045491940036299636,0.00012218351470560753,3.4026265144348145,0.00020483499974943697,2.970398269835799e-05,0.9422531723976135,5.927810016146395e-05,1.0733646958175958e-05,16.107006072998047,0.0003799492998950882,1.0669395449633362e-05,54.4420280456543,6.110070062277373e-05,6.948954433465802e-06,1.5946247577667236,9.499849984422326e-05,1.1837554231098144e-05,3.2669453620910645,0.00047799639905861114,1.345183090681145e-05,2.5467796325683594,0.00011744790026568808,1.0682809336767335e-05,25.663970947265625
16,16,456,cpu,2.281520028191153e-05,5.932539684078227e-06,-0.706994354724884,0.0006598197000130312,5.83508301011913e-05,57.19017028808594,0.0003711496992764296,1.0532674466390565e-05,3.385610342025757,0.0024734563998208615,0.0006875717329141881,0.607096791267395,2.0365500313346273e-05,5.605479314559257e-06,16.166545867919922,0.000378159201136441,1.1078947888141437e-05,54.169769287109375,2.1489899518201126e-05,5.515066134542445e-06,1.6121188402175903,7.750270015094429e-05,6.1655195696244935e-06,3.1988472938537598,0.0004221274997689761,1.3400990037791622e-05,2.5377213954925537,4.1176299419021234e-05,6.636087867703294e-06,9.039690017700195
16,16,456,cuda,5.788990019937046e-05,7.05423135478915e-06,-0.706994354724884,0.00025156370029435495,1.1277693109783425e-05,57.190250396728516,0.0003752261010959046,8.517050156673838e-06,3.3856122493743896,0.00019777360030275303,8.418806064568154e-06,0.6070981621742249,5.619430012302473e-05,6.512022647925094e-06,16.166547775268555,0.0003765346991713159,8.201265877717908e-06,54.169795989990234,6.463869976869319e-05,1.0139555632478003e-05,1.6121187210083008,9.209109994117171e-05,6.39607383826042e-06,3.198847532272339,0.00047591309958079365,8.92243756120587e-06,2.537721633911133,0.00011749289951694664,1.0539112476850377e-05,9.039690017700195
16,32,42,cpu,2.345909961150028e-05,5.844233293690333e-06,-0.10291704535484314,0.0011417393005103804,7.048427749948643e-05,54.679080963134766,0.0006930024992470862,1.401495272534398e-05,3.3508799076080322,0.002669786899787141,0.0006291211944665229,2.445694923400879,2.1618099708575755e-05,5.400533963031599e-06,15.991315841674805,0.000697763199423207,1.025224310894621e-05,53.614078521728516,2.465839970682282e-05,5.594649705319025e-06,1.6033391952514648,0.00011984319971816148,6.023926262732888e-06,3.18239164352417,0.0007469006002793321,1.3786922318342109e-05,2.532674789428711,4.392949958855752e-05,6.734268284230654e-06,10.49483585357666
16,32,42,cuda,5.87760005146265e-05,6.949011326508451e-06,-0.10291700065135956,0.0002508038996893447,1.1365150214202765e-05,54.67915725708008,0.00037438420040416533,8.446124186627612e-06,3.350881338119507,0.00020744089961226563,7.89792347623141e-06,2.4458799362182617,5.5691300440230405e-05,6.665969992538345e-06,15.991315841674805,0.00037736989979748615,8.193721801841315e-06,53.614097595214844,6.499240007542539e-05,9.739451205221045e-06,1.6033390760421753,9.281669990741648e-05,6.30491472670877e-06,3.18239164352417,0.00047903020058583936,1.713455047452434e-05,2.532674789428711,0.00011659769988909829,1.0315081211675968e-05,10.494836807250977
16,32,123,cpu,2.7807099831989036e-05,1.2557543643105678e-05,1.6184346675872803,0.0014582082996639656,8.128524199611181e-05,54.66792297363281,0.0007086573004926322,2.162342836371476e-05,3.398092269897461,0.0030604701994889185,0.0008713138941462674,0.7731151580810547,2.1423300859169102e-05,5.939430566146494e-06,16.063011169433594,0.0007065066994982772,2.1031388722754783e-05,54.369476318359375,2.8252400079509242e-05,7.525886328759224e-06,1.5944923162460327,0.00012009420024696737,6.058343036933726e-06,3.202627658843994,0.0007554447995062219,1.5858188778608752e-05,2.5490241050720215,4.3800100320368075e-05,6.789922375440938e-06,12.596466064453125
16,32,123,cuda,5.876690120203421e-05,7.136045984611601e-06,1.6184345483779907,0.00025594679900677877,2.1931058422747645e-05,54.66797637939453,0.00037484270069398917,9.071329832602242e-06,3.3980932235717773,0.0002052882995485561,6.262335895642359e-06,0.7731124758720398,5.925379882683046e-05,1.3188200867954827e-05,16.063011169433594,0.0003805774991633371,1.3033812102064897e-05,54.3694953918457,6.147930034785531e-05,7.496039505219802e-06,1.5944921970367432,0.00010361580061726272,4.082580794052129e-05,3.202627658843994,0.00049007880006684,1.760827561661059e-05,2.5490238666534424,0.0001185205990623217,1.1076297201381232e-05,12.596465110778809
16,32,456,cpu,2.3376200260827318e-05,5.932525983648391e-06,-0.8411112427711487,0.0014393694003956626,3.158933969338134e-05,55.67120361328125,0.0006987055006902665,1.16909357648006e-05,3.3976194858551025,0.0027191849007067504,0.0010534832338410655,0.7920781970024109,2.1878299958189017e-05,5.1020983811743446e-06,16.162635803222656,0.0016354343995772069,0.0025912640371613333,54.361915588378906,2.4952700186986476e-05,5.773541608610109e-06,1.6119134426116943,0.00012089330011804123,6.600308624704236e-06,3.2228286266326904,0.0014381128999957581,0.0020604970274423168,2.5391759872436523,4.664469997806009e-05,1.2156119201709562e-05,12.625264167785645
16,32,456,cuda,5.79037001443794e-05,7.303455274709761e-06,-0.8411111831665039,0.00025511879975965713,1.3837793377847929e-05,55.67127227783203,0.0007540153001173167,0.001043660005639591,3.397620916366577,0.00020282190016587264,6.045919848061693e-06,0.7920787334442139,5.6374099949607624e-05,9.007702114368076e-06,16.162635803222656,0.0004046792008011835,8.459582273040081e-06,54.36193084716797,6.111829970905092e-05,7.500751347868189e-06,1.6119134426116943,9.29680001718225e-05,1.2744283126065968e-05,3.2228288650512695,0.0005029388001275947,9.677210469922314e-06,2.5391762256622314,0.00011644260011962615,1.0442555649908495e-05,12.625264167785645
16,64,42,cpu,2.4764900445006788e-05,6.118405467457414e-06,-0.37942710518836975,0.0021554406001087047,4.838157025321085e-05,54.771846771240234,0.0013478026001394027,2.530438997838566e-05,3.371413469314575,0.004137636899758945,0.0007753816144687813,1.5324623584747314,2.360319886065554e-05,5.292262226142688e-06,16.051097869873047,0.0013586567998572717,3.434836357888734e-05,53.94261169433594,3.1249499443219975e-05,5.3297685744879536e-06,1.606209635734558,0.00020602980002877304,7.528492541669284e-06,3.1945996284484863,0.0014125374000286683,4.2771116774484e-05,2.5370070934295654,4.901049978798255e-05,1.1774727052076937e-05,2.947937488555908
16,64,42,cuda,5.7477799418848005e-05,7.300605007290758e-06,-0.3794271647930145,0.00025238020025426523,1.2776528121834067e-05,54.77191162109375,0.00041520040031173266,4.913039380175465e-05,3.3714146614074707,0.000202857900512754,5.820233688689561e-06,1.532555103302002,5.497470010595862e-05,6.760937503490417e-06,16.051097869873047,0.0003829093009699136,9.797850110886201e-06,53.94263458251953,6.114230054663495e-05,7.5861237161158895e-06,1.6062095165252686,9.425210046174471e-05,1.1401054954886558e-05,3.1945996284484863,0.0004799660000571748,1.3356475924896222e-05,2.5370068550109863,0.00011685769968607928,1.0322996641085572e-05,2.94793701171875
16,64,123,cpu,2.4678699992364274e-05,6.238336084346563e-06,0.8022348284721375,0.004661824400318437,0.0011660842975219185,55.498008728027344,0.0013464527997712138,1.1498706133676768e-05,3.380528211593628,0.0034198090001154925,0.0004129228549033387,1.846447467803955,2.3758400857332163e-05,5.491576867031584e-06,16.024322509765625,0.0013499523003702052,1.7374253583903093e-05,54.08844757080078,3.13323995214887e-05,5.396435381414488e-06,1.5937614440917969,0.00020690110031864605,9.534518327466802e-06,3.1781482696533203,0.001402247500300291,1.3520525608505642e-05,2.5463037490844727,4.6734799980185926e-05,6.521412646638599e-06,14.549115180969238
16,64,123,cuda,5.7978300537797624e-05,7.2114774694320095e-06,0.8022348880767822,0.0002515348991437349,1.3719444015905601e-05,55.49807357788086,0.0003801587005000329,1.6429365186281058e-05,3.3805289268493652,0.00020334189975983462,5.855129539321238e-06,1.8465012311935425,5.8205700406688264e-05,1.0207569816281457e-05,16.024322509765625,0.00038063339925429316,6.765644574160484e-06,54.088462829589844,6.126549960754346e-05,7.619886207996527e-06,1.5937613248825073,9.101359901251272e-05,6.611386890450876e-06,3.1781485080718994,0.0005065086996182799,4.142087824054641e-05,2.5463039875030518,0.00011529640105436555,7.150633320076735e-06,14.549115180969238
16,64,456,cpu,2.4585100618423894e-05,6.039903107770939e-06,-0.038132816553115845,0.002055841701076133,5.142275293333599e-05,54.93444061279297,0.0013378486997680738,1.6951607042920956e-05,3.3467485904693604,0.004185075199711718,0.0008126143428100276,0.6442508101463318,2.3592500656377525e-05,5.342063191224726e-06,15.9111967086792,0.001343614399957005,1.8726901880418508e-05,53.547977447509766,3.100580033787992e-05,5.562270102222537e-06,1.587311863899231,0.00020468570000957697,6.456786113751826e-06,3.123351573944092,0.0014054354996915208,2.373466280034517e-05,2.541212797164917,4.660089980461635e-05,6.669205189281327e-06,-3171.822021484375
16,64,456,cuda,6.0098999529145655e-05,1.117860720123532e-05,-0.03813282400369644,0.000251890499930596,1.2757018866043574e-05,54.93450927734375,0.00040271809994010257,1.1909528064906802e-05,3.346749782562256,0.00020872970089840236,1.103661895381524e-05,0.6442508697509766,5.4907599405851215e-05,6.495824525509937e-06,15.911197662353516,0.0004046445003041299,1.0898607898461498e-05,53.547996520996094,6.12011004704982e-05,7.402538446377055e-06,1.587311863899231,9.055800001078751e-05,6.442001023173322e-06,3.123351573944092,0.0005048642000474501,1.0415755142467287e-05,2.541212558746338,0.00011932080051337834,1.3206385106391289e-05,-3171.82177734375
16,128,42,cpu,2.80837994068861e-05,5.818559020826951e-06,-0.785006046295166,0.00541838790049951,0.004003843759310912,54.602230072021484,0.002669688300738926,7.184673364414557e-05,3.3825507164001465,0.004569086699848413,0.0004814566562805907,1.571021318435669,2.844740047294181e-05,5.7679763936530886e-06,16.055805206298828,0.0026498015995457536,1.5812562204578207e-05,54.120811462402344,5.378440000640694e-05,6.080172713205519e-06,1.6038644313812256,0.00039542800004710443,3.365793138133025e-05,3.198781728744507,0.0027243158998317084,3.495227452810837e-05,2.5425078868865967,5.100120033603161e-05,6.727315010028984e-06,2.8523268699645996
16,128,42,cuda,5.853840011695866e-05,7.692290299605865e-06,-0.785006046295166,0.0002602058993943501,8.736952065662797e-06,54.60230255126953,0.00041872070032695775,6.969601296743558e-06,3.382551908493042,0.00021009399970353115,1.0501713698012149e-05,1.5711952447891235,5.571570000029169e-05,6.730482499223776e-06,16.055805206298828,0.0004158661999099422,1.0952492916857461e-05,54.12083435058594,5.8628499755286614e-05,7.809181308874565e-06,1.603864312171936,8.65022997459164e-05,7.208512347856829e-06,3.1987814903259277,0.0005027516996051418,6.611957675256522e-06,2.5425076484680176,0.00011236530044698157,1.270637441375505e-05,2.8523263931274414
16,128,123,cpu,2.6905599588644692e-05,5.55332000262584e-06,0.6158032417297363,0.004382392899788101,5.395850384084985e-05,54.71263885498047,0.0026478794996364742,1.4189818506564132e-05,3.3778693675994873,0.003618746400024975,0.0003805287843532229,15.077310562133789,2.8506099624792114e-05,5.2687540847389195e-06,16.013795852661133,0.002654473500297172,1.4369334818511484e-05,54.04590606689453,5.403470022429247e-05,6.507487313258615e-06,1.5965092182159424,0.0003879808991769096,1.0189219457178438e-05,3.174187421798706,0.0027124725995236075,3.422749557934329e-05,2.544261932373047,7.173299927671905e-05,6.281866356239535e-05,-752.6080322265625
16,128,123,cuda,5.830790032632649e-05,1.0953567270083807e-05,0.6158032417297363,0.00025427440050407313,6.3660688233484855e-06,54.71270751953125,0.00043596439936663953,9.67063583283033e-06,3.3778700828552246,0.00020912820000376086,1.0259050919850333e-05,15.10031509399414,5.575970026256982e-05,6.7377602711633415e-06,16.0137939453125,0.0004308093004510738,1.2214521178882353e-05,54.045921325683594,5.879620075575076e-05,7.864831623464252e-06,1.5965092182159424,8.935540026868693e-05,7.093628232551383e-06,3.174187183380127,0.0005585008002526592,5.269737815265062e-05,2.544261932373047,0.00011286450026091189,1.2559537391750373e-05,-752.6080322265625
16,128,456,cpu,2.6963400523527524e-05,5.464864953535033e-06,0.09254045784473419,0.00522221930041269,0.0024620235987236863,54.63426208496094,0.002652641899840091,3.0072068414482656e-05,3.360074758529663,0.005243696200341219,0.0004570277051128787,0.6943682432174683,2.8757600375683978e-05,5.405238090804007e-06,15.966287612915039,0.0026569324003503426,2.501843391840343e-05,53.761192321777344,5.707540003641043e-05,9.782806169504624e-06,1.5941001176834106,0.0003915879005944589,1.7666699301655587e-05,3.14178204536438,0.002706767400013632,1.8040308675806473e-05,2.540999412536621,5.196960046305321e-05,7.134790034769683e-06,-1580.7012939453125
16,128,456,cuda,6.497499998658895e-05,1.0320427169009073e-05,0.09254046529531479,0.00027436050004325807,2.815959873611856e-05,54.63433837890625,0.000456136299908394,1.6991809959988582e-05,3.3600759506225586,0.0002178430997446412,1.683043442230466e-05,0.6943763494491577,5.579809912887867e-05,7.0737454036260355e-06,15.966286659240723,0.0004868535997957224,3.579463445273424e-05,53.76121520996094,6.860589928692207e-05,6.900240439646415e-06,1.5941001176834106,0.00010529040082474239,1.0628922556912222e-05,3.141781806945801,0.0005521477003640029,1.7529927101498644e-05,2.540999412536621,0.00011715480031853076,7.97161407517266e-06,-1580.7012939453125
16,256,42,cpu,3.491910028969869e-05,5.5618861332334055e-06,-0.4456031620502472,0.008548634999897331,7.871696509734364e-05,55.31592559814453,0.005269075599426287,2.3987102081717278e-05,3.3841497898101807,0.006328414000017801,0.0015350393911467929,1.5153394937515259,6.0418699285946785e-05,7.342965354595688e-06,16.0824031829834,0.008688547299971105,0.0029553741975685637,54.146392822265625,6.751470027666073e-05,1.4487286887314196e-05,1.604736328125,0.0007186908995208796,1.29062220883754e-05,3.2008776664733887,0.005223459099579486,5.230833191867634e-05,2.540680170059204,5.5477499336120674e-05,6.692411604287718e-06,-138.0610809326172
16,256,42,cuda,5.889690037292894e-05,7.093632645961618e-06,-0.4456031620502472,0.00026416459986648987,2.296817445688597e-05,55.31599807739258,0.0006723239999701036,2.88525238983473e-05,3.384150981903076,0.0002133587000571424,2.021021683000493e-05,1.5154246091842651,5.458860032376833e-05,6.455395175718238e-06,16.08240509033203,0.0006640437990427017,9.498296981351382e-06,54.14641571044922,6.627659968216904e-05,7.607840039791677e-06,1.604736328125,8.846729942888488e-05,6.78754817253935e-06,3.2008774280548096,0.0007569698998850071,2.0393472165033786e-05,2.540679931640625,0.00011744580115191638,1.8350629654949808e-05,-138.0610809326172
16,256,123,cpu,3.228630084777251e-05,5.074028573530379e-06,0.2051367312669754,0.00794468370040704,6.358929131913103e-05,54.78767395019531,0.005304958800479653,9.260815518160211e-05,3.3770837783813477,0.007756415498806746,0.00081290805437214,8.072271347045898,4.3357899630791505e-05,2.219053055250494e-05,16.020002365112305,0.005302877899521263,4.179685607673628e-05,54.03334045410156,7.448409996868577e-05,1.6229247556021364e-05,1.5979669094085693,0.0007331715991313103,2.0164198404038613e-05,3.1642277240753174,0.005491981100203702,0.00025268850806616573,2.5440564155578613,5.7139999626087956e-05,7.164035740652956e-06,-380.7817077636719
16,256,123,cuda,5.984349954815116e-05,7.854107916395448e-06,0.20513664186000824,0.00026759520078485367,1.9389852663513675e-05,54.78773880004883,0.0006914648995007156,1.3474357758215503e-05,3.3770852088928223,0.0002121326011547353,1.0690665924541141e-05,8.083765029907227,5.637089998344891e-05,7.0916788884041625e-06,16.020002365112305,0.0006891548993735342,1.7520101054943857e-05,54.033363342285156,7.194879981398117e-05,1.4167546963083122e-05,1.5979669094085693,0.00010053350015368779,1.9234232641855835e-05,3.1642274856567383,0.0007815569002559642,2.5002262203974433e-05,2.5440566539764404,0.00011475529900053515,1.1686073734403206e-05,-380.7817077636719
16,256,456,cpu,3.342550007801037e-05,5.3944782431730765e-06,0.1853621006011963,0.008873622499959311,5.2839888726621016e-05,54.94442367553711,0.0052612327002862,1.8223214102889797e-05,3.3587992191314697,0.04510267579971696,0.014411922243023541,0.7369251847267151,0.004635770499589853,0.003060639558310975,15.967057228088379,0.007546943399574957,0.0006673182296198068,53.74079513549805,6.390319977072068e-05,6.87925438355686e-06,1.5953103303909302,0.0007248682999488665,1.096016305386896e-05,3.133531332015991,0.005240006700114463,4.3036634089746e-05,2.5405025482177734,5.5053200048860164e-05,6.9268781581008675e-06,-784.3323364257812
16,256,456,cuda,5.819950019940734e-05,7.092962511081648e-06,0.1853620409965515,0.00026020250043075067,2.7376087789456487e-05,54.94449234008789,0.0006721579004079104,2.2553575015304353e-05,3.3588008880615234,0.00021319980078260414,1.8356519770004596e-05,0.7369276285171509,5.2834800226264636e-05,6.495153733474301e-06,15.967056274414062,0.0006634428002143978,8.185422833489214e-06,53.740814208984375,6.504619996121619e-05,4.300278163353597e-06,1.5953103303909302,8.946999951149337e-05,6.370816594267649e-06,3.133531332015991,0.000763986600577482,1.9943097007098282e-05,2.5405023097991943,0.00011851210038003047,2.0928075511293948e-05,-784.3323974609375
16,512,42,cpu,4.423040118126664e-05,9.506494467838001e-06,-0.33345648646354675,0.018932064800173974,0.0001232556364024427,55.143035888671875,0.011952992000806262,0.0008278264798112029,3.3785905838012695,0.007286629599548178,0.0036376089287839582,1.260604739189148,3.746810034499504e-05,5.8598309980475814e-06,16.05946159362793,0.013165115999436238,0.0002539514827062556,54.05744552612305,6.449309985328e-05,6.884829994782162e-06,1.602576732635498,0.001409675500326557,2.7678137815251214e-05,3.184879779815674,0.010180324999237201,9.44840075586705e-05,2.5402345657348633,6.286019997787662e-05,7.531447230311746e-06,-68.30995178222656
16,512,42,cuda,6.36233999102842e-05,1.1087128105394018e-05,-0.33345648646354675,0.0002810664995195111,1.2551344225280152e-05,55.14311218261719,0.0011780049000662985,1.8135417393705673e-05,3.378591537475586,0.0002480981002008775,3.534457658966144e-05,1.2606480121612549,6.2893900758354e-05,1.3532863814590736e-05,16.05946159362793,0.0011595091993513052,1.3900539734527241e-05,54.057464599609375,6.217629961611238e-05,7.252928006211046e-06,1.602576732635498,9.280820049752946e-05,8.142134360234142e-06,3.184880018234253,0.0012690813000517664,3.0461726144959424e-05,2.5402345657348633,0.00010978799946315121,7.301097476693006e-06,-68.30995178222656
16,512,123,cpu,4.1612599306972695e-05,5.456437309955749e-06,0.13530239462852478,0.015723989700200038,0.00010954318972432516,55.065887451171875,0.010260358199957409,0.00020833521719051983,3.374325752258301,0.005938216198774171,0.002136098512380451,4.4767560958862305,3.108480013906956e-05,5.527087491375747e-06,16.01938819885254,0.010393407700394163,0.00042052879461803807,53.98921585083008,6.52370996249374e-05,7.92917141009832e-06,1.5972089767456055,0.0013918628992541926,1.6268019338223518e-05,3.161541223526001,0.010123118300543864,6.218996054092722e-05,2.542764902114868,6.623709996347315e-05,9.082746337553535e-06,-188.1802978515625
16,512,123,cuda,5.813249990751501e-05,7.5477120843445755e-06,0.1353023499250412,0.00027121909988636617,5.967157108095948e-06,55.065956115722656,0.0011540036008227616,2.6012470103927653e-05,3.3743269443511963,0.0002196057001128793,2.3562894559132528e-05,4.482503414154053,5.2552999477484263e-05,6.3252622926937024e-06,16.01938819885254,0.001151166099953116,1.104123221562928e-05,53.989234924316406,6.773659988539294e-05,1.8473882890547307e-05,1.5972089767456055,9.03645996004343e-05,7.231662756707985e-06,3.161541223526001,0.0012446346998331137,1.0889399534383003e-05,2.542764902114868,0.000106504799623508,7.062884322035254e-06,-188.18031311035156
16,512,456,cpu,3.976359985244926e-05,5.174061720099691e-06,0.07634482532739639,0.015643766400171445,9.023388981658225e-05,54.634822845458984,0.010264320099668111,0.00020172147645290702,3.3614389896392822,0.005872403299508733,0.0018967552098474215,1.258857011795044,3.124649956589565e-05,5.196762047184984e-06,15.960132598876953,0.010250159998759046,0.00018633080573962892,53.783023834228516,6.341810003505089e-05,6.4849770064845405e-06,1.594124436378479,0.001393293100045412,1.955251182020145e-05,3.1405234336853027,0.01018538430071203,0.0002142984549393951,2.5422332286834717,6.125790023361332e-05,6.731032008629301e-06,-387.24078369140625
16,512,456,cuda,5.8063599863089624e-05,7.152970842417487e-06,0.07634478062391281,0.0002611552998132538,7.643911700582428e-06,54.634891510009766,0.001153195799997775,1.559435478092535e-05,3.3614401817321777,0.00020452250064408872,9.966497470677686e-06,1.2591440677642822,6.239859940251335e-05,1.5618774353457273e-05,15.960132598876953,0.0011481388992251595,1.2278778340466196e-05,53.783042907714844,6.187869985296857e-05,6.81933772108447e-06,1.5941243171691895,8.88343001861358e-05,7.556120121460175e-06,3.1405234336853027,0.0012472979004087392,2.7252463653049598e-05,2.5422332286834717,0.00010599310044199229,6.6580449718178774e-06,-387.24078369140625
16,1024,42,cpu,5.5631799841648896e-05,5.381084420964603e-06,-0.28432321548461914,0.03126001820019155,0.0005489943173798967,55.0650634765625,0.019860902100845124,0.0003988544581152735,3.37178373336792,0.008977604800384143,0.0009718664865542969,1.1086180210113525,4.715610048151575e-05,9.018439612633596e-06,16.02080535888672,0.019838379099746818,0.00036250822062522815,53.94853973388672,8.763040095800534e-05,7.1228758589066585e-06,1.598746657371521,0.0027769493997766405,3.9901443201349796e-05,3.1611335277557373,0.019994460299858473,0.0001491931937325215,2.5414044857025146,7.620200049132108e-05,7.021898304923696e-06,-28.246479034423828
16,1024,42,cuda,5.8370899569126775e-05,8.367184186068938e-06,-0.28432321548461914,0.0003544933002558537,1.3217597703628792e-05,55.06513214111328,0.0019283233999885852,2.3742985366718397e-05,3.3717851638793945,0.0002273914997203974,1.9358350769109783e-05,1.1086487770080566,5.265200052235741e-05,6.660101661406785e-06,16.02080535888672,0.0019255843999417266,1.3370144112040322e-05,53.94856262207031,6.161739984236191e-05,6.954872932731105e-06,1.5987467765808105,9.100639981625136e-05,8.125630176177772e-06,3.161133289337158,0.002032116499322001,2.6963339593160144e-05,2.5414044857025146,0.00011599679928622208,1.4942607751592528e-05,-28.246479034423828
16,1024,123,cpu,6.0655300694634205e-05,8.910880972374215e-06,0.14006075263023376,0.0312927494993346,0.00024281403872961952,54.97425842285156,0.020021358800295274,0.0006634248304722094,3.3732357025146484,0.008507344099780313,0.00013131805037309966,3.136662244796753,4.451180029718671e-05,5.362279546217003e-06,16.01468849182129,0.0198381315000006,0.00043370156815691706,53.971771240234375,8.180110016837716e-05,6.583169957979998e-06,1.5979410409927368,0.0027457709002192132,2.701494370125039e-05,3.1607654094696045,0.019897843600119813,9.767597364983091e-05,2.5426721572875977,7.691259997955058e-05,7.071104504429314e-06,-86.65479278564453
16,1024,123,cuda,5.9913900258834474e-05,7.458219323111142e-06,0.14006073772907257,0.00032523429981665684,1.0152077010133054e-05,54.974327087402344,0.0016665155999362469,1.0786221202943928e-05,3.373236656188965,0.00020712789955723565,8.321502149900354e-06,3.1395397186279297,5.454440033645369e-05,1.0951255219178191e-05,16.014690399169922,0.0016729630006011575,2.6637811394197036e-05,53.97178649902344,6.198920054885093e-05,7.124384430709679e-06,1.5979411602020264,9.294509982282761e-05,7.655745616242861e-06,3.1607654094696045,0.00176863240012608,2.0781515483092863e-05,2.5426721572875977,0.0001090515997930197,7.867186578707844e-06,-86.65479278564453
16,1024,456,cpu,5.960789967502933e-05,7.971274329572237e-06,0.05730881541967392,0.0314002121998783,0.00014386355120621299,54.72925567626953,0.01985655989992665,0.00040367749975660385,3.36517596244812,0.010611830500056384,0.012624746825197958,1.2498112916946411,3.686039999593049e-05,5.665988896332802e-06,15.979706764221191,0.019906363099289594,0.000387462384035639,53.84281539916992,9.488949945080094e-05,1.1381463734476704e-05,1.5953121185302734,0.0027736759999243076,3.295551760656442e-05,3.1516213417053223,0.019877419200565783,7.419156595519815e-05,2.5421996116638184,7.639389987161849e-05,6.783215590500005e-06,-190.36033630371094
16,1024,456,cuda,5.971089958620723e-05,8.025629131268635e-06,0.05730882287025452,0.00033059349952964113,1.9586184775601824e-05,54.72932434082031,0.0016658105996611994,1.9305275522650253e-05,3.3651771545410156,0.0002205186006904114,1.5593339220729077e-05,1.2499525547027588,5.350820028979797e-05,7.041455672033016e-06,15.979705810546875,0.0016622768012894084,1.0560117038498365e-05,53.84283447265625,6.176400056574493e-05,7.174657900948425e-06,1.5953121185302734,9.303979968535713e-05,7.6019787387776355e-06,3.1516213417053223,0.0017686744991806335,2.6729550035587028e-05,2.5421996116638184,0.00011668820079648867,1.554354749968658e-05,-190.3603515625
32,1,42,cpu,2.078660036204383e-05,9.759408421842366e-06,11.20211410522461,0.00019669029970827978,1.2417783312684327e-05,118.86724853515625,0.00012116089965275023,9.148591563030198e-06,4.765288352966309,0.00011172599988640286,4.69056786077849e-05,0.11164094507694244,1.928509955178015e-05,6.199141570739282e-06,32.147003173828125,0.00012401289968693162,9.98433645799096e-06,152.48922729492188,1.8840900520444847e-05,5.940507772389912e-06,1.6044955253601074,4.0475400237482975e-05,6.5916328828751495e-06,4.49398136138916,0.00016960839966486673,8.670133561792883e-06,3.23569655418396,4.159129966865294e-05,1.037372197157686e-05,-80.02694702148438
32,1,42,cuda,5.837570024596062e-05,7.391082278434392e-06,11.20211410522461,0.0006034845999238314,1.1969684882995723e-05,118.86775970458984,0.0004358454007160617,7.4783015559364964e-06,4.765293598175049,0.0002858611005649436,1.2934822905240832e-05,0.11164097487926483,5.628929975500796e-05,7.176368312059742e-06,32.147003173828125,0.00043927759979851545,8.156529011136537e-06,152.48939514160156,6.272449936659542e-05,8.007907374926894e-06,1.6044955253601074,9.216780090355314e-05,7.022493838993718e-06,4.49398136138916,0.0005383431998779997,8.005658225768933e-06,3.235696315765381,0.00012107649999961722,1.2466771849137312e-05,-80.02694702148438
32,1,123,cpu,2.082700048049446e-05,6.178031433190394e-06,-8.897163391113281,0.00019338459860591685,1.2254560087844774e-05,112.43043518066406,0.00012043019996781368,9.047853233140433e-06,4.775120735168457,0.00010535290020925458,2.8983229605077356e-05,0.2332039624452591,1.892989967018366e-05,5.628716885493287e-06,31.758390426635742,0.00012383669964037835,9.380887676533405e-06,152.80386352539062,1.87976002052892e-05,6.057497757080527e-06,1.562684416770935,4.074789976584725e-05,6.7756817149453435e-06,4.48797082901001,0.00016887849960767198,8.883191100940024e-06,3.248086929321289,3.9121799636632205e-05,7.386948468322241e-06,16.417673110961914
32,1,123,cuda,5.876530049135909e-05,7.4364514630305835e-06,-8.897162437438965,0.0006152489007945405,1.5670338932001535e-05,112.43070983886719,0.0004379148995212745,1.1813301163107646e-05,4.775123119354248,0.00028484270042099523,1.25910457212175e-05,0.2332039475440979,5.724110051232856e-05,7.639708828402204e-06,31.758392333984375,0.00043889520020456985,1.0728290787938668e-05,152.80393981933594,6.171770037326496e-05,8.302814892476684e-06,1.562684416770935,9.21665003261296e-05,7.110713232271845e-06,4.487971305847168,0.0005416541003796738,1.2951208961656721e-05,3.2480874061584473,0.00011943600002268795,1.204338042349478e-05,16.417673110961914
32,1,456,cpu,2.048269998340402e-05,6.566771106819967e-06,0.5938671827316284,0.00019224079987907318,1.0644894476101032e-05,113.41064453125,0.00012453200070012828,1.2233249023695287e-05,4.656029224395752,0.0003874698009894928,0.0008861571975418624,0.23267820477485657,1.8810300389304757e-05,5.7829499646063465e-06,31.39844512939453,0.00012456949989427812,1.057815441206556e-05,148.99293518066406,1.8541600366006605e-05,5.9475862662194234e-06,1.548555612564087,4.3825299508171155e-05,1.0523090183155725e-05,4.424300193786621,0.00017072680020646658,1.1177573330814475e-05,3.232426881790161,3.862179946736433e-05,7.030909958009139e-06,16.079986572265625
32,1,456,cuda,5.802910091006197e-05,7.422578094988127e-06,0.5938680171966553,0.0006074829994759057,1.532716666118882e-05,113.41090393066406,0.0004420450004545273,1.883681516749035e-05,4.656033992767334,0.0003003273996000644,2.572772957948563e-05,0.23267798125743866,5.625899975711945e-05,6.833094655217771e-06,31.39844512939453,0.0004458833998796763,1.7535074317725565e-05,148.9930877685547,6.222669981070794e-05,7.73396121538845e-06,1.548555612564087,9.181200002785772e-05,6.787335499557129e-06,4.424300193786621,0.0005491475996677764,1.835920462728192e-05,3.232426404953003,0.00012250840009073727,1.4678856437137316e-05,16.079986572265625
32,2,42,cpu,4.033389923279174e-05,1.655986551704744e-05,6.792438983917236,0.0018978764001076343,2.746826652301512e-05,112.0963363647461,0.00020456509992072824,1.5363148708751664e-05,4.6866936683654785,0.003335499399690889,0.00023754078308517072,0.14215600490570068,1.9249199613113888e-05,5.919895646109552e-06,31.61629867553711,0.0001949992001755163,1.0598957581324855e-05,149.97421264648438,2.023779961746186e-05,6.328913813343221e-06,1.581371784210205,4.646150046028197e-05,9.06794088976607e-06,4.273138046264648,0.0011118575002910802,0.002608621012825917,3.231293201446533,4.0113800423569046e-05,6.891334067870053e-06,-49.419044494628906
32,2,42,cuda,0.0003016956994542852,0.0007219828200613526,6.7924394607543945,0.0003233998006180627,9.088014400159328e-06,112.09666442871094,0.0015039756010082784,0.0032305896148708186,4.686698913574219,0.0002809158006130019,1.7777442563850824e-05,0.14215603470802307,5.6195200158981606e-05,6.99349835410705e-06,31.61629867553711,0.0013533517998439494,0.002770176507027584,149.974365234375,6.23384999926202e-05,7.5709237397590945e-06,1.5813720226287842,9.819069964578375e-05,1.0147329251546979e-05,4.273138999938965,0.0016038485995522934,0.003197656542231858,3.231292963027954,0.0006440151999413501,0.001571630818457186,-49.419044494628906
32,2,123,cpu,2.2405199706554414e-05,7.188999877699708e-06,-0.1598811149597168,0.0020548789001622937,0.0006265007882626155,108.36949920654297,0.00020063060001120902,2.0389516313506378e-05,4.809842109680176,0.004047055599585292,0.0003882740166151438,0.18717055022716522,5.872269939573016e-05,0.00011278592780256764,31.98055648803711,0.00019787070050369948,1.1503925280059327e-05,153.91494750976562,2.0361400675028563e-05,6.403028344451367e-06,1.5802046060562134,4.545039992081002e-05,6.573652740765531e-06,4.461150646209717,0.00025240889990527646,2.125238798378946e-05,3.2479724884033203,4.0650700248079376e-05,6.9962566339590395e-06,-7.427380561828613
32,2,123,cuda,5.906990008952562e-05,9.64933718928739e-06,-0.1598801612854004,0.00031964350018824915,7.764731398599583e-06,108.36979675292969,0.0007941699997900287,0.001050305908615979,4.809845924377441,0.0005917181995755527,0.0009235701860276893,0.18717053532600403,5.983279988868162e-05,8.167983988417854e-06,31.98055648803711,0.00045115139982954133,2.0737279220930755e-05,153.91506958007812,6.442810044973157e-05,6.951933925230307e-06,1.580204725265503,9.085570018214639e-05,7.207924257159765e-06,4.461150646209717,0.0005407803004345624,1.8839131739416895e-05,3.2479729652404785,0.00011450220044935122,7.817539330085127e-06,-7.427380561828613
32,2,456,cpu,2.1000700508011504e-05,6.437318723794536e-06,0.8364855647087097,0.0034269813004357275,0.0006796301622931686,118.02938079833984,0.00019750799983739853,1.7679780074375203e-05,4.8013763427734375,0.0044929478994163215,0.0008595448667418077,0.6639643907546997,2.290359989274293e-05,9.595684081059555e-06,32.238014221191406,0.00019304370034660677,1.094396196734582e-05,153.64401245117188,2.7438500910648145e-05,2.1665029967444772e-05,1.5994172096252441,4.456559981917963e-05,5.9914978551695155e-06,4.6134233474731445,0.00024112290011544247,1.3041899722303975e-05,3.2372870445251465,3.958329980378039e-05,6.886265529698148e-06,3.5079898834228516
32,2,456,cuda,5.766240028606262e-05,7.576242316721117e-06,0.8364856243133545,0.0003109773006144678,1.5199989260199988e-05,118.02959442138672,0.00042968250054400416,1.8133200620884855e-05,4.8013811111450195,0.0002792117007629713,1.7731937721282365e-05,0.6639623641967773,5.628709986922331e-05,8.03642539766197e-06,32.238014221191406,0.0004254633997334167,8.207263398362637e-06,153.64419555664062,6.153299909783527e-05,8.125796805360268e-06,1.5994172096252441,9.148230055870954e-05,6.144914467850113e-06,4.6134233474731445,0.000527361199419829,1.3679292721919468e-05,3.2372870445251465,0.00011502720080898143,7.487431233069121e-06,3.5079898834228516
32,4,42,cpu,2.1682799706468357e-05,6.0019095284853905e-06,0.28577375411987305,0.0036319140999694355,0.0008798816711995937,110.65328979492188,0.0008596180003223707,0.0010534035975757893,4.744156837463379,0.0033497579002869315,0.0008261721399968377,0.3917493224143982,1.9789600264630282e-05,5.3990066414033505e-06,31.868974685668945,0.0003370959999301704,1.2338433273439885e-05,151.81301879882812,2.1784000273328276e-05,5.973247499367703e-06,1.5952986478805542,7.096249973983503e-05,3.87048237265139e-05,4.398174285888672,0.0003941447997931391,3.501477506754384e-05,3.235157012939453,4.0059899765765296e-05,6.615921853180221e-06,-42.75633239746094
32,4,42,cuda,5.761869942944031e-05,7.2021081435476284e-06,0.28577375411987305,0.0003268897005909821,7.676157215365027e-06,110.65361022949219,0.00043179669955861755,8.65820873192032e-06,4.7441606521606445,0.000269658400429762,1.2713448963389967e-05,0.3917466998100281,5.4664200069964865e-05,6.504594028419503e-06,31.868974685668945,0.000434544699601247,9.650292716035092e-06,151.81312561035156,6.129790017439518e-05,8.096460273062826e-06,1.5952987670898438,9.084520024771336e-05,6.28995421287992e-06,4.3981733322143555,0.0005280184992443538,1.0144448812205648e-05,3.235157012939453,0.00014173779891279992,4.5403396061890375e-05,-42.75633239746094
32,4,123,cpu,2.177260030293837e-05,6.094849672594577e-06,0.08305823802947998,0.0035384607006562875,0.00025674771521290164,111.934814453125,0.00033903439943969713,1.6692088235214283e-05,4.830717086791992,0.003417092499876162,0.00029913346512326633,0.7178968787193298,1.9860000611515717e-05,5.636846273241307e-06,32.22565841674805,0.0003530860001774272,3.188124438490103e-05,154.58294677734375,2.1179200484766624e-05,5.684040831180167e-06,1.5946247577667236,5.5278099898714574e-05,5.866103844043988e-06,4.591987609863281,0.0003911827996489592,1.7072886560729474e-05,3.2432968616485596,4.0282299960381354e-05,6.74458917570931e-06,-12.895200729370117
32,4,123,cuda,5.737880019296426e-05,7.000320477986269e-06,0.08305883407592773,0.0003504756994516356,5.606294698179677e-05,111.93515014648438,0.0004602207991410978,6.595067395479612e-05,4.830722332000732,0.00026678780013753565,1.0503077978155834e-05,0.7178940773010254,5.982299917377532e-05,1.4858147834604551e-05,32.22565841674805,0.0004329838997364277,6.17279751192911e-06,154.58311462402344,6.518990012409631e-05,1.0564035947127628e-05,1.5946247577667236,9.151869999186601e-05,9.798978218327198e-06,4.5919880867004395,0.000535288199534989,2.137131637583133e-05,3.2432968616485596,0.00011636979979812168,1.0369545092736475e-05,-12.895200729370117
32,4,456,cpu,2.1739799922215753e-05,6.664593496905094e-06,3.3358283042907715,0.0035943570987001295,9.606948231854943e-05,117.90861511230469,0.00035106220020679756,4.599174023152379e-05,4.820201873779297,0.0035793079994618894,0.0009095809119888279,0.9783809781074524,2.028070011874661e-05,5.6681248210617785e-06,32.382476806640625,0.00033883059986692385,1.216397622585581e-05,154.2464599609375,2.1817900051246398e-05,6.11979257134018e-06,1.6121188402175903,5.5464999968535265e-05,5.783435845488426e-06,4.676273822784424,0.00039253649993042927,2.2344681766038455e-05,3.2363219261169434,4.0903199987951666e-05,6.802270938752845e-06,6.7233381271362305
32,4,456,cuda,6.333150013233535e-05,1.054858867634752e-05,3.3358283042907715,0.00032654900023771917,1.642873383624271e-05,117.90895080566406,0.00043297670017636845,1.530807549220723e-05,4.820207595825195,0.0002802024999255082,1.1771256689689728e-05,0.9783869981765747,5.5933401017682624e-05,6.7481223425550435e-06,32.38247299194336,0.0004314531994168647,8.711518196545033e-06,154.2466278076172,6.257640052353963e-05,7.2750112809270005e-06,1.6121187210083008,9.447280026506633e-05,7.433713416641493e-06,4.676273345947266,0.0005404475003160769,2.4434921808860353e-05,3.2363224029541016,0.00011803799970948603,8.217247975093296e-06,6.7233381271362305
32,8,42,cpu,2.2918200193089434e-05,6.255187916140124e-06,0.9843111634254456,0.0045304964998649664,0.0021088928633906006,117.82233428955078,0.0006169100994156907,1.2907499451149794e-05,4.775662422180176,0.003049066000676248,0.0004562803033262071,0.7783950567245483,2.1649100744980387e-05,5.993095107730239e-06,32.00611877441406,0.0006207578000612557,1.2624344945910226e-05,152.82122802734375,2.552010046201758e-05,5.892901304409798e-06,1.6033391952514648,7.601610013807658e-05,5.964336182497888e-06,4.458685874938965,0.0006704531006107572,1.622804016157301e-05,3.23940372467041,4.3128700053785e-05,7.4930497878249105e-06,-28.038984298706055
32,8,42,cuda,5.790629984403495e-05,7.351163030665316e-06,0.9843112826347351,0.0003446287002589088,4.843794451588859e-05,117.82264709472656,0.0004302530003769789,7.677374842373657e-06,4.775667667388916,0.0002742984997894382,1.2388487146959357e-05,0.7783958911895752,6.296800092968624e-05,2.6547853551190158e-05,32.00611877441406,0.0004364796001027571,9.753312348083482e-06,152.82135009765625,6.282740032474976e-05,8.342062683899098e-06,1.6033390760421753,9.564039974065963e-05,1.0174508506537508e-05,4.458686351776123,0.0005563218001043424,5.438121448491485e-05,3.23940372467041,0.0001194843996927375,1.0588440190701096e-05,-28.038982391357422
32,8,123,cpu,2.2650800383416934e-05,6.5147308271543775e-06,2.079888343811035,0.003095116000258713,0.00012859274053853028,113.56617736816406,0.0006301342004007892,1.070373038221383e-05,4.809479236602783,0.003170915099690319,7.04523120157635e-05,0.6568747162818909,2.1966400163364595e-05,5.8491509505404324e-06,32.14022445678711,0.0006501595002191607,4.312588128765826e-05,153.9033203125,2.505550037312787e-05,5.928255564419603e-06,1.5944923162460327,7.559810001112055e-05,5.893968892196705e-06,4.606306552886963,0.0008612041994638276,0.00021200239165695495,3.2415473461151123,5.4449299568659626e-05,1.1353558646303407e-05,-13.66157054901123
32,8,123,cuda,5.8925600387738084e-05,7.393437175892072e-06,2.0798885822296143,0.0003685848998429719,3.945623193992269e-05,113.5665512084961,0.0004891933007456828,5.2605956202750696e-05,4.809484481811523,0.00028391470114002003,3.0180219067452654e-05,0.6568746566772461,6.795369990868494e-05,1.1091742989817148e-05,32.140228271484375,0.00045097090005583593,1.3000282414648071e-05,153.90350341796875,6.772380002075806e-05,1.3597131928695897e-05,1.5944921970367432,9.997089946409688e-05,1.0936810945596365e-05,4.606307029724121,0.0006250109992834041,7.965155452446804e-05,3.241547107696533,0.00013179950037738307,1.3899231338814774e-05,-13.661571502685547
32,8,456,cpu,2.300339983776212e-05,6.115592153613566e-06,-0.413424015045166,0.0034391088000120364,0.0006367567992749104,119.16577911376953,0.0006231650004338007,1.3656144571933329e-05,4.8289337158203125,0.003423340700828703,0.00044439683434352516,0.6972717046737671,2.193729960708879e-05,5.8139099259515245e-06,32.361141204833984,0.00063127200010058,2.3686689395274252e-05,154.52587890625,2.5345299945911393e-05,5.854193275851794e-06,1.6119134426116943,8.050459982769098e-05,1.1316301322720822e-05,4.670319557189941,0.0006729910001013195,1.4032605987300596e-05,3.2401089668273926,4.317100028856657e-05,7.288001956114987e-06,1.378360629081726
32,8,456,cuda,5.9146099738427436e-05,7.445571011701416e-06,-0.4134237766265869,0.0003237368990085088,1.0827177868142893e-05,119.1661376953125,0.0004513448999205139,6.811027714334171e-06,4.828938961029053,0.0002787438006635057,7.865875658639915e-06,0.6972746253013611,5.67260998650454e-05,6.851195871721178e-06,32.36113739013672,0.00045978069974808025,1.679452651164504e-05,154.5260467529297,6.529359961859882e-05,1.569014591534163e-05,1.6119134426116943,9.395580054842867e-05,6.380522961247321e-06,4.6703200340271,0.0005714136997994502,2.4698084138332193e-05,3.2401089668273926,0.00012367090021143668,1.2818295030376572e-05,1.3783612251281738
32,16,42,cpu,2.4149299133569e-05,6.155646443436785e-06,0.3006259500980377,0.003600404000462731,5.9738540719778675e-05,118.5161361694336,0.0018788312998367473,0.001126747231585869,4.803406238555908,0.010398137100492023,0.004637154383578713,0.6497859954833984,2.929919974121731e-05,9.739833126833582e-06,32.12282180786133,0.0017379099001118448,0.0010654259698513358,153.70899963378906,3.1910600228002295e-05,5.743320587241418e-06,1.606209635734558,0.00011785589958890341,9.159517782513454e-06,4.484071731567383,0.0013213184996857309,0.00014208074405223486,3.242941379547119,4.870719931204803e-05,1.1492090675964675e-05,72.4691390991211
32,16,42,cuda,5.8708399956231004e-05,7.34870991195027e-06,0.30062592029571533,0.0003373753999767359,1.5856754166936754e-05,118.51649475097656,0.0006202812994160923,0.0005469409780491949,4.803411960601807,0.0002898766000726027,5.462087780877669e-05,0.6497820615768433,7.65409004088724e-05,5.401244335592518e-05,32.12282180786133,0.00046162740036379544,4.4083466459335585e-05,153.7091827392578,7.412589984596707e-05,2.6523271929120514e-05,1.6062095165252686,9.283289982704445e-05,6.416965046602021e-06,4.484071731567383,0.0005397864002588904,1.288407243300107e-05,3.24294114112854,0.00012163010032963938,1.1956058125033358e-05,72.4691390991211
32,16,123,cpu,2.3832500301068648e-05,6.211753650994033e-06,-0.7637050151824951,0.010287424000489409,0.007152371980026723,115.66551971435547,0.0012081343000318156,3.1378764258445155e-05,4.799997329711914,0.008348847999877762,0.004899656353584477,0.43906939029693604,2.383659993938636e-05,5.751031339992878e-06,32.064720153808594,0.0014885126005538042,0.0005269707816677823,153.59991455078125,3.168330113112461e-05,6.1257853773543356e-06,1.5937614440917969,0.00011632830028247554,6.513427132177e-06,4.555202007293701,0.0014316085002064939,0.0003985706062090217,3.24379301071167,5.2936499560019e-05,1.8884320495664568e-05,-1.6725821495056152
32,16,123,cuda,6.281779933487996e-05,1.0933116007947845e-05,-0.7637048959732056,0.00033823220073827545,2.8592266354623558e-05,115.66592407226562,0.0004371500988781918,7.1644416439236275e-06,4.800002574920654,0.000278347799758194,2.0160483956513834e-05,0.4390690326690674,6.297620057011954e-05,1.5075351555726223e-05,32.064720153808594,0.00043764909969468135,8.210906908121767e-06,153.60008239746094,6.76652001857292e-05,1.0511844670134565e-05,1.5937613248825073,9.299020020989702e-05,7.156846249526052e-06,4.555201530456543,0.0005443882997496985,1.8473415236492364e-05,3.24379301071167,0.00011766710049414542,7.916159862722918e-06,-1.6725821495056152
32,16,456,cpu,2.3832599981687964e-05,5.854718301057474e-06,0.3574961721897125,0.004799891400762135,0.0017928650727520024,116.29058837890625,0.001198953100174549,2.5795036557014024e-05,4.748411655426025,0.005767248799384106,0.00772252472829015,0.9957446455955505,3.046370002266485e-05,1.765574498945479e-05,31.85175323486328,0.001201274099366856,1.9079942190302077e-05,151.94918823242188,3.2613100120215674e-05,6.482186366326525e-06,1.587311863899231,0.00011688830018101726,6.260363811599457e-06,4.507560729980469,0.001532285199937178,0.0006046618248729756,3.2377994060516357,5.1097399773425425e-05,1.1252169555119594e-05,-4.25526237487793
32,16,456,cuda,6.41646001895424e-05,1.8160625856211598e-05,0.3574962615966797,0.0003600343985453947,4.104214514336973e-05,116.29092407226562,0.0005275424002320506,5.979204973075668e-05,4.748416423797607,0.0003780787003051955,4.34544582540915e-05,0.9957600831985474,6.422049991670065e-05,2.365841408653969e-05,31.85175132751465,0.0004839601002458949,1.7649771337218103e-05,151.94932556152344,7.180880020314362e-05,2.268029835118996e-05,1.587311863899231,9.374360051879193e-05,7.131686755018961e-06,4.507559776306152,0.0006382020997989457,0.00019591772517577443,3.237799644470215,0.0002126812996721128,0.00026801863755993087,-4.255263328552246
32,32,42,cpu,2.6728800366981887e-05,5.957997925220902e-06,-0.45110809803009033,0.00924248549999902,0.0030546010765057337,116.07457733154297,0.0024407091001194202,0.00030917506641185764,4.8059844970703125,0.008020731199576404,0.007618342991537101,0.5401145219802856,2.9440099751809612e-05,5.834661307047874e-06,32.12934494018555,0.0023202668999147136,2.0123855939716504e-05,153.79150390625,5.921690026298165e-05,9.95944325269922e-06,1.6038644313812256,0.00020568260079016908,7.62066941260239e-06,4.498048782348633,0.002376569000261952,2.2724879996137034e-05,3.2432055473327637,0.0012882101000286639,0.002481867584457085,20.421350479125977
32,32,42,cuda,5.700429937860463e-05,7.65188052594039e-06,-0.4511079788208008,0.0003185276997101028,1.7749799271600374e-05,116.07492065429688,0.00042438149976078423,1.361123866506385e-05,4.8059892654418945,0.0003006963997904677,2.3099463459319686e-05,0.5401135087013245,5.221620085649192e-05,6.914409887974055e-06,32.12934875488281,0.00042646599940781015,1.099155281061523e-05,153.79165649414062,5.80558004003251e-05,7.748440334951484e-06,1.603864312171936,8.57380004163133e-05,7.3450197492222745e-06,4.498048782348633,0.0005137459003890399,8.691169005142609e-06,3.2432055473327637,0.0001246427000296535,1.2723620729980595e-05,20.421348571777344
32,32,123,cpu,2.4711999139981343e-05,5.6191033139920795e-06,-0.5742596983909607,0.0090564086996892,0.006801643643994877,117.1857681274414,0.002343520100475871,2.2348547527401094e-05,4.792418003082275,0.004070640599820763,0.0006872348906018815,0.4790269732475281,2.8624400511034764e-05,5.439898527876319e-06,32.046016693115234,0.0032382060006057147,0.0024159191635844206,153.35739135742188,5.2799600234720855e-05,6.813938425538738e-06,1.5965092182159424,0.00020725189970107749,8.808781347434706e-06,4.508440971374512,0.0024729388998821376,0.000256827176896051,3.2432379722595215,5.019590025767684e-05,8.101486054290457e-06,-9.493776321411133
32,32,123,cuda,5.678119960066397e-05,7.1395303419090254e-06,-0.5742596983909607,0.0003172655000525992,1.194307843102468e-05,117.18616485595703,0.0004279227010556497,1.9450285693097863e-05,4.792423248291016,0.00032227570009126796,7.498864579038771e-05,0.4790254831314087,5.305929953465238e-05,1.0476505025105488e-05,32.0460205078125,0.0004215520995785482,7.553557713009884e-06,153.3575439453125,5.874209928151686e-05,7.14465939799202e-06,1.5965092182159424,9.057339993887581e-05,7.896104348491221e-06,4.50844144821167,0.0005200920000788756,1.5387433620054394e-05,3.2432374954223633,0.00010451229973114095,6.969380791362816e-06,-9.493776321411133
32,32,456,cpu,2.423170008114539e-05,5.569392828597834e-06,0.10205338895320892,0.0039249685003596825,0.00014117248152506698,117.0027847290039,0.002495411800555303,0.00048523981034053355,4.7635064125061035,0.00327589850021468,0.0002570552949419413,0.7127446532249451,2.8749800185323694e-05,5.503327798300606e-06,31.95934295654297,0.0023865873998147437,0.00011410659690601016,152.4321746826172,5.265760009933729e-05,6.358329564459444e-06,1.5941001176834106,0.00020696040010079742,1.3323699373449574e-05,4.5071210861206055,0.0024039702002482954,3.95164704753627e-05,3.2374255657196045,5.249880014162045e-05,7.905538708112525e-06,4.071414947509766
32,32,456,cuda,5.7598099738243035e-05,7.222566090004412e-06,0.10205346345901489,0.00033096139995905107,1.2778856208691129e-05,117.00314331054688,0.0004668599995056866,3.202295042093062e-05,4.763510704040527,0.00031423679974977857,1.9641221652561103e-05,0.7127538919448853,5.4723900029785e-05,6.847533696486587e-06,31.95934295654297,0.0004516745008004364,7.271272426055563e-06,152.43234252929688,5.827030072396156e-05,7.5454624298819375e-06,1.5941001176834106,9.70069995673839e-05,1.854753104148241e-05,4.5071210861206055,0.0005384735002735396,1.577172060532984e-05,3.2374253273010254,0.00011055520008085296,1.4286990682236628e-05,4.071414470672607
32,64,42,cpu,2.74034002359258e-05,5.152331444363466e-06,-0.3540302515029907,0.013744738600507844,0.006080653542422193,118.12958526611328,0.0062408884998149,8.925666337821998e-05,4.811529636383057,0.018051498100612663,0.0017549531894399313,0.7573515176773071,0.0031035822001285853,3.408408985613992e-05,32.18410110473633,0.005484031500236597,0.0008314775054970129,153.96893310546875,6.205760000739246e-05,8.388468120609057e-06,1.604736328125,0.000362129900167929,1.4890235760161263e-05,4.502063751220703,0.0046896955995180175,0.0003628064083979888,3.2426021099090576,5.3440400370163844e-05,6.572105432827171e-06,250.62362670898438
32,64,42,cuda,5.822780076414347e-05,7.426184501389466e-06,-0.3540301024913788,0.0003299956002592808,3.753446385574604e-05,118.12996673583984,0.0004337396007031202,2.4899474288207873e-05,4.811534404754639,0.0003061075007281033,1.5286441153014146e-05,0.7573461532592773,5.4329399790731256e-05,9.26385170348102e-06,32.184104919433594,0.00042694809999375136,1.4005266656813566e-05,153.96910095214844,5.8846399406320414e-05,8.60650090672005e-06,1.604736328125,8.695509968674742e-05,7.48172480259546e-06,4.502063751220703,0.0005222007996053435,1.682640469156397e-05,3.2426018714904785,0.00010665409936336801,7.1635895391055096e-06,250.62362670898438
32,64,123,cpu,2.8253599884919824e-05,5.469444814489965e-06,0.6512979865074158,0.010692773999835481,0.0002381970767560587,117.63129425048828,0.006185432499478338,5.587253411716598e-05,4.788967609405518,0.016203008900265558,0.0008298399248769282,0.4576267600059509,0.0032541587006562622,0.0004435901346380333,32.06000900268555,0.006175182399601908,6.334384214826076e-05,153.24696350097656,6.250190053833649e-05,6.5676445481614104e-06,1.5979669094085693,0.00036628100024245215,1.4096118017195761e-05,4.490243911743164,0.004590092200305662,5.2806455963218255e-05,3.2413651943206787,5.301709970808588e-05,7.3868258891650574e-06,-8.831470489501953
32,64,123,cuda,5.8617299873731096e-05,7.901910375205965e-06,0.6512980461120605,0.00031639199987694157,1.352025025909494e-05,117.63169860839844,0.00043035810012952424,2.7426823158459406e-05,4.788972854614258,0.0002935783992143115,1.438939749189544e-05,0.45762544870376587,5.280099976516795e-05,6.645704959900756e-06,32.06001281738281,0.0005055826000898378,0.00021772591482090533,153.2471160888672,6.11612995271571e-05,8.43786798264145e-06,1.5979669094085693,9.1221899856464e-05,7.827565393756452e-06,4.490243911743164,0.0005463946999952896,3.301735407739089e-05,3.2413649559020996,0.00010635129947331735,8.565681850762455e-06,-8.831470489501953
32,64,456,cpu,2.8312799258856103e-05,5.41367402825099e-06,0.16707941889762878,0.008288396700299927,0.000551722145557005,116.22981262207031,0.004639458500241745,1.6747537111305486e-05,4.769598007202148,0.002276480899672606,9.971036172500694e-05,0.9690945148468018,3.215680007997435e-05,5.162914009722799e-06,31.95783233642578,0.004646045899426099,7.969972897658073e-05,152.6271209716797,6.636079997406341e-05,9.448897544143832e-06,1.5953103303909302,0.00036418779964151324,1.023715698185397e-05,4.486319541931152,0.004679611100436886,6.473162550280596e-05,3.2391698360443115,5.8317999719292854e-05,1.6540216931488127e-05,-7.730190753936768
32,64,456,cuda,5.8612300199456514e-05,7.173518791825451e-06,0.167079359292984,0.00032552779994148294,5.701760626512701e-06,116.23018646240234,0.0004539237997960299,1.6191125494144615e-05,4.7696027755737305,0.0003053374995943159,3.05805772244918e-05,0.9691128134727478,5.344739947759081e-05,7.088310481062952e-06,31.95783042907715,0.00044513309985632076,1.1192470051563393e-05,152.62728881835938,5.790180075564422e-05,7.426929138359046e-06,1.5953103303909302,8.989400012069382e-05,6.8606998526027005e-06,4.486319541931152,0.000536304999695858,1.5011623169299606e-05,3.2391695976257324,0.00010657620041456539,7.281791191724205e-06,-7.730192184448242
32,128,42,cpu,3.31382001604652e-05,5.191267759929601e-06,-0.4075327217578888,0.014141599600407062,0.00013193436689626413,117.82784271240234,0.009103010200851714,0.00018738362797102076,4.805190086364746,0.007123956800205633,0.0009259422557643988,0.7387996912002563,3.227540000807494e-05,6.028739608118406e-06,32.13810348510742,0.008991288600373081,0.00014565914895649964,153.76608276367188,6.277790016611107e-05,6.390367603308448e-06,1.602576732635498,0.0006669929003692232,1.3155428407615793e-05,4.504790306091309,0.00967314909939887,0.0009396341408833543,3.2426414489746094,6.165340055304114e-05,1.4363157339451868e-05,135.6929168701172
32,128,42,cuda,5.9084099848405455e-05,7.325995101888313e-06,-0.4075326919555664,0.000372933899416239,2.4693835263707235e-05,117.82821655273438,0.0005320918000506936,1.0150058628658526e-05,4.805194854736328,0.000328804800301441,2.359572225783972e-05,0.7388265132904053,5.407429998740554e-05,7.331955947104876e-06,32.13810729980469,0.0005378059999202378,2.1911091525548585e-05,153.7662353515625,6.184019912325311e-05,1.0518417741613489e-05,1.602576732635498,0.00011021589998563285,3.7239767044688115e-05,4.504790306091309,0.0006373660999088315,2.101659549643068e-05,3.242640972137451,0.0001264991999050835,2.482805171419628e-05,135.6929168701172
32,128,123,cpu,3.476430028968025e-05,5.716143980918387e-06,0.3106552064418793,0.014309715200579377,0.00013535331662481076,118.01753234863281,0.009124627599521772,0.00012267024902865289,4.788149356842041,0.0045992119004949926,0.0006690868221918068,1.1605281829833984,3.1548800325253976e-05,5.431763584640707e-06,32.0615234375,0.009067901498929132,0.00020212481464319235,153.2207794189453,6.358369937515817e-05,6.9034750936385724e-06,1.5972089767456055,0.0006662636998953531,1.5161962525652026e-05,4.503444671630859,0.008933637100199121,0.00012566520017765354,3.240875720977783,5.844990046171006e-05,6.899649177808797e-06,-11.052750587463379
32,128,123,cuda,5.877940020582173e-05,7.812179006233533e-06,0.31065529584884644,0.00037110289886186363,2.517913730737708e-05,118.01792907714844,0.0005350370003725402,1.90238366938324e-05,4.788154602050781,0.0003253155002312269,5.663781831630503e-05,1.1604957580566406,6.695799966109917e-05,2.6953621132897948e-05,32.0615234375,0.0005315132995747263,8.253826394529044e-06,153.220947265625,6.422730002668686e-05,1.1245517593253024e-05,1.5972089767456055,9.081000025616959e-05,7.183708015081874e-06,4.503444194793701,0.0006230574002984212,1.1988856042643766e-05,3.240875720977783,0.0001062746003299253,7.156106184156591e-06,-11.052750587463379
32,128,456,cpu,3.336569970997516e-05,5.236160438440846e-06,-0.1212795078754425,0.016850739200162935,0.0003474125609197448,116.11334991455078,0.011271858300096938,0.0007974029284498058,4.772006034851074,0.02060063060016546,0.00539123952928788,0.7968288660049438,0.003352013499534223,0.0004605441301029671,31.942983627319336,0.010962585800007219,0.0011840206286888961,152.70420837402344,6.22634011961054e-05,6.420090874495934e-06,1.594124436378479,0.0006662446998234372,1.6517374081653814e-05,4.47498893737793,0.00884090519975871,4.0886803477772476e-05,3.240631580352783,6.141509948065504e-05,9.11986626969749e-06,-2.1895196437835693
32,128,456,cuda,5.845240011694841e-05,7.384614581047743e-06,-0.12127956748008728,0.000362383800529642,8.156436249074164e-06,116.11372375488281,0.0005454215999634471,1.8808697556463824e-05,4.7720112800598145,0.00029664999929082116,8.73641494408104e-06,0.7968382239341736,5.222550025791861e-05,7.029673927511983e-06,31.942981719970703,0.0005473825000080979,1.1288679293446233e-05,152.704345703125,6.21019000391243e-05,8.563684093416814e-06,1.5941243171691895,9.965869976440445e-05,1.595172597957476e-05,4.47498893737793,0.0006480461004684912,2.0404422244564383e-05,3.240631580352783,0.00010605930001474916,7.263853650911898e-06,-2.1895196437835693
32,256,42,cpu,4.300370092096273e-05,5.229722066503422e-06,-0.28123629093170166,0.02869026420012233,0.0005761505304096164,117.83782196044922,0.019917826400342165,0.00044553464858866317,4.790144920349121,0.020859967799697187,0.0014113967488962446,0.7472531795501709,0.0032127199996466516,1.6083712663379785e-05,32.06334686279297,0.018629810600396014,0.0014047227400559735,153.2846221923828,8.083639986580237e-05,6.406578436902144e-06,1.598746657371521,0.0013080128002911807,3.271568835020284e-05,4.493762493133545,0.01728744710017054,9.943945990251566e-05,3.2417945861816406,7.037250034045429e-05,6.949526518661145e-06,67.0106201171875
32,256,42,cuda,5.841970014444087e-05,7.179152759868503e-06,-0.28123629093170166,0.0005494717985129683,3.097219911298055e-05,117.83821868896484,0.0009009582998260157,7.634708828953243e-06,4.790149688720703,0.0003265257000748534,2.726037699516104e-05,0.7472949028015137,5.187929928069934e-05,7.242622257564706e-06,32.063350677490234,0.0009006923002743861,9.130840482272212e-06,153.2847900390625,6.169989974296186e-05,7.141200009016428e-06,1.5987467765808105,9.064250007213559e-05,8.005817073740332e-06,4.493762016296387,0.0010015339001256506,2.5001103193191605e-05,3.2417945861816406,0.00010658310129656457,7.572844244539811e-06,67.0106201171875
32,256,123,cpu,4.24058991484344e-05,5.5551662953208535e-06,0.029305577278137207,0.02661773749969143,0.0005005578058944455,117.56843566894531,0.01757449420001649,0.0005738906126988367,4.78860330581665,0.004624441399573698,0.00012898796570265497,1.1131904125213623,3.671280064736493e-05,5.6756665691412155e-06,32.05099868774414,0.017426155999783078,0.00038158908462098524,153.23529052734375,8.246519973909017e-05,6.589860201246579e-06,1.5979410409927368,0.0013032113998633576,2.0378233929658217e-05,4.508266448974609,0.01735199919967272,9.973428026023308e-05,3.241407632827759,7.203789937193505e-05,6.751811622782491e-06,7.2208147048950195
32,256,123,cuda,6.0185899565112776e-05,8.154390736377619e-06,0.029305651783943176,0.0006061845997464843,1.2957367125662844e-05,117.56883239746094,0.0010280426005920163,7.388006942972891e-06,4.788608074188232,0.00033772000024328007,1.1104766966171756e-05,1.113478660583496,5.3043300067656676e-05,7.708007373964569e-06,32.051002502441406,0.0010360305994254304,1.2171185079985232e-05,153.23545837402344,6.269329969654791e-05,7.033859816943968e-06,1.5979411602020264,0.00010137699900951702,1.7125338047577296e-05,4.508266448974609,0.0011258882004767656,1.6154835597004694e-05,3.241407632827759,0.00010861150040000211,7.302106563374759e-06,7.220813274383545
32,256,456,cpu,4.3738399108406155e-05,5.2512375621565e-06,0.23220254480838776,0.02903233170036401,0.0010719299158146007,116.40504455566406,0.021357579499090208,0.004094319952654369,4.779051780700684,0.020646875399688725,0.006590446404936092,0.763027012348175,0.003175452300274628,7.699088558858602e-05,31.982614517211914,0.02023428620013874,0.0001800473464074242,152.92965698242188,8.121530045173131e-05,6.771071445901021e-06,1.5953121185302734,0.0012982968004507712,1.736297620599152e-05,4.478586196899414,0.017310175400416482,9.818009409165624e-05,3.241312026977539,7.02233002812136e-05,7.531141225717597e-06,-15.8358736038208
32,256,456,cuda,5.9874000362469816e-05,6.9408240086942235e-06,0.23220248520374298,0.0006255444990529213,2.421879289205051e-05,116.4054183959961,0.0010365776008256944,1.796037252069912e-05,4.779056549072266,0.00033468590045231393,7.88482823041273e-06,0.7630394101142883,5.147839983692393e-05,7.766523028264216e-06,31.98261260986328,0.0010362188000726746,1.488567711571663e-05,152.9298095703125,6.178739931783639e-05,6.897494857315672e-06,1.5953121185302734,9.185299968521577e-05,7.589732868927845e-06,4.478586196899414,0.0011383879005734342,1.8861763322768503e-05,3.24131178855896,0.00010959540013573132,9.61382880076148e-06,-15.835872650146484
32,512,42,cpu,6.298980079009198e-05,4.98949266633637e-06,-0.12906497716903687,0.050917932399897836,0.00036376291383506107,117.08580780029297,0.03450922650081338,0.00036766569495030914,4.7876057624816895,0.00578988329943968,5.48653952422553e-05,0.9083177447319031,4.672970062529203e-05,5.3715321080955506e-06,32.04515075683594,0.03439243550055835,0.0003088411796012536,153.2034149169922,0.00012194829978398047,6.137599507765623e-06,1.598217487335205,0.0025720746994920773,3.4506702690362296e-05,4.4916157722473145,0.03464620720005769,0.00043718966076063793,3.2416305541992188,8.662499967613258e-05,6.965229472813552e-06,37.10991668701172
32,512,42,cuda,6.012679950799793e-05,7.42779030153447e-06,-0.12906493246555328,0.0009281308000936405,3.405237194154606e-05,117.08619689941406,0.0018817142001353205,1.0073783183459434e-05,4.78761100769043,0.000437068400424323,2.3464461538762515e-05,0.9079225063323975,5.151950026629493e-05,7.421417185948379e-06,32.04515075683594,0.0018890106995968381,1.2909042604771442e-05,153.20355224609375,9.22866995097138e-05,3.083310156606629e-05,1.598217248916626,0.0001813371003663633,1.3255017928704648e-05,4.491616249084473,0.0019943082999816395,1.3733520102827858e-05,3.2416305541992188,0.00011265959947195369,7.965330025249387e-06,37.10991668701172
32,512,123,cpu,6.842400107416324e-05,8.499491563603259e-06,-0.13081464171409607,0.05484818400036602,0.0006955972141781524,116.9844970703125,0.03798491990019102,0.002474696126760789,4.78460168838501,0.026695869699688048,0.0010403837086018959,1.0271016359329224,0.0038970790003077125,0.0006308440774742451,32.0146484375,0.03541426520023379,0.0015443306404489025,153.10726928710938,0.0008322362995386356,2.1377263089517252e-05,1.596301794052124,0.003924038699187804,3.0188578890618902e-05,4.494727611541748,0.034447107600135494,0.00019021153209914618,3.2417471408843994,8.627380047983024e-05,6.7253875709862975e-06,64.11949920654297
32,512,123,cuda,6.069430019124411e-05,1.0205688631987018e-05,-0.1308145970106125,0.0008402364997891709,6.465315948184858e-06,116.98487854003906,0.0017161302006570623,1.059242047682432e-05,4.78460693359375,0.00040645400003995745,1.4594224086296539e-05,1.0273406505584717,5.066899939265568e-05,9.546807024116116e-06,32.0146484375,0.0017319020997092593,2.483844062098839e-05,153.107421875,6.045920017641038e-05,6.8666288922799035e-06,1.5963016748428345,9.18887002626434e-05,1.1750009011909756e-05,4.494727611541748,0.0017899509995913832,2.9897051025935595e-05,3.2417473793029785,0.0001084028001059778,9.53192661918427e-06,64.11949920654297
32,512,456,cpu,6.211030049598775e-05,4.771685248187617e-06,0.27880859375,0.08263463319926814,0.009507656429736274,116.70457458496094,0.036387266000747334,0.0011612761925418945,4.779090881347656,0.007799102099670563,0.00013136865348632387,0.6705183386802673,5.146320072526578e-05,5.2924393793899724e-06,31.99059295654297,0.034644388399465244,0.000600647218893733,152.930908203125,0.00019525049938238226,1.0372830359453324e-05,1.596049189567566,0.002577276400188566,4.3278401470680744e-05,4.478695392608643,0.03441710780098219,5.406168290379143e-05,3.241248369216919,9.687429992482066e-05,1.875403833482622e-05,-21.97258758544922
32,512,456,cuda,5.940770060988143e-05,8.00982079485125e-06,0.2788085341453552,0.0008297236992802937,1.3854475982406037e-05,116.70497131347656,0.0016668684998876414,8.359621875860441e-06,4.779096603393555,0.0004021716002171161,1.1303981685479775e-05,0.6705249547958374,5.3192300038062966e-05,7.825149976809011e-06,31.99059295654297,0.0016710574000171619,8.925768133282799e-06,152.93109130859375,6.170740016386844e-05,6.954953681527506e-06,1.596049189567566,9.343819983769208e-05,9.747475037516734e-06,4.478695869445801,0.0017734851993736812,2.704890510481308e-05,3.241248369216919,0.00010915740058408119,7.284720930200228e-06,-21.972585678100586
32,1024,42,cpu,5.4622900643153115e-05,2.147968823230534e-05,-0.20247097313404083,0.10216150200030824,0.0005212159813927115,116.6827163696289,0.06872629229983432,0.0009412915176325964,4.780267715454102,0.037385869799618374,0.0029897773069157045,0.8590736985206604,0.0032730553994042566,1.0928853635403832e-05,31.996986389160156,0.0703911282998888,0.0022560720286440407,152.96856689453125,0.0014775831998122158,3.0448774571761874e-05,1.5961114168167114,0.0075159240001084985,2.894186927652269e-05,4.480830669403076,0.06864747689978686,0.000883936712255178,3.241407871246338,0.00012731419992633163,1.0790999617882238e-05,26.02864646911621
32,1024,42,cuda,5.9595399943646046e-05,1.015733562800277e-05,-0.20247097313404083,0.0012781007004377897,1.7952193914810994e-05,116.68310546875,0.002764004099662998,2.2740261823102935e-05,4.780272483825684,0.0004994541002815822,1.330041974034258e-05,0.8588481545448303,5.466430047817994e-05,7.052096923058223e-06,31.996986389160156,0.002820230199722573,4.668653708325175e-05,152.96871948242188,7.316949995583855e-05,8.217660083794977e-06,1.5961112976074219,0.0001010864998534089,9.265435844146547e-06,4.480831146240234,0.002870022399292793,1.730116462416222e-05,3.241407632827759,0.00011039579912903718,1.1595965517173277e-05,26.028644561767578
32,1024,123,cpu,4.7647200335632076e-05,6.4719387495059985e-06,-0.16034865379333496,0.1069934330000251,0.000591190038669254,117.04176330566406,0.0699015956997755,0.001468814002935033,4.7851362228393555,0.014561074900484527,0.0001481708559008105,1.0360441207885742,7.231030031107366e-05,7.194271312943078e-06,32.028377532958984,0.06860047619957185,0.0005111810589804947,153.1243438720703,0.001442789499560604,2.5955373593955933e-05,1.597158670425415,0.007547492400044575,4.784925994043248e-05,4.494441032409668,0.06959932649951953,0.0003439449862431113,3.241283416748047,0.00018827699968824164,1.2457792003702584e-05,-139.04161071777344
32,1024,123,cuda,7.108269965101499e-05,1.148503371426907e-05,-0.16034862399101257,0.0012824559002183379,2.471748109192839e-05,117.04214477539062,0.002758026700394112,8.421926160442144e-06,4.785140514373779,0.0005038647999754175,3.2589830429798205e-05,1.0360697507858276,5.7131300127366555e-05,1.0757302008102444e-05,32.02837371826172,0.0027686503002769315,8.40903097666053e-06,153.12451171875,7.492739969165996e-05,1.5709918591956903e-05,1.597158670425415,0.00010055519996967632,6.7975070977572444e-06,4.494441032409668,0.0028632865993131417,1.397170718713998e-05,3.241283416748047,0.00010964230059471448,7.2206949365180695e-06,-139.0416259765625
32,1024,456,cpu,8.034449929255061e-05,1.81863032238487e-05,0.188320130109787,0.10272743870009435,0.0038327766909470426,117.03675842285156,0.06974896189967694,0.0008004312677960429,4.780170440673828,0.013247240600321675,0.004106256696993927,0.6941419839859009,7.184449968917761e-05,6.157359519350495e-06,32.00286865234375,0.06951251100072113,0.0014239562684239698,152.9654541015625,0.0003563674003089545,1.0311052583792575e-05,1.5965412855148315,0.005034073899514624,0.00021633861778504383,4.478493690490723,0.07011396690031688,0.0016395953829369105,3.2410948276519775,0.00015778919914737343,6.83836025109051e-06,11.789112091064453
32,1024,456,cuda,5.906609985686373e-05,7.915576568334373e-06,0.1883200854063034,0.0012995800003409385,2.9961753129991727e-05,117.03714752197266,0.002766618900204776,2.0858192971206677e-05,4.78017520904541,0.0004863574995397357,1.4170561721242206e-05,0.6941558122634888,5.5729099767631854e-05,1.250666507150648e-05,32.00286865234375,0.0027523625998583157,9.649241403624214e-06,152.96560668945312,6.399960038834251e-05,6.481734673835197e-06,1.596541166305542,0.00010107650014106185,7.356556650046525e-06,4.478493690490723,0.002858225899399258,3.701073837662957e-05,3.2410950660705566,0.00010957910053548403,1.0635065807080026e-05,11.789111137390137
64,1,42,cpu,2.1714800095651298e-05,7.394735974609514e-06,11.939054489135742,0.0006471090004197322,0.00014061742097028993,250.60992431640625,0.000306922200252302,1.201090955738376e-05,6.7424187660217285,0.00012025920041196514,1.1545336873897074e-05,0.09255217015743256,2.0467300055315717e-05,5.893887010248921e-06,63.74437713623047,0.0003142439993098378,1.3669141082097594e-05,431.5148010253906,2.1959900914225726e-05,6.0103650150224725e-06,1.5952986478805542,5.1430199528113006e-05,5.845306866133551e-06,6.361555576324463,0.0003672745999210747,3.85959151564358e-05,3.9353506565093994,4.06133993237745e-05,8.15332723779507e-06,-18.811145782470703
64,1,42,cuda,5.844059996888973e-05,7.386074383962764e-06,11.939054489135742,0.001062085999728879,1.2273910287085961e-05,250.61257934570312,0.0013687669001228643,1.0398679319393875e-05,6.742440700531006,0.0002714565001951996,8.8342494306172e-06,0.09255216270685196,5.466019974846859e-05,6.7918810436136805e-06,63.7443733215332,0.0013757293003436644,1.2223853267310806e-05,431.5162048339844,6.214539971551857e-05,7.81119527565816e-06,1.5952987670898438,9.230409959855024e-05,6.876820716979895e-06,6.361555576324463,0.0014844469998934074,1.549166185570366e-05,3.935350179672241,0.00013194720013416373,2.8609886146841165e-05,-18.811145782470703
64,1,123,cpu,2.0589599807863122e-05,6.409486683321872e-06,8.00881576538086,0.00048262779928336385,7.53850823728327e-05,252.30130004882812,0.0003138990989100421,1.928745655956999e-05,6.766376495361328,0.00014345589952426962,4.122402362142719e-05,0.24807576835155487,2.107299951603636e-05,5.54373188395877e-06,64.46829986572266,0.0003308603994810255,3.156952014332896e-05,433.048095703125,3.895239897246938e-05,7.493572984372197e-06,1.5946247577667236,5.66416001674952e-05,6.8753380939213085e-06,6.464697360992432,0.0005005113998777233,0.00015752712944807866,3.923381805419922,7.317379968299064e-05,2.2693214323947588e-05,-31.27243423461914
64,1,123,cuda,7.168390075094067e-05,1.930702172808638e-05,8.008816719055176,0.0010993993997544748,5.75392476133308e-05,252.30429077148438,0.0013827880004100735,1.9520812319045365e-05,6.766396522521973,0.00027614159989752807,1.220113178411084e-05,0.24807482957839966,5.523359941435046e-05,6.721849753853866e-06,64.46829223632812,0.0013878010999178515,1.351650944643881e-05,433.04937744140625,6.616619975829963e-05,1.4192994112321056e-05,1.5946247577667236,9.962050025933423e-05,1.2053975045619185e-05,6.46469783782959,0.0014809409003646579,1.4202934424541862e-05,3.9233815670013428,0.00011210730044695084,7.72587954269275e-06,-31.27243423461914
64,1,456,cpu,2.371440059505403e-05,9.076477073329086e-06,6.505618095397949,0.0004922096006339416,8.923025885045393e-05,242.23501586914062,0.0003031267995538656,7.748479222197841e-06,6.862364768981934,0.00011793649973697029,8.193254005035522e-06,0.46971288323402405,1.9576499471440912e-05,5.357034396304316e-06,64.78034210205078,0.00031447839974134694,2.6485595020552352e-05,439.19134521484375,2.17981003515888e-05,5.851941926262916e-06,1.6121188402175903,5.1851100215571934e-05,6.383190727900715e-06,6.532349586486816,0.0003533224000420887,1.0316755171702907e-05,3.9353044033050537,3.948780031350907e-05,6.7778635295340815e-06,-12.446391105651855
64,1,456,cuda,5.833839968545362e-05,7.346538766545021e-06,6.505617141723633,0.0010650577998603695,1.8885437142884868e-05,242.2376708984375,0.0013816993996442761,1.3489931827861516e-05,6.862382411956787,0.00027228230064793026,1.2992878663126172e-05,0.4697110056877136,6.0108099933131595e-05,1.117857290918116e-05,64.78034973144531,0.0013812722998409299,9.856908287360363e-06,439.1924743652344,6.0791299256379715e-05,7.435109705020459e-06,1.6121187210083008,9.210479911416768e-05,6.639474838540142e-06,6.532349586486816,0.0014854297998681432,1.2793678418668222e-05,3.935305118560791,0.00011614479990385007,7.87241027015251e-06,-12.446391105651855
64,2,42,cpu,2.1945299886283463e-05,5.970654522609247e-06,4.9169769287109375,0.003898388699599309,0.0038471084723870415,252.18435668945312,0.0005636092006170657,1.0878212040528505e-05,6.762546062469482,0.0035973713998828315,0.0014479393234866841,0.11507145315408707,2.1289399956003763e-05,5.3064524318462645e-06,64.02105712890625,0.0005705898005544441,1.0924422065922469e-05,432.802978515625,2.505730008124374e-05,5.6283008467832055e-06,1.6033391952514648,7.094959983078297e-05,1.0066273399276064e-05,6.3302412033081055,0.0006189192994497716,1.1884484759802444e-05,3.9340498447418213,4.212729945720639e-05,6.8169287239594605e-06,-27.98898696899414
64,2,42,cuda,5.789959941466804e-05,7.270730203348577e-06,4.9169769287109375,0.0019606195008236684,8.965808409467365e-06,252.1868896484375,0.002646407000065665,2.0074195870260757e-05,6.762566566467285,0.000335652600551839,1.0727855598691759e-05,0.11507140100002289,5.604940051853191e-05,6.977637923091714e-06,64.02105712890625,0.002628245099549531,1.814697585287741e-05,432.8042297363281,6.216470028448384e-05,8.86842401427499e-06,1.6033390760421753,8.606940100435168e-05,7.568931805437827e-06,6.3302412033081055,0.002721786699839868,2.2923406920507622e-05,3.934049606323242,0.00010628299933159723,7.215898577773518e-06,-27.98898696899414
64,2,123,cpu,2.0918500013067387e-05,6.16460799308541e-06,4.133641719818115,0.004979871899922728,0.0013637979264159016,257.31036376953125,0.0005798134992801351,1.3412729047751539e-05,6.772246360778809,0.004828343100598431,0.0003536384193719648,0.17264874279499054,2.146179976989515e-05,5.635288538024069e-06,64.29039001464844,0.0005831089998537209,1.1861189267784153e-05,433.42376708984375,2.5689200265333055e-05,5.575734763146216e-06,1.5944923162460327,7.061390060698613e-05,1.375729976064783e-05,6.40633487701416,0.000631245199838304,1.4848845170799114e-05,3.9304397106170654,4.261649992258754e-05,7.176258665448672e-06,-22.420011520385742
64,2,123,cuda,5.810310030938126e-05,6.774226898027823e-06,4.133642196655273,0.001837571399664739,1.0978540962561258e-05,257.31329345703125,0.0025777422000828666,3.395086187297069e-05,6.772266864776611,0.000334462999671814,9.213137336511188e-06,0.1726483851671219,5.598889983957633e-05,7.233679647994352e-06,64.29037475585938,0.002536363299805089,2.8608003399615694e-05,433.42510986328125,5.575449977186508e-05,6.900034823142718e-06,1.5944921970367432,8.592109988967423e-05,7.1447186657066235e-06,6.406333923339844,0.002633137999509927,2.641005753378715e-05,3.9304394721984863,0.00011044409984606318,7.234007706440723e-06,-22.420011520385742
64,2,456,cpu,2.1808900055475532e-05,6.265222362004471e-06,4.102506637573242,0.006991149098757888,0.00193443787569163,248.40972900390625,0.00057003519978025,1.3417118325917836e-05,6.868429660797119,0.006386862600265886,2.0775160365357438e-05,0.27730464935302734,2.290110060130246e-05,5.5899227296823835e-06,64.73638916015625,0.000572739200288197,1.333216830702422e-05,439.57952880859375,2.4770999880274756e-05,5.617157064273371e-06,1.6119134426116943,6.90144002874149e-05,5.938876091660604e-06,6.534350395202637,0.0006192213993926998,1.0448193452314003e-05,3.940066337585449,4.3435699262772685e-05,6.889411130956315e-06,-13.770009994506836
64,2,456,cuda,5.8117399748880413e-05,6.905744025878319e-06,4.102505683898926,0.00187412100021902,1.9173178610837628e-05,248.41259765625,0.0025623010995332153,1.3799640610324205e-05,6.8684515953063965,0.0003327165999507997,7.060041659890531e-06,0.27730172872543335,5.699880020983983e-05,7.01212031614973e-06,64.73638916015625,0.002560608799831243,2.201445290842635e-05,439.58087158203125,5.8827499378821814e-05,7.143226192094162e-06,1.6119134426116943,9.358320021419786e-05,1.4461098677668654e-05,6.5343499183654785,0.0026469906995771455,2.8659625128079944e-05,3.940066337585449,0.00011527379974722863,1.307454239227715e-05,-13.770009994506836
64,4,42,cpu,2.2234600328374655e-05,6.092327613164796e-06,2.540356397628784,0.00546242210039054,0.0006730495351357904,253.8773193359375,0.0010922074001427974,1.645886915468718e-05,6.794571876525879,0.005248450699582463,0.0004155832566776924,0.11491203308105469,2.355719989282079e-05,5.935604195827304e-06,64.25675964355469,0.0010990234000928466,1.7027346529014815e-05,434.8526306152344,3.5243600359535775e-05,9.11122169452341e-06,1.606209635734558,0.00010227610000583809,6.076557245082534e-06,6.39607572555542,0.001145324800381786,1.325256629489159e-05,3.936274290084839,4.567199976008851e-05,6.961537380786243e-06,9.228256225585938
64,4,42,cuda,6.271380007092376e-05,1.0752176273049134e-05,2.5403571128845215,0.003634594699542504,1.7451227907081112e-05,253.88009643554688,0.0049910994999663675,3.586321310743174e-05,6.794591903686523,0.00037704460009990726,1.4940571115921596e-05,0.1149119958281517,5.91738000366604e-05,2.0119088733460563e-05,64.25675964355469,0.005005734100268455,4.239872075902472e-05,434.8538818359375,6.790469960833434e-05,1.7198740631630973e-05,1.6062095165252686,8.91535008122446e-05,8.430137609490616e-06,6.39607572555542,0.005092626399709843,2.8086697884660182e-05,3.9362740516662598,0.00010645599977578967,7.364878691460929e-06,9.228256225585938
64,4,123,cpu,2.600659972813446e-05,1.2567270068818737e-05,4.39162015914917,0.0033744173993909498,0.00022103175875362208,248.03668212890625,0.0010935195994534296,1.5701253584975668e-05,6.775010585784912,0.002595623199158581,0.0006818266115319897,0.14949434995651245,2.371990012761671e-05,5.764452677463553e-06,64.14115905761719,0.0010994733998813898,2.2817999898662006e-05,433.6007080078125,3.3040800190065056e-05,5.704794315230576e-06,1.5937614440917969,0.00010107360030815471,6.074909795232063e-06,6.383817672729492,0.0011494443991978188,1.990044767375752e-05,3.934229850769043,4.561190071399324e-05,6.935724981791606e-06,-19.661235809326172
64,4,123,cuda,6.448189960792661e-05,1.2257086360560125e-05,4.391620635986328,0.003518365200579865,1.4804894348559809e-05,248.03939819335938,0.004958550299852505,1.5475529924289142e-05,6.775032997131348,0.0003812723003647989,2.152915671095161e-05,0.14949403703212738,5.256110016489401e-05,7.043559809240377e-06,64.14115142822266,0.004986598899995443,1.9240161092693772e-05,433.60211181640625,5.623939978249837e-05,6.993784653436185e-06,1.5937613248825073,8.693440031493083e-05,6.739621163842217e-06,6.383817195892334,0.005089220700028818,3.713545435091792e-05,3.934229612350464,0.00012182920036138967,3.093805348254828e-05,-19.661235809326172
64,4,456,cpu,2.0814700110349805e-05,5.8520355541149e-06,1.7186614274978638,0.0033889284000906627,3.577884834390234e-05,240.30706787109375,0.0010740531997726066,1.643482295078869e-05,6.7412333488464355,0.0026003338000009533,0.0007280179624187803,0.20570911467075348,2.6483500187168828e-05,8.277709198256459e-06,63.71234130859375,0.0010822639007528779,2.151256851655031e-05,431.4389343261719,3.481559979263693e-05,9.647679637873997e-06,1.587311863899231,0.00010119610051333439,5.815600420163239e-06,6.27556037902832,0.0011324567996780388,1.7454394084413678e-05,3.9370694160461426,4.530820042418782e-05,6.783905658481141e-06,0.1261582374572754
64,4,456,cuda,6.129030007286928e-05,9.348699102545318e-06,1.718660831451416,0.003542268899036571,1.1282357117886732e-05,240.3097381591797,0.005000815400489955,3.439548460162233e-05,6.741255760192871,0.00037235489980957936,8.409642723601009e-06,0.205707848072052,5.24663002579473e-05,7.131980587137898e-06,63.71234130859375,0.004995127399888588,2.0604708987225328e-05,431.44036865234375,5.6385800417047e-05,6.5999357861837885e-06,1.587311863899231,9.51149999309564e-05,1.1834415610008169e-05,6.27556037902832,0.005090721400119946,2.2700128259820173e-05,3.9370694160461426,0.0001065488006133819,7.820942523823874e-06,0.1261582374572754
64,8,42,cpu,2.23023998842109e-05,6.084114126667941e-06,2.4702260494232178,0.006298707099995226,6.749243333041724e-05,246.73219299316406,0.0021080941998661727,1.1583093077168598e-05,6.799993515014648,0.005321559999720194,0.0011815964663144719,0.1551411747932434,2.85040008748183e-05,5.318755670884506e-06,64.26996612548828,0.002104016300290823,2.0753024655389597e-05,435.1995544433594,5.39743992703734e-05,7.24417460807651e-06,1.6038644313812256,0.00017366889951517806,6.222217774924944e-06,6.363061904907227,0.002174699999523,2.4231660862324136e-05,3.9373083114624023,0.001934607700241031,0.0038524566307533057,-175.54336547851562
64,8,42,cuda,5.784460008726455e-05,7.4724485734977036e-06,2.470226287841797,0.006817469100133167,2.90143254522153e-05,246.73471069335938,0.009870042800321244,3.637573387851153e-05,6.800014495849609,0.0004689973993663443,1.022832901064748e-05,0.15514124929904938,5.1572299707913774e-05,7.133956886265489e-06,64.26996612548828,0.009955214599904139,5.545422428217617e-05,435.200927734375,5.676359978679102e-05,6.693291454460303e-06,1.603864312171936,8.62315995618701e-05,7.510133228462845e-06,6.363061904907227,0.009989164500439074,4.742819875625301e-05,3.937307834625244,0.00011591399997996632,1.6615321564610564e-05,-175.54336547851562
64,8,123,cpu,2.226530050393194e-05,5.692544003109158e-06,0.9317741394042969,0.004358753300039098,0.0002539356809330058,246.0401153564453,0.0021196744997723726,1.2676130977179144e-05,6.785919189453125,0.001936452599693439,0.00015200876618507223,0.18690724670886993,2.8699599715764636e-05,5.615175777435662e-06,64.10590362548828,0.0021210946008068275,1.477930780313919e-05,434.2987976074219,5.4265300423139704e-05,6.968538594675194e-06,1.5965092182159424,0.00017335639968223403,6.50889634617351e-06,6.363064765930176,0.0021812277998833453,1.9297865397209027e-05,3.938587188720703,4.972460010321811e-05,6.994925579513597e-06,-25.84345245361328
64,8,123,cuda,6.0782799482694824e-05,9.359306470664435e-06,0.9317744970321655,0.0067344407998461975,6.814503690631841e-05,246.04302978515625,0.010001454000303056,4.9434842638578665e-05,6.785942077636719,0.0004709944998467108,1.0614055557141543e-05,0.18690824508666992,5.398179964686278e-05,6.7963492154263235e-06,64.10589599609375,0.010013203099515523,5.119344910107055e-05,434.30029296875,5.952770006842911e-05,1.130639072455832e-05,1.5965092182159424,8.57314997119829e-05,7.0065811397411075e-06,6.363064765930176,0.010152250900500804,0.00013654703938543395,3.938587188720703,0.00011668500046653207,8.759149532351554e-06,-25.84345245361328
64,8,456,cpu,2.4862500140443444e-05,6.8031320067420385e-06,-0.37100741267204285,0.004188256199631724,0.00015289523157148015,238.01187133789062,0.002118917599727865,1.3380432335139557e-05,6.7658371925354,0.0018938104996777839,7.48782390138082e-05,0.2648138403892517,2.9037099739070982e-05,5.233778962721664e-06,63.927799224853516,0.0020979886008717584,1.658909301753345e-05,433.01361083984375,5.3755399494548326e-05,6.387928652424209e-06,1.5941001176834106,0.00017594280034245459,1.0388429739922415e-05,6.317853927612305,0.0021790978993522004,8.67217919505293e-05,3.937469005584717,4.977709977538325e-05,7.015129232248927e-06,-23.46767807006836
64,8,456,cuda,5.9166699065826835e-05,7.501786705183877e-06,-0.3710073232650757,0.006759823500760831,5.51748508550287e-05,238.01451110839844,0.009877247800613987,3.713731808000822e-05,6.765859603881836,0.00046968590031610803,9.055960052951743e-06,0.2648143470287323,5.119279994687531e-05,7.077110608625302e-06,63.92779541015625,0.009895116700499784,3.174731448289586e-05,433.0150146484375,6.287630058068316e-05,1.8529564521533162e-05,1.5941001176834106,8.743059952394105e-05,7.87221208358635e-06,6.317853927612305,0.010015892900264589,4.338115815640076e-05,3.937469482421875,0.0001138324001658475,1.4453733341940666e-05,-23.46767807006836
64,16,42,cpu,2.5961200663005002e-05,7.688302581137173e-06,2.4051361083984375,0.007855245300379465,0.00014934058046063047,246.6934051513672,0.004250905599474208,5.611147540741614e-06,6.810666561126709,0.002364039900203352,0.00042287770545871623,0.1855601966381073,3.1080500775715336e-05,5.848819475725768e-06,64.38113403320312,0.004241645199726918,6.3088671264652e-05,435.8826904296875,0.00010777020033856389,8.762991234483366e-06,1.604736328125,0.0003389886005606968,4.4667608860019285e-05,6.398001194000244,0.004916159499771311,0.00016754041833052748,3.936511754989624,7.554890107712709e-05,1.5071967777541484e-05,-95.4292984008789
64,16,42,cuda,7.519170103478245e-05,1.0365199724943577e-05,2.4051358699798584,0.013322670099660172,6.126061614824711e-05,246.69595336914062,0.019529852999039577,0.00028527597612055405,6.8106889724731445,0.00035062310053035617,9.16206570596218e-06,0.18555976450443268,5.3745400145999155e-05,7.328200227068904e-06,64.38113403320312,0.019454528798814864,4.4394957330571894e-05,435.88409423828125,5.802520099678077e-05,6.924347090181952e-06,1.604736328125,9.130019934673328e-05,1.1324970139174285e-05,6.398001194000244,0.019538771200313932,3.5007953909627265e-05,3.936511516571045,0.00010885989977396093,7.262031257125521e-06,-95.4292984008789
64,16,123,cpu,2.5062299027922563e-05,5.661212098237938e-06,3.1594738960266113,0.007966134000889724,0.0001526735895944436,245.44461059570312,0.004225870199297788,2.2214957315646623e-05,6.780508995056152,0.0023979914989467944,0.0004519252546708926,0.4419115483760834,3.199210004822817e-05,5.457725524903476e-06,64.13243865966797,0.00422976420049963,7.967100041074937e-06,433.95257568359375,6.246689990803133e-05,6.134434573349739e-06,1.5979669094085693,0.00030088359962974207,1.4595836245105662e-05,6.370047569274902,0.004187968799669761,4.239460653745048e-05,3.9364540576934814,5.422680005722214e-05,7.076345586787703e-06,-27.41299057006836
64,16,123,cuda,5.875490023754537e-05,7.584121039819262e-06,3.1594741344451904,0.013259380700037581,2.728899236463827e-05,245.44749450683594,0.019527660900348565,4.5627941792720825e-05,6.78053092956543,0.0003457267997873714,7.44907996793395e-06,0.4418904185295105,5.374739994294942e-05,6.590236404101477e-06,64.1324462890625,0.019527426800777903,4.9682464236227906e-05,433.9539794921875,5.971489990770351e-05,6.724685343303153e-06,1.5979669094085693,8.789099883870222e-05,7.006716015609323e-06,6.370047569274902,0.019639038200693903,3.755771435624261e-05,3.9364542961120605,0.00011183249989699107,1.478289738069438e-05,-27.41299057006836
64,16,456,cpu,2.482249983586371e-05,6.071391698962973e-06,-0.5184869766235352,0.00789570180058945,0.00027369258996281023,240.52783203125,0.004135629199663526,5.418431861504876e-05,6.758218765258789,0.0024358111004403327,0.0006516903169051572,0.23718318343162537,3.2212099540629424e-05,5.801005271336953e-06,63.928993225097656,0.004161299300176324,0.0001121808950798938,432.5260009765625,6.564289978996384e-05,6.729581999279979e-06,1.5953103303909302,0.0002991267003380926,7.3945180194784215e-06,6.348244667053223,0.004154076700069708,3.9856883121699276e-05,3.935992479324341,5.3703899902757256e-05,7.136685297313843e-06,-16.085784912109375
64,16,456,cuda,5.832170027133543e-05,8.252452282164979e-06,-0.5184870958328247,0.013221339600204374,5.3748757947967973e-05,240.530517578125,0.019534457699774067,0.00010116392892909991,6.758241176605225,0.00035164279979653655,9.922427646960469e-06,0.23718413710594177,5.3594399651046844e-05,6.715530189642557e-06,63.92898941040039,0.0195022361996962,7.739810079060174e-05,432.5274353027344,5.8619999617803845e-05,6.7817652399325424e-06,1.5953103303909302,8.84102006239118e-05,7.523239805644105e-06,6.348244667053223,0.019645842599493334,6.696353192830625e-05,3.93599271774292,0.00010821980067703408,7.127836684277473e-06,-16.085784912109375
64,32,42,cpu,2.8914599897689187e-05,5.72195660857104e-06,2.504338502883911,0.01289961949987628,0.0004301321646982534,244.45016479492188,0.008294980800565099,6.925161624410971e-05,6.799834251403809,0.002862162299788906,0.0005804670066908295,0.24512946605682373,3.187020010955166e-05,5.736926114636165e-06,64.29023742675781,0.00825563599864836,3.832601507509023e-05,435.1893615722656,6.281850000959821e-05,6.737527705425188e-06,1.602576732635498,0.0005342373995517846,1.0776584958456849e-05,6.4088006019592285,0.008044275199790719,8.683297233474627e-05,3.936398506164551,6.46088992652949e-05,1.592895710423604e-05,-50.54029846191406
64,32,42,cuda,5.971270002191886e-05,7.420721837584759e-06,2.5043387413024902,0.02656361890003609,8.76017749457192e-05,244.45281982421875,0.03894900109989976,0.0004343391063890177,6.799856185913086,0.0012930355998832966,4.0179463012332084e-05,0.24512964487075806,5.245510037639178e-05,7.048414934717631e-06,64.29023742675781,0.0386923130005016,6.506750672752205e-05,435.1907653808594,6.0938099704799245e-05,7.098859843041125e-06,1.602576732635498,0.00010353640027460642,1.861209609252118e-05,6.4088006019592285,0.03882828099995095,7.35931495110951e-05,3.936398506164551,0.00010813219996634871,7.80317239518395e-06,-50.54029846191406
64,32,123,cpu,3.1325399686465974e-05,7.5231258482076965e-06,0.9568202495574951,0.02451752929991926,0.001875713963553978,245.2120361328125,0.012743116700221435,0.0016579469220263856,6.781031131744385,0.020668994799416397,0.001785040856975087,0.4031747281551361,0.003240272300536162,8.369396674857011e-05,64.13431549072266,0.010334553799111745,0.001412695600730205,433.9859619140625,6.282049944275058e-05,6.737116126493479e-06,1.5972089767456055,0.0005362411997339222,1.207080442627517e-05,6.374405384063721,0.008124365399271482,6.18033180657049e-05,3.9363958835601807,6.064299996069167e-05,1.0950388097567543e-05,396.0770568847656
64,32,123,cuda,5.692639933840837e-05,7.168862576803462e-06,0.9568207263946533,0.02637938530097017,0.00013860360711178126,245.21475219726562,0.03881716240030073,7.502112322526514e-05,6.781052589416504,0.0012466436994145625,2.8626460474205634e-05,0.4031752049922943,4.966120031895116e-05,6.141240119505221e-06,64.13432312011719,0.038912288000574335,0.0002640831846054196,433.98736572265625,6.441809891839511e-05,7.963466382728955e-06,1.5972089767456055,9.529220042168163e-05,6.9846783667030305e-06,6.374405860900879,0.03897245139996812,5.7193214271752806e-05,3.9363961219787598,0.0001085380012227688,8.153234054308739e-06,396.07708740234375
64,32,456,cpu,2.725059930526186e-05,5.534525006274563e-06,-1.6614387035369873,0.012560106199453002,0.0002077583401050863,241.74720764160156,0.00820405509948614,3.79060223244635e-05,6.750931262969971,0.002896915000019362,0.000681490001496494,30.877376556396484,3.384589981578756e-05,7.0501976307168685e-06,63.896671295166016,0.0086408039995149,0.0008597407301129303,432.0595703125,6.52147995424457e-05,1.4016152181570572e-05,1.594124436378479,0.0005355614997824887,1.2829415904903121e-05,6.330332279205322,0.00817069589829771,0.00013654687591224,3.935053825378418,5.789920032839291e-05,6.841589472753931e-06,11.265262603759766
64,32,456,cuda,5.6826799482223575e-05,7.333348850839446e-06,-1.6614387035369873,0.026448463299675495,5.6181967435710544e-05,241.7498321533203,0.03874825340026291,8.170095303700475e-05,6.750953674316406,0.001252090499838232,2.7793904532613808e-05,30.87009620666504,4.991649948351551e-05,6.36286378644707e-06,63.89666748046875,0.03872553439978219,8.151695215299059e-05,432.06103515625,6.067180001991801e-05,6.732725532153272e-06,1.5941243171691895,9.518939987174235e-05,1.1037828442570495e-05,6.330331802368164,0.03880656760011334,0.00015177416540699453,3.935053825378418,0.00010943460038106422,7.458361717041215e-06,11.265264511108398
64,64,42,cpu,3.59830999514088e-05,5.721492655514244e-06,1.5836749076843262,0.024644796799111645,0.00014098802379620777,243.53216552734375,0.01583626650062797,0.0005346849040913824,6.782698154449463,0.00814400929994008,0.0007312387816362185,0.3358234763145447,4.0816600812831896e-05,5.4521071386723385e-06,64.13937377929688,0.015696858800583868,0.00039284275152947105,434.09271240234375,8.69764986418886e-05,6.980545163563715e-06,1.598746657371521,0.0010186256004089955,2.1439882113469457e-05,6.383882522583008,0.015552923500945327,5.6846155443528835e-05,3.9363982677459717,6.864809984108433e-05,6.774384909338464e-06,-26.32767105102539
64,64,42,cuda,5.871319990546908e-05,7.706341535277204e-06,1.5836749076843262,0.0528981969004235,0.0002615443355277727,243.53482055664062,0.0777711228991393,0.00045866052193825694,6.78272008895874,0.0014125413003057475,2.204350091437909e-05,0.33585408329963684,5.333079971023835e-05,6.770115820125672e-06,64.13937377929688,0.07733906370049226,0.00012495522388402167,434.0940856933594,7.022559984761755e-05,1.8558577280558423e-05,1.5987467765808105,9.691050036053639e-05,9.998732795881167e-06,6.383882999420166,0.07757576980002341,0.00024293085467883674,3.9363980293273926,0.0001078228004189441,7.841360525751922e-06,-26.327669143676758
64,64,123,cpu,3.474309960438404e-05,5.497701771888153e-06,0.7098230123519897,0.03116396440054814,0.012939714576450467,242.66546630859375,0.01585515949955152,0.00033648833658561715,6.781217575073242,0.019584325600226292,0.002396151050034031,0.9264401197433472,0.003847213201515842,0.0004741301557221988,64.11373901367188,0.01836222120000457,0.0012062168423289707,433.9978942871094,9.370029983983841e-05,9.026291666822225e-06,1.5979410409927368,0.0010317199001292465,1.985142922451667e-05,6.378194808959961,0.01582677830083412,0.00012205093038474765,3.9365344047546387,6.921770000190008e-05,6.843273104067387e-06,227.5900421142578
64,64,123,cuda,5.913910063100047e-05,7.544010817581179e-06,0.7098232507705688,0.0529440877995512,0.0005290406342463945,242.66818237304688,0.07774983500021335,0.0007632412280213655,6.7812395095825195,0.0014508995001961012,6.739687256633569e-05,0.9260404109954834,5.1579999490058984e-05,6.500395733160951e-06,64.11373901367188,0.07726534889952745,0.00034053451919559757,433.99932861328125,6.0150399440317416e-05,6.875779687979077e-06,1.5979411602020264,8.872389989846851e-05,8.077736732178294e-06,6.378194808959961,0.07729667399944447,0.000337748749581961,3.9365341663360596,0.0001056373988831183,8.07953365697607e-06,227.59007263183594
64,64,456,cpu,3.322079937788658e-05,5.325808939062977e-06,-1.5392866134643555,0.030311273199913558,0.0016062029835364573,241.33526611328125,0.019088356099746306,0.0003264721512185968,6.765041828155518,0.018011257800026215,0.00122545957891805,15.673053741455078,0.0030707667996466626,0.0003871612183111562,63.97606658935547,0.01913411600035033,0.0008476003534569101,432.9626770019531,9.294449992012233e-05,9.239370824199153e-06,1.5953121185302734,0.0010174781997193349,1.5294713518191948e-05,6.337432384490967,0.016020002599907456,0.0002396362235943908,3.9363365173339844,8.501650008838624e-05,1.8264963746401087e-05,-50.89651870727539
64,64,456,cuda,5.888999985472765e-05,7.374707844953884e-06,-1.539286732673645,0.05301362399986829,0.0006767998459616953,241.3379364013672,0.07736263769984361,0.00020380519389286093,6.765064716339111,0.0014117204995272915,1.154615011311135e-05,15.669415473937988,5.191619929973967e-05,6.525627909834695e-06,63.976070404052734,0.07751905909935886,0.0004322290178120381,432.964111328125,8.051610057009384e-05,2.0410081328312343e-05,1.5953121185302734,0.00010493810004845728,3.4210063024135647e-05,6.337432861328125,0.07756381899962435,0.00022692967429212914,3.9363365173339844,0.00011008399924321566,7.744280848942671e-06,-50.89651870727539
64,128,42,cpu,4.720980032288935e-05,5.604373020823513e-06,1.3945014476776123,0.061485814900152036,0.01754641430425216,243.38796997070312,0.03277091150084743,0.0012164333928720399,6.781413555145264,0.004943868599002599,0.0008426866644620687,0.8324771523475647,5.0110700249206276e-05,5.748029477261852e-06,64.1021499633789,0.032399702199472816,0.0018221204610980968,434.01043701171875,0.00025373140088049697,0.00018392671973635426,1.598217487335205,0.002198514300471288,0.0004095911476018749,6.371029853820801,0.031643064199306535,0.0005078156207078776,3.9369733333587646,9.065980048035271e-05,1.2692826558678777e-05,-4.588403224945068
64,128,42,cuda,6.194449997565243e-05,7.66611435503631e-06,1.3945012092590332,0.10522278340031335,0.0002952921961988149,243.390625,0.1548186709998845,0.0003564970296836,6.781435966491699,0.0019832400994346244,3.1494464846564365e-05,0.8330745697021484,5.08931992953876e-05,6.322165723480336e-06,64.1021499633789,0.15458901689999038,0.00043648710337561037,434.0118713378906,6.174850022944156e-05,7.274556687243118e-06,1.598217248916626,0.00010325389957870357,1.812659830055086e-05,6.371029853820801,0.15483644790001563,0.0004205754176397178,3.9369735717773438,0.00010955190009553917,8.607752960582355e-06,-4.58840274810791
64,128,123,cpu,4.557339998427779e-05,5.019455023567768e-06,-0.2915036976337433,0.058179624399417665,0.024331808554944767,242.41754150390625,0.03139162030056468,0.0003533435609571181,6.7776899337768555,0.009592204901127842,0.00032991917284516935,0.673176646232605,5.523219988390338e-05,5.421924275275998e-06,64.0403060913086,0.0317027713990683,0.0005078820764245665,433.772216796875,0.00012363380010356196,6.254534745662834e-06,1.596301794052124,0.002052174599157297,1.6105668170953444e-05,6.365381717681885,0.03155907370019122,0.0007224581143244413,3.93754506111145,8.763179976085666e-05,5.9132203098733395e-06,134.12559509277344
64,128,123,cuda,5.750870041083544e-05,7.550431479564617e-06,-0.29150375723838806,0.10487243470051907,0.00026220711538649407,242.42022705078125,0.1541138429991406,0.0005573052774248001,6.777712821960449,0.0019815619991277343,3.4124389338385994e-05,0.6732133626937866,5.106810058350675e-05,9.493754644792602e-06,64.04031372070312,0.15431250909896335,0.0002871033607077978,433.77362060546875,6.0803499582107176e-05,7.130591212528717e-06,1.5963016748428345,9.050340049725492e-05,7.920881972934465e-06,6.365381717681885,0.15402250540028034,0.00023067303495592087,3.93754506111145,0.00011138069967273623,8.25786157025895e-06,134.1256103515625
64,128,456,cpu,4.754750043503009e-05,5.799300257413823e-06,-0.8924842476844788,0.04670991069979209,0.0004133404758011075,241.55506896972656,0.03266573830078414,0.001496501203382827,6.770375728607178,0.02306471759984561,0.0012106403054854486,8.066275596618652,0.004026725199946668,0.0007527133420183746,63.99150848388672,0.03222149190041819,0.0012481744398631736,433.3040771484375,0.00013672999957634602,7.544583915161431e-06,1.596049189567566,0.0020863566001935395,2.7724476316504604e-05,6.3460822105407715,0.03166190709998773,0.00017463444860452604,3.9371519088745117,8.594800056016538e-05,7.024632863613749e-06,0.9154528379440308
64,128,456,cuda,6.036129925632849e-05,8.67765543708391e-06,-0.8924842476844788,0.10524717009939195,0.00019127233127037477,241.5577392578125,0.15380726369985495,0.000332315096722735,6.7703986167907715,0.0020008316998428198,1.2213026876989009e-05,8.270042419433594,5.264539940981194e-05,6.802401557811542e-06,63.99150848388672,0.15404659119958525,0.0008029787484951922,433.3055114746094,6.41693997749826e-05,8.136547337721485e-06,1.596049189567566,9.273139949073084e-05,8.42011166726253e-06,6.346081733703613,0.15395943800031092,0.0006488853816095555,3.9371519088745117,0.00010935780010186135,8.10696935675073e-06,0.9154534339904785
64,256,42,cpu,8.099209953797981e-05,9.082666832441291e-06,0.16207773983478546,0.1019785429998592,0.007523885350652409,242.16665649414062,0.06294536370041896,0.0013925248949512676,6.7743330001831055,0.03097008159929828,0.0017439569491870992,1.4259836673736572,0.00370575089873455,0.0007535893796897878,64.00540924072266,0.06163186960038729,0.0005229780880476547,433.55731201171875,0.0008881595997081604,0.00016867952458669172,1.5961114168167114,0.004627079999409034,0.0009364996178096786,6.354695796966553,0.06250401330034946,0.00031504382978551524,3.9377079010009766,0.00012300000016693958,1.131280683888531e-05,-98.4439926147461
64,256,42,cuda,5.9526300174184146e-05,7.92542887559013e-06,0.16207771003246307,0.2107391919991642,0.0012056373896236422,242.16928100585938,0.3082154997991893,0.0004507738036847474,6.774354934692383,0.0026761741002701454,1.9353414354879485e-05,1.4297926425933838,5.8421800713404084e-05,1.607577971310482e-05,64.00540924072266,0.308272104799471,0.0005661029328112907,433.5587463378906,6.39098998362897e-05,6.963830680460874e-06,1.5961112976074219,0.00010389949966338463,2.026679414104516e-05,6.354695796966553,0.3079062394001085,0.0002533829378093719,3.9377079010009766,0.00011902299993380439,8.315382066842974e-06,-98.44398498535156
64,256,123,cpu,7.477389954146929e-05,4.857255742054388e-06,-0.2461170107126236,0.11983142029966984,0.039074588904757096,241.7899169921875,0.06426361650010222,0.002096068079641882,6.779508590698242,0.010302057299486477,7.727188180462884e-05,0.5534849166870117,7.234920012706425e-05,5.4466714002627415e-06,64.06803131103516,0.06197519699926488,0.00026065113611990607,433.8885192871094,0.00020795019991055598,6.345105071444992e-06,1.597158670425415,0.0037951375998090953,2.7198024990421468e-05,6.376474380493164,0.06335769949982932,0.001736083907089601,3.9372739791870117,0.00012558150083350484,1.4832443588862631e-05,66.1860122680664
64,256,123,cuda,6.0098499670857566e-05,7.949948347768956e-06,-0.24611707031726837,0.21019072140043135,0.00046657478569609866,241.79257202148438,0.3079759828004171,0.000636905718632006,6.779531002044678,0.002678518399989116,3.074168522834337e-05,0.5534918308258057,5.364600001485087e-05,9.258070961535683e-06,64.06802368164062,0.307987222200245,0.0004344916973144604,433.8899841308594,6.350219991873019e-05,6.846143461808724e-06,1.597158670425415,0.00010631619952619075,1.967490423597423e-05,6.376474380493164,0.30838559369913127,0.0003295969380001772,3.9372737407684326,0.00010760600052890368,7.670751495504576e-06,66.18601989746094
64,256,456,cpu,7.090030048857443e-05,4.630215558693546e-06,-0.7450249791145325,0.10401593049937219,0.01064058318378046,241.9952392578125,0.06398419800061675,0.0014600884841362981,6.773695468902588,0.028253738400235307,0.001012171529002507,4.231481075286865,0.003531967700109817,0.0012244805919178424,64.01678466796875,0.06463739999999234,0.002116961762927446,433.5164794921875,0.0011524918005306971,0.00021918609810904512,1.5965412855148315,0.005115965200820938,0.0006365562652399297,6.357964038848877,0.06420288420013094,0.0020228952677532894,3.9373600482940674,0.0001199444002850214,6.850262174579237e-06,-61.93730163574219
64,256,456,cuda,5.976269894745201e-05,8.386683102789055e-06,-0.7450250387191772,0.21001182650034025,0.0003796177932963593,241.99786376953125,0.30757797460028086,0.0006519474271981222,6.773717880249023,0.0026579179004329488,3.3405821498493345e-05,4.33335018157959,5.131859979883302e-05,6.772391852758259e-06,64.01678466796875,0.3073432416000287,0.0006536345447222538,433.5179138183594,6.528809972223825e-05,6.87225176833799e-06,1.596541166305542,9.658989984018262e-05,1.2058808930341544e-05,6.357964515686035,0.3074990988992795,0.0004103825464010698,3.9373598098754883,0.00011529270013852511,1.628758968971122e-05,-61.937294006347656
64,512,42,cpu,7.950950021040626e-05,5.65182349842708e-06,0.12961828708648682,0.17960356680014228,0.008840318444990747,241.99984741210938,0.12391593010070209,0.003020108334601203,6.7725725173950195,0.015904478399897927,0.001981167354195323,1.153820514678955,0.0001204526997753419,5.874955260221411e-06,63.99104309082031,0.12320814720005728,0.0005529566820499928,433.44464111328125,0.0018810902998666278,0.0007508498984449531,1.5953090190887451,0.009624373099723017,0.0019041525068298766,6.354084491729736,0.1255523355997866,0.002244820439010123,3.937591791152954,0.0002607854003144894,7.186853192614006e-06,-72.15802764892578
64,512,42,cuda,5.921610027144197e-05,7.397566834052699e-06,0.12961828708648682,0.41966233089951854,0.0011911989873257297,242.00250244140625,0.6164818811001169,0.000719088015582269,6.772595405578613,0.0034453096999641276,2.0761237675775057e-05,1.155820369720459,5.985589959891513e-05,9.624235395067655e-06,63.99104309082031,0.6162409390992252,0.0007145763529566005,433.44610595703125,9.115170105360449e-05,7.257114965892121e-06,1.5953088998794556,0.00012898339955427218,9.368688765570515e-06,6.354084491729736,0.6161579469000571,0.0009515574289091495,3.937591552734375,0.00011503210007504094,1.4401263966163845e-05,-72.15803527832031
64,512,123,cpu,5.1201100359321575e-05,8.795474750301776e-06,-0.3843644857406616,0.18794569870042324,0.01170112942503304,241.57672119140625,0.1256300814995484,0.0010856015901920598,6.779461860656738,0.053881507799815154,0.00032923874871994974,1.2714654207229614,0.0045874711991928056,0.001614304042622379,64.04630279541016,0.12674092699962786,0.0016355335425348922,433.88555908203125,0.002290204700329923,0.0005843586849195922,1.5968704223632812,0.010372685299807926,0.002088417748094351,6.372000694274902,0.1299131246007164,0.004499074070171545,3.93782639503479,0.000186722199578071,1.744158010584906e-05,38.5992431640625
64,512,123,cuda,5.8783499480341564e-05,9.411368403508968e-06,-0.3843644857406616,0.42064172089958446,0.0015012280414199747,241.579345703125,0.6148704131999694,0.0007997329190202955,6.779484748840332,0.0034285086007002975,2.1463519549166528e-05,1.2735905647277832,5.447909970826004e-05,6.956511359321261e-06,64.04629516601562,0.6151669811992179,0.000793820582470023,433.88702392578125,8.867119940987322e-05,4.610540265056201e-06,1.5968703031539917,0.00012461720070859882,3.03132705425072e-06,6.372000694274902,0.6154114466004103,0.0008217217116596588,3.937826156616211,0.00011139310045109596,1.1873853662850342e-05,38.5992431640625
64,512,456,cpu,4.9364300502929835e-05,5.948446424515073e-06,-0.17965757846832275,0.2011376154001482,0.03704707708677045,242.11500549316406,0.1262470983001549,0.002763846102955101,6.773526668548584,0.02248990389998653,0.0030413637980328794,2.380988597869873,0.00013184290000936016,1.0126054578383169e-05,63.99769592285156,0.12435267409964582,0.0008885195261914067,433.50567626953125,0.0027711249989806675,0.0004872261061252925,1.5963729619979858,0.009657615800097118,0.0015663464103188695,6.355391025543213,0.12602641890007363,0.003353608274651951,3.9377262592315674,0.0001798805005819304,6.758487881845644e-06,-29.32510757446289
64,512,456,cuda,5.880369972146582e-05,9.716377304231161e-06,-0.17965754866600037,0.42189256849960655,0.0019860092093877883,242.11764526367188,0.6163639708003756,0.001558890911298981,6.7735490798950195,0.003457259600327234,2.582199667241213e-05,2.431990385055542,5.316089918778743e-05,6.303968794827518e-06,63.99768829345703,0.6162224082003377,0.0006848013168433974,433.50714111328125,9.480470034759492e-05,9.971773321111513e-06,1.5963729619979858,0.00012594859945238567,2.6247008764196877e-06,6.355390548706055,0.6163595679005084,0.0006674752959581513,3.9377262592315674,0.00011385010002413764,1.7285223377118673e-05,-29.325105667114258
64,1024,42,cpu,0.0001098170003388077,5.4516534432321095e-06,-0.027623243629932404,0.3581379860996094,0.019021554761390468,242.18115234375,0.2475287921992276,0.003458651077580304,6.774982929229736,0.030320992400083922,0.003669317913493214,1.412353277206421,0.00022017100018274506,9.314330535416214e-06,64.0032730102539,0.25042329690004406,0.0024969195264720055,433.59893798828125,0.004490180599532323,0.0010941446303221662,1.5959067344665527,0.02117360720039869,0.003914583979864469,6.357687950134277,0.2469982855996932,0.0010730042111973042,3.9379260540008545,0.00033806820028985384,1.1111919633411424e-05,-36.22923278808594
64,1024,42,cuda,5.707970049115829e-05,1.0758045943497937e-05,-0.02762327343225479,0.8381626662998315,0.0009737865852416299,242.18380737304688,1.2308576996008924,0.001207209747600311,6.775005340576172,0.004440926200550166,4.212918829222491e-05,1.4172039031982422,6.10686998697929e-05,4.165958647981961e-06,64.00328063964844,1.2303897671004962,0.0016168859513499918,433.600341796875,0.00014152689909678883,3.848405169334163e-06,1.5959067344665527,0.00019064999978581909,4.574437710348012e-06,6.357687950134277,1.231136989499646,0.0030714837851380295,3.9379258155822754,0.00011477859952719882,8.763782494072802e-06,-36.22923278808594
64,1024,123,cpu,0.000110706000123173,5.556432062180458e-06,-0.1050165593624115,0.39076356119949196,0.07271045556257114,242.1049346923828,0.2477559109993308,0.0029247531359297093,6.777005195617676,0.04258845709991874,0.005376430175191507,0.8736135959625244,0.0002497190002031857,1.5005069076669446e-05,64.03047180175781,0.2488909973999398,0.0032611097111572744,433.72833251953125,0.004254027699789731,0.0010832475012387186,1.596398949623108,0.02031235190006555,0.0034419049313941246,6.366567134857178,0.2503911120002158,0.0024847932105986686,3.9377593994140625,0.00047546519999741577,1.1172798130193626e-05,29.308820724487305
64,1024,123,cuda,5.5500600865343586e-05,6.987915445527498e-06,-0.10501664876937866,0.8386328136992234,0.0016922203370091887,242.10757446289062,1.231292518999544,0.0016640122068181317,6.777027606964111,0.0044495248002931476,2.6443009535003142e-05,0.8746681213378906,6.389639966073447e-05,8.446202235418353e-06,64.03047180175781,1.2314893426002527,0.0022952506850681714,433.7297668457031,0.0001423739995516371,3.5174939608902535e-06,1.5963988304138184,0.0001936364009452518,5.180149878739642e-06,6.366567134857178,1.2301924590003182,0.0012839886137466499,3.9377593994140625,0.00011849959992105141,2.7490540902055306e-05,29.308822631835938
64,1024,456,cpu,7.325860096898395e-05,8.627477659324505e-06,-0.26058855652809143,0.3585354789000121,0.007905695486897641,242.3912353515625,0.2520652530994994,0.00445673569049354,6.774300575256348,0.10203473509936885,0.013548479433115941,1.5258419513702393,0.0038611934000073234,0.0008689162733997987,64.00345611572266,0.2501175927001896,0.0025141025566344285,433.5552673339844,0.005081648199848132,0.0014615429436219485,1.5962110757827759,0.01974519909999799,0.0031469784781228793,6.358427047729492,0.2502029856001172,0.004298194649621865,3.9377963542938232,0.000514258699331549,3.265194173622853e-05,-47.3947868347168
64,1024,456,cuda,5.840260018885601e-05,7.309480655365064e-06,-0.2605885863304138,0.8401425220003148,0.0013587158329097853,242.3938751220703,1.2315561929004617,0.001189305439982014,6.774323463439941,0.004412194400356384,1.8635148683406777e-05,1.5519205331802368,6.158810028864537e-05,3.721146644908279e-06,64.00344848632812,1.2287268276995746,0.0009952176110311485,433.55670166015625,0.00014228250038286205,4.332566993445472e-06,1.5962110757827759,0.00018952090067614336,4.074031898250336e-06,6.358427047729492,1.2321943593011384,0.0011546000137811722,3.9377963542938232,0.00011445549971540458,1.8949174190984144e-05,-47.39478302001953
