dim,channels,operation,mean_speedup,median_speedup,min_speedup,max_speedup,std_speedup,gpu_always_faster,gpu_never_faster
<<<<<<< HEAD
2,1,trace,0.40731420521038997,0.4015429722291737,0.3999940357712271,0.4204056076307691,0.011363908396186622,False,True
2,1,lambda_max,0.32212077685778995,0.31744450515114747,0.29303779269844066,0.3558800327237817,0.03168102619323438,False,True
2,1,svd_abs,0.20631132385749315,0.19975888096635352,0.18799306628458481,0.23118202432154106,0.02232761529946103,False,True
2,1,inverse,0.3170406315315231,0.3123407611588053,0.30508459010358874,0.3336965433321753,0.01487372021482753,False,True
2,1,frobenius_norm,0.3733620176191423,0.3737545003083714,0.3535314805235892,0.3928000720254663,0.019637237627307264,False,True
2,1,trace_norm,0.21116445705385511,0.2091165612696589,0.17485754150458416,0.24951926838732227,0.03737296848171605,False,True
2,1,addition,0.3356439676926472,0.33624886540610094,0.3298671926740193,0.34081584499782136,0.005499333855993846,False,True
2,1,multiplication,0.3922642789585042,0.37083291959538994,0.36713274751259445,0.438827169767528,0.04036706477724612,False,True
2,1,entropy,0.27062722918542853,0.2800844652961504,0.2332726230786244,0.29852459918151075,0.03363829042138392,False,True
2,1,michelson,0.37080315057572905,0.3704762605105659,0.3539374251866295,0.3879957660299917,0.01703152336365379,False,True
2,2,trace,0.4084692989924352,0.39773017826872686,0.3922422588534543,0.43543545985512444,0.023514031739186196,False,True
2,2,lambda_max,0.47029519186309615,0.4761886423182309,0.4394679381158541,0.4952289951552034,0.028343843056945147,False,True
2,2,svd_abs,0.21248550833214316,0.2081585578011541,0.19447214074678243,0.2348258264484929,0.0205218630514222,False,True
2,2,inverse,0.3854662443634112,0.3923027900548632,0.3709690048349764,0.39312693820039424,0.012561738355023016,False,True
2,2,frobenius_norm,0.40029803885031967,0.4034614134142032,0.39321786836514605,0.4042148347716096,0.006143168686418367,False,True
2,2,trace_norm,0.2164499148683602,0.22753099798539936,0.18804663657174905,0.2337721100479323,0.024795111079411028,False,True
2,2,addition,0.34322078017947266,0.33564951740276794,0.3298904033229143,0.3641224198127358,0.018328959415779413,False,True
2,2,multiplication,0.48282634483061077,0.4308118084483585,0.4230089693881513,0.5946582566553226,0.09692782598989548,False,True
2,2,entropy,0.2755808635983264,0.28369589255539857,0.25437195395806333,0.28867474428151735,0.01853538851020669,False,True
2,2,michelson,0.37416047800523516,0.3686243432076977,0.3637608951136806,0.3900961956943271,0.014013336702606849,False,True
2,4,trace,0.4138528631479941,0.4361446570850733,0.3605392813865645,0.44487465097234447,0.046376790515218126,False,True
2,4,lambda_max,0.45210268976707696,0.4456736713778714,0.43629397859233,0.4743404193310294,0.019821254281891406,False,True
2,4,svd_abs,0.2049027911750075,0.1959610599188799,0.19307645295751766,0.22567086064862493,0.01804341352339227,False,True
2,4,inverse,0.40524449370766713,0.39989356287965194,0.3997319083804501,0.4161080098628993,0.00940842816231921,False,True
2,4,frobenius_norm,0.4034318550281892,0.4151510334780697,0.3383404839301137,0.45680404767638405,0.06009499431335172,False,True
2,4,trace_norm,0.20633296350949495,0.19478899388666893,0.19256349621921617,0.23164640042259976,0.02195030241778601,False,True
2,4,addition,0.3275110117017365,0.3299451508038556,0.3225461603078669,0.330041723993487,0.004299958559991659,False,True
2,4,multiplication,0.4227551115443115,0.4256950838976918,0.4108520518163184,0.4317181989189244,0.010739255179288655,False,True
2,4,entropy,0.2731210688963923,0.25764081197653965,0.25579408097582335,0.30592831373681395,0.028426907840315322,False,True
2,4,michelson,0.3648013736055866,0.36681273218856203,0.35724425982033636,0.37034712880786147,0.006779046130396476,False,True
2,8,trace,0.39852564904784393,0.39847292556031216,0.3936303959051054,0.4034736256781142,0.004921826684846261,False,True
2,8,lambda_max,0.46966662626431116,0.46229321115200084,0.4609083049369629,0.48579836270396975,0.01398764389470469,False,True
2,8,svd_abs,0.20396651228058493,0.19964632949034045,0.19502412795079918,0.2172290794006152,0.011715927267101618,False,True
2,8,inverse,0.48436843024072246,0.4721997819622821,0.4615693852268967,0.5193361235329885,0.030745829218357664,False,True
2,8,frobenius_norm,0.37592173417939706,0.38317649812847476,0.3585421074862647,0.3860465969234519,0.015119455505001263,False,True
2,8,trace_norm,0.21733447094090427,0.21630310607648762,0.21093559602863748,0.2247647107175877,0.006972007485846489,False,True
2,8,addition,0.33801728183619506,0.328953488049569,0.32149556435962523,0.36360279309939086,0.02246928896050333,False,True
2,8,multiplication,0.4264478998136824,0.42756747387381266,0.42147373285961764,0.4303024927076168,0.004519605587935513,False,True
2,8,entropy,0.28515672974637335,0.28296258147746756,0.27217245571844806,0.30033515204320443,0.014208978887997839,False,True
2,8,michelson,0.36217811432841623,0.3614524111630775,0.35651570520624737,0.36856622661592386,0.006057949353898965,False,True
2,16,trace,0.39231665432436413,0.3930479795276819,0.37708818131551686,0.40681380212989354,0.014876298619440993,False,True
2,16,lambda_max,0.4707029188280345,0.4724359300904285,0.46355743675458155,0.47611538963909356,0.006455853250275603,False,True
2,16,svd_abs,0.23740279555353935,0.23912836913008692,0.23085249789613707,0.24222751963439407,0.005880559753332516,False,True
2,16,inverse,0.6591066475586592,0.6774266339014726,0.6217599325389165,0.6781333762355884,0.03234513430573622,False,True
2,16,frobenius_norm,0.38157453504518557,0.3619019312838899,0.3482907109680571,0.43453096288360965,0.0463638195867877,False,True
2,16,trace_norm,0.2535083864310723,0.2569740042349592,0.24360633653929822,0.25994481851895956,0.008703124635548593,False,True
2,16,addition,0.3376070664496043,0.32501833077834524,0.3047481391201104,0.38305472945035735,0.040642806517733304,False,True
2,16,multiplication,0.43024456090059543,0.44132772798311476,0.40320080347002624,0.4462051512486454,0.023547206339614605,False,True
2,16,entropy,0.2937485580251022,0.2936424954226625,0.2931627965969184,0.2944403820557256,0.0006453627722963999,False,True
2,16,michelson,0.372996986797822,0.37409903840335845,0.3652992600063854,0.37959266198372216,0.007210147247274679,False,True
2,32,trace,0.3976560675945715,0.39219378098717667,0.3774256671604419,0.4233487546360959,0.02344376083439122,False,True
2,32,lambda_max,0.5095874889273511,0.5066381086526252,0.49839663182604116,0.523727726303387,0.01292053481318644,False,True
2,32,svd_abs,0.3092390955499722,0.30294235405886244,0.3028382732235986,0.3219366593674555,0.010996535971812394,False,True
2,32,inverse,1.0771394436224546,1.0786891060925523,1.0574257916589445,1.0953034331158669,0.018986311408833837,True,False
2,32,frobenius_norm,0.4078786279011708,0.411980897405162,0.39499853098326,0.41665645531509055,0.011396836530518305,False,True
2,32,trace_norm,0.3244018920886203,0.32404134482417857,0.317085109347971,0.3320792220937113,0.007503555824102017,False,True
2,32,addition,0.36993079135331913,0.3395013457205064,0.3375571501042964,0.4327338782351546,0.05439775515188153,False,True
2,32,multiplication,0.4423596464087471,0.4512142538062713,0.39822863013054394,0.4776360552894259,0.040437455987167116,False,True
2,32,entropy,0.35038327858795965,0.35008379593022626,0.34936623805489364,0.35169980177875904,0.0011952603524117335,False,True
2,32,michelson,0.39152148732842235,0.3746576977983447,0.36423897848235404,0.43566778570456827,0.038585090038551526,False,True
2,64,trace,0.3778124999702818,0.37821611672448735,0.3566362458602113,0.3985851373261467,0.020977358119372735,False,True
2,64,lambda_max,0.587395184576463,0.5921704842099192,0.5650612782388165,0.6049537912806533,0.020370463032053195,False,True
2,64,svd_abs,0.3987132825491155,0.39527432991506556,0.38766453244814486,0.41320098528413596,0.013110964963557355,False,True
2,64,inverse,1.5904772494780186,1.5901739348856712,1.558045665988372,1.6232121475600123,0.03258429959218374,True,False
2,64,frobenius_norm,0.3807997068975047,0.36393085182086243,0.3394211041446845,0.4390471647269671,0.05191104593902659,False,True
2,64,trace_norm,0.4096870765907698,0.41379184134282637,0.4007417064874587,0.41452768194202433,0.007755649557629966,False,True
2,64,addition,0.33588849584947217,0.3398339143820483,0.32185196203850047,0.34597961112786774,0.012538365451397866,False,True
2,64,multiplication,0.4755036377304995,0.4595715045929918,0.45868073912043983,0.5082586694780667,0.0283701858360124,False,True
2,64,entropy,0.41563670169721617,0.41010036156062535,0.4040973228752703,0.43271242065575277,0.015089541140394663,False,True
2,64,michelson,0.3799193001624886,0.3844347504000601,0.3683372508988076,0.38698589918859816,0.01011113192946593,False,True
2,128,trace,0.43250798802934626,0.40813732738133585,0.40317582218629777,0.48621081452040515,0.046574127080350955,False,True
2,128,lambda_max,0.712043461939591,0.7154457493928342,0.6966484182642199,0.7240362181617189,0.014007304014057618,False,True
2,128,svd_abs,0.5728069764033493,0.5781283521838195,0.5562551977683401,0.5840373792578885,0.014635579326671077,False,True
2,128,inverse,2.6762484095213686,2.6700839581627336,2.6154932206079993,2.7431680497933733,0.06406025169551974,True,False
2,128,frobenius_norm,0.4359086148199966,0.44424336984869,0.3976363344553442,0.46584614015595543,0.034860371548077806,False,True
2,128,trace_norm,0.579387571244128,0.5837207011085087,0.5687965052656122,0.5856455073582632,0.009222484952317884,False,True
2,128,addition,0.3272885190980069,0.32651695893099936,0.3229256385279379,0.3324229598350836,0.004795441254074072,False,True
2,128,multiplication,0.4619187522141452,0.45352969881473976,0.43901756586111795,0.49320899196657775,0.028052804290113916,False,True
2,128,entropy,0.5456402264608455,0.5440937123122482,0.5398140756002987,0.5530128914699897,0.006733941238187352,False,True
2,128,michelson,0.40420661057846113,0.39824472357989765,0.3903454985733618,0.424029609582124,0.017615700555197445,False,True
2,256,trace,0.363026186692714,0.38002345679984295,0.23890841350597364,0.4701466897723255,0.11655241523014201,False,True
2,256,lambda_max,0.8450002251845076,0.9791181209927602,0.490608027288983,1.0652745272717796,0.30992112550235157,False,False
2,256,svd_abs,0.9137614863215416,0.8189859131940114,0.6068972739647596,1.3154012718058536,0.36363619963562777,False,False
2,256,inverse,3.8968586810413726,3.918274394745391,3.0558628034276953,4.716438844951031,0.8304951366597021,True,False
2,256,frobenius_norm,0.4431622867757014,0.44773950636761,0.41927401657075436,0.4624733373887397,0.02196038556533604,False,True
2,256,trace_norm,1.1441082576378092,1.3279640736762943,0.7636107765638397,1.3407499226732935,0.32958249242241366,False,False
2,256,addition,0.4130712283738391,0.401930441102198,0.3939791936969824,0.4433040503223369,0.026482507926023805,False,True
2,256,multiplication,0.5008438556017124,0.4742095973897115,0.44462740904358855,0.5836945603718371,0.07325951083317542,False,True
2,256,entropy,0.9888891464085079,1.0539105844528527,0.7304407518225621,1.1823161029501086,0.2328490364875423,False,False
2,256,michelson,0.4312572679796803,0.40102800920380166,0.3815419019576678,0.5112018927775714,0.06991626684440932,False,True
2,512,trace,0.5367034195065638,0.5441735635963103,0.5199972821666986,0.5459394127566822,0.014494855102005091,False,True
2,512,lambda_max,1.5085937844473538,1.4714738774120029,1.4152534638346246,1.6390540120954344,0.11642631564296192,True,False
2,512,svd_abs,1.7772035300678042,1.7884535155003318,1.728515287008923,1.814641787694158,0.04415161559042892,True,False
2,512,inverse,5.9861718361777605,5.995636497547363,5.6507392040421776,6.3121398069437396,0.33080186553399055,True,False
2,512,frobenius_norm,0.48076193319393906,0.4880514578637897,0.4661715855951276,0.4880627561228998,0.012635612933422389,False,True
2,512,trace_norm,1.709898316400772,1.7556982646752648,1.4764894460003608,1.8975072385266898,0.2142130291378081,True,False
2,512,addition,0.3986145107800172,0.32229418996401415,0.30387136635851875,0.5696779760175188,0.148431404903734,False,True
2,512,multiplication,0.6431214328831802,0.7003659899877301,0.5089088314470941,0.7200894772147164,0.11664913533875658,False,True
2,512,entropy,1.4893061665887766,1.4589857973092906,1.4465380521272113,1.5623946503298276,0.06360174079145879,True,False
2,512,michelson,0.48171640420737843,0.45946040845861413,0.448056364275803,0.5376324398877182,0.048759259024155115,False,True
2,1024,trace,0.6440415694328866,0.6605624786474842,0.5964459588819003,0.6751162707692753,0.04185641915013686,False,True
2,1024,lambda_max,2.4761709913849583,2.4831201833490173,2.3982295865632937,2.5471632042425645,0.07470959824864411,True,False
2,1024,svd_abs,2.3803138342528882,2.3207895875015607,2.2765649397367604,2.5435869755203444,0.14311723817202146,True,False
2,1024,inverse,11.31816337034899,11.339553051595033,10.859213086980812,11.755723972471126,0.44863802870299774,True,False
2,1024,frobenius_norm,0.6270052139037893,0.6192543092757151,0.6047057080025656,0.6570556244330871,0.027021950882306238,False,True
2,1024,trace_norm,2.2860025550575838,2.281419810745584,2.2696911867938763,2.306896667633291,0.019021385601340583,True,False
2,1024,addition,0.3611505065430549,0.40121477718980536,0.24020329760426667,0.4420334448350926,0.10671322045391692,False,True
2,1024,multiplication,0.5483162300302077,0.5416223239543078,0.5396255350152667,0.5637008311210487,0.013360810400570737,False,True
2,1024,entropy,2.0457156245303363,2.023439691889432,1.9709602637734418,2.1427469179281347,0.08803309898942888,True,False
2,1024,michelson,0.5168179852411701,0.5198605541889283,0.5065364884623919,0.52405691307219,0.009147908994863388,False,True
4,1,trace,0.4198519423065681,0.4203351870390737,0.41141472509831556,0.42780591478231494,0.00820627314423745,False,True
4,1,lambda_max,0.3358155069133426,0.328201166556745,0.3274582645495201,0.3517870896337627,0.01383678310860227,False,True
4,1,svd_abs,0.20036226214105188,0.2027251416261827,0.18699641779536424,0.21136522700160865,0.012355044116818223,False,True
4,1,inverse,0.3498279642939037,0.34559518028387454,0.3356359986686047,0.368252713929232,0.01671525871636087,False,True
4,1,frobenius_norm,0.41388863615089316,0.41214181469939193,0.40795002322870066,0.421574070524587,0.006977980013421202,False,True
4,1,trace_norm,0.21466811862468546,0.2221576314242696,0.19452631812630597,0.2273204063234808,0.017633282639723424,False,True
4,1,addition,0.34366067072824946,0.34580256706829254,0.328915248697174,0.3562641964192819,0.013799711059484748,False,True
4,1,multiplication,0.41800790897404266,0.4180743450355436,0.4122393036306193,0.4237100782559652,0.005735675892087233,False,True
4,1,entropy,0.2734373530032722,0.27805541164823505,0.25640184959221046,0.28585479776937117,0.015259878384766553,False,True
4,1,michelson,0.399622548512051,0.407015893661002,0.37715121876609137,0.4147005331090596,0.019836429020249527,False,True
4,2,trace,0.4095842712026944,0.42313675050290656,0.37525525916097524,0.4303608039442014,0.02994841461331543,False,True
4,2,lambda_max,0.5000344274043789,0.49100723223407083,0.4894639238134424,0.5196321261656234,0.016989637952960008,False,True
4,2,svd_abs,0.21737892908677484,0.216652942681529,0.21428968011587138,0.2211941644629242,0.0035090266770324945,False,True
4,2,inverse,0.38235001303716726,0.38668544887434103,0.36821023845949846,0.3921543517776623,0.012546997392681464,False,True
4,2,frobenius_norm,0.3948129752871321,0.3978108507958687,0.3880701814464466,0.39855789361908095,0.005851364783400338,False,True
4,2,trace_norm,0.22902276571804644,0.2289483460700226,0.22747066768086643,0.2306492834032503,0.0015906140923100988,False,True
4,2,addition,0.3376196884471243,0.33655448836442586,0.33418312804616707,0.34212144893077995,0.004074950678094867,False,True
4,2,multiplication,0.44553360995662517,0.43066283189920795,0.3988986399772117,0.5070393579934559,0.05558289982802204,False,True
4,2,entropy,0.2913898525328633,0.30009474884013765,0.27047729258419595,0.3035975161742564,0.0181952938270916,False,True
4,2,michelson,0.37014780715330575,0.36936031676040526,0.3543440079535156,0.3867390967459962,0.016211895333592505,False,True
4,4,trace,0.394051107030205,0.3919680261027238,0.38508441051228437,0.4051008844756069,0.010169524428109656,False,True
4,4,lambda_max,0.5694922383623869,0.5927784175368349,0.518357456684203,0.597340840866123,0.044342737281493634,False,True
4,4,svd_abs,0.219892774479984,0.2048287977716878,0.2036962124005393,0.2511533132677249,0.027078342847756103,False,True
4,4,inverse,0.44757639977089636,0.4571228055489725,0.3790495951659887,0.506556798597728,0.06428741812520938,False,True
4,4,frobenius_norm,0.3886393779024888,0.36904166355541423,0.31760129911991297,0.4792751710321392,0.08259941295490472,False,True
4,4,trace_norm,0.2378768323936874,0.22763558175444554,0.19964979307776412,0.2863451223488525,0.044245705332240294,False,True
4,4,addition,0.3554657686188299,0.3269830032356098,0.30235008642079364,0.4370642162000863,0.07173161878456875,False,True
4,4,multiplication,0.5555770985503679,0.592840300277281,0.4600308449918958,0.613860150381927,0.08341027185784934,False,True
4,4,entropy,0.31176396671856926,0.29146808802944274,0.26655041145311603,0.377273400673149,0.05808474071800347,False,True
4,4,michelson,0.4048116317483384,0.38317495796455103,0.35022800849260294,0.48103192878786144,0.06803326855643209,False,True
4,8,trace,0.3798057561507906,0.41152918827169993,0.3004160333812539,0.4274720467994179,0.06921408632335348,False,True
4,8,lambda_max,0.541133954232198,0.4882250413782837,0.381718335036133,0.7534584862821774,0.19143458362230506,False,True
4,8,svd_abs,0.2630009168795606,0.24113803929870606,0.22508710786108746,0.32277760347888834,0.052386518261853095,False,True
4,8,inverse,0.5195888707661315,0.5251655942859482,0.4532945476923936,0.5803064703200527,0.06368933981684827,False,True
4,8,frobenius_norm,0.3238816574352759,0.35553989050621027,0.2585734577715928,0.3575316240280247,0.05656732677163651,False,True
4,8,trace_norm,0.25684080736545584,0.25197477415724,0.20559786284102502,0.3129497850981026,0.05384113216175904,False,True
4,8,addition,0.33241633876250004,0.33374903617544616,0.24263482718121754,0.42086515293083643,0.08912263638380358,False,True
4,8,multiplication,0.38760570420577806,0.429311605932032,0.30158235131232897,0.4319231553729732,0.07450985156268786,False,True
4,8,entropy,0.2939333674539611,0.28540720181075874,0.24581732044882143,0.35057558010230305,0.05289702134183041,False,True
4,8,michelson,0.41920140536522954,0.37057212191576955,0.34370604904571667,0.5433260451342025,0.1083311641043228,False,True
4,16,trace,0.4548556851077256,0.45617515829232874,0.4000547285686615,0.5083371684621866,0.05415327741178168,False,True
4,16,lambda_max,0.7064999230673888,0.7160576806853531,0.6862950157554558,0.7171470727613576,0.017506438912202243,False,True
4,16,svd_abs,0.42003563460290794,0.41733623836768585,0.409292969958677,0.43347769548236087,0.0123162612910749,False,True
4,16,inverse,0.6968390031001844,0.6907939850860887,0.6676316119174844,0.7320914122969804,0.0326523069373999,False,True
4,16,frobenius_norm,0.39759421696268277,0.40032497824947133,0.3689714967254225,0.4234861759131545,0.02735973966687919,False,True
4,16,trace_norm,0.4322926435569439,0.4322082329116537,0.43028021976910963,0.43438947799006844,0.002055929145035919,False,True
4,16,addition,0.33318157731322406,0.3232483109376954,0.31269645338015367,0.3635999676218231,0.02686622928889291,False,True
4,16,multiplication,0.44266092079307984,0.42024165585762235,0.40770052178349697,0.5000405847381202,0.05008631935769107,False,True
4,16,entropy,0.4474688193276743,0.43499800970388325,0.427051858489702,0.4803565897894376,0.028757423637017332,False,True
4,16,michelson,0.39088638496947986,0.3978118658162606,0.3729386045420868,0.4019086845500921,0.015677630485405058,False,True
4,32,trace,0.4372339993550279,0.43525511399812045,0.41158715214370517,0.4648597319232582,0.026691364325078015,False,True
4,32,lambda_max,0.8162011075848273,0.8212774232989649,0.8051151996570631,0.8222106997984543,0.009612011610130086,False,True
4,32,svd_abs,0.643979851925402,0.6530995215771443,0.6204775784172674,0.6583624557817939,0.020522969184525612,False,True
4,32,inverse,0.89407240259149,0.9059420058367121,0.8507083257587055,0.9255668761790525,0.03881515494826925,False,True
4,32,frobenius_norm,0.399574077799983,0.3913299757515267,0.3911057231272833,0.41628653452113895,0.014473846397977738,False,True
4,32,trace_norm,0.6610119805237821,0.6626795946505404,0.6491954222729016,0.6711609246479043,0.011077297788873664,False,True
4,32,addition,0.36542633612484615,0.3638672433480975,0.3626881021983108,0.3697236628281302,0.0037680042540910764,False,True
4,32,multiplication,0.5505901356934801,0.5717264883058081,0.447359993324046,0.6326839254505863,0.09445262837012594,False,True
4,32,entropy,0.6011554342299043,0.5961136926357496,0.5915926935795695,0.6157599164743937,0.01284826970213111,False,True
4,32,michelson,0.4178569354331047,0.4228082214601807,0.4039656996455471,0.4267968851935861,0.012194350469528296,False,True
4,64,trace,0.46873140653246487,0.4687689071054391,0.4231130052500097,0.5143123072419458,0.04559966256096439,False,True
4,64,lambda_max,1.1385425078812876,1.1619906384155338,1.0278479519615633,1.2257889332667653,0.10103226781172377,True,False
4,64,svd_abs,1.0263226859315655,1.0326962445309127,1.0117326458823745,1.0345391673814095,0.012668900608812489,True,False
4,64,inverse,1.473123922777648,1.3645280484345248,1.3341454729800197,1.7206982469183991,0.2149431545854031,True,False
4,64,frobenius_norm,0.44320414201363484,0.44551434211134927,0.4374210453985687,0.44667703853098667,0.00504193619410757,False,True
4,64,trace_norm,1.0250553862431733,1.0210155890490618,1.0132655881569577,1.0408849815234997,0.014245971132608302,True,False
4,64,addition,0.35364675154268616,0.37911856301589836,0.26314269854909433,0.4186789930630656,0.080836220919705,False,True
4,64,multiplication,0.45605934520987423,0.5124355711087155,0.33496706147964195,0.5207754030412654,0.10495186555472995,False,True
4,64,entropy,0.8835954060247909,0.8732965645910751,0.8722303668992917,0.9052592865840059,0.018769043263907773,False,True
4,64,michelson,0.43442195205410955,0.4371619987809113,0.41984548651635983,0.4462583708650575,0.013417936016884716,False,True
4,128,trace,0.4200305106129793,0.407039418483642,0.3637880714499239,0.48926404190537187,0.06373877270915097,False,True
4,128,lambda_max,1.6503859394804408,1.58203283739128,1.4196629940050347,1.9494619870450078,0.27143296259012245,True,False
4,128,svd_abs,1.46632308705073,1.4924088767484325,1.3909862810286573,1.5155741033750998,0.06626373583923378,True,False
4,128,inverse,2.4792456995905945,2.5868639414653947,2.1272050975332326,2.723668059773157,0.3124552461060201,True,False
4,128,frobenius_norm,0.4035110811716743,0.4127163267262049,0.37203045470352497,0.425786462085293,0.02803532578188774,False,True
4,128,trace_norm,1.4986831948230412,1.4730858458784901,1.4158485612597045,1.6071151773309293,0.098168975804865,True,False
4,128,addition,0.37366155612041174,0.3686301744168565,0.32292308845051143,0.42943140549386716,0.05343212050103521,False,True
4,128,multiplication,0.5028447855897622,0.5157627502361399,0.4650401948114205,0.5277314117217261,0.03328216530482273,False,True
4,128,entropy,1.1994738498993538,1.2016290686320088,1.0435793238379498,1.3532131572281025,0.15482816740118513,True,False
4,128,michelson,0.5143227828764082,0.44441395417803997,0.42705281877387496,0.6715015756773095,0.1363973311153556,False,True
4,256,trace,0.48810209448889946,0.4871169164278671,0.4622659795764163,0.5149233874624152,0.02634252423700259,False,True
4,256,lambda_max,2.587975657405737,2.5874971853551,2.4755747901596585,2.700854996702452,0.11264086543798559,True,False
4,256,svd_abs,1.8671883328675278,1.9949795759064712,1.4976604949521013,2.108924927744011,0.3250523081708273,True,False
4,256,inverse,4.56374299719437,4.244635216146907,3.2520857501978973,6.194508025238306,1.4969417300306882,True,False
4,256,frobenius_norm,0.5591213523278983,0.5535462010864747,0.5111724771453813,0.612645378751839,0.05096566661618411,False,True
4,256,trace_norm,1.939419422340966,2.088611059230674,1.5127697873444705,2.2168774204477537,0.37501399725470214,True,False
4,256,addition,0.4582343486253076,0.42246907727638566,0.4067404841824898,0.5454934844170475,0.07597673818030953,False,True
4,256,multiplication,0.7099559299935182,0.7418674414026859,0.6119157250561813,0.7760846235216877,0.08661186538897263,False,True
4,256,entropy,1.7088323503116143,1.7728382616369776,1.3490337480915637,2.004625041206302,0.332449324582569,True,False
4,256,michelson,0.7346129977572144,0.5165133859237404,0.507531733215873,1.1797938741320302,0.38556410237303973,False,False
4,512,trace,0.5360523027581596,0.6121730205856799,0.3073980042810791,0.6885858834077199,0.20167256273524006,False,True
4,512,lambda_max,4.034954197150502,3.962341247116393,3.7599422274960803,4.382579116839034,0.3176061308872351,True,False
4,512,svd_abs,2.05981926895479,1.9745451098943099,1.9242265915955759,2.280686105374485,0.19292383961936416,True,False
4,512,inverse,9.133611966528454,9.517618118002272,6.809382600297522,11.073835181285572,2.1580047491030245,True,False
4,512,frobenius_norm,0.4980154049051884,0.5079456903245986,0.4655753415333682,0.5205251828575984,0.028789393737498746,False,True
4,512,trace_norm,2.0505000196501046,1.912513619414924,1.6010498525657642,2.637936586969625,0.5320373201036497,True,False
4,512,addition,0.4493795910357064,0.4422988024743241,0.4368712190523545,0.4689687515804407,0.01718039794609369,False,True
4,512,multiplication,0.8221882381457327,0.8288969138196779,0.6691609450859377,0.9685068555315824,0.14978567445555876,False,True
4,512,entropy,1.8733898111289193,1.742011745537961,1.5072447358492018,2.3709129519995953,0.4465712081918373,True,False
4,512,michelson,0.6293243570823676,0.6255916643932898,0.6165135928894268,0.6458678139643862,0.015028882851453703,False,True
4,1024,trace,0.6467840976687597,0.6416461216810787,0.6138683040397707,0.6848378672854295,0.03576267362428852,False,True
4,1024,lambda_max,6.930373152383538,7.43379916971256,5.677731498822786,7.679588788615268,1.0917584294919118,True,False
4,1024,svd_abs,3.267470781249775,3.245073000832445,3.156683017884833,3.4006563250320476,0.12351918505157207,True,False
4,1024,inverse,15.457164475851526,15.3162400288276,14.180773919143697,16.874479479583275,1.352370950003188,True,False
4,1024,frobenius_norm,0.6600381687510518,0.6627820864073343,0.654096868943919,0.6632355509019023,0.005150309705312483,False,True
4,1024,trace_norm,3.2550206235248638,3.139063637663544,3.113046526976371,3.512951705934676,0.22375333509682094,True,False
4,1024,addition,0.6451652279350361,0.6476155313002733,0.6001403129453152,0.6877398395595197,0.04385113745040655,False,True
4,1024,multiplication,0.9892832393110546,0.9651229910153705,0.8862247061109,1.1165020208068934,0.11702435051809187,False,False
4,1024,entropy,3.1054541959651054,3.1051409173065827,3.072854400765757,3.138367269822978,0.03275755806933045,True,False
4,1024,michelson,0.963779792649133,0.9697963714607416,0.9301505339251296,0.9913924725615278,0.03106112002863573,False,True
8,1,trace,0.41283467819109027,0.4061561915581461,0.40086349328245335,0.43148434973267125,0.016366455028992165,False,True
8,1,lambda_max,0.405883275814422,0.4106391517877387,0.39507846358283133,0.4119322120726961,0.009379550988457956,False,True
8,1,svd_abs,0.21207298907746996,0.2090915864316281,0.20355225525603768,0.22357512554474418,0.010339023404174408,False,True
8,1,inverse,0.3220459861475422,0.323483270508004,0.3103573414925264,0.33229734644209624,0.011040393745080297,False,True
8,1,frobenius_norm,0.40211775052834736,0.3990216275959029,0.3368334938179438,0.4704981301711955,0.06688608402180053,False,True
8,1,trace_norm,0.22034851540686365,0.2219435584392579,0.21645285755637642,0.2226491302249566,0.0033921336135595503,False,True
8,1,addition,0.2868994558777976,0.3118862084250682,0.2134157856257004,0.33539637358262425,0.06471529426436311,False,True
8,1,multiplication,0.502045825537273,0.46354069684212734,0.4500639754514232,0.5925328043182684,0.07865319765619769,False,True
8,1,entropy,0.29956732614609227,0.292412125209343,0.2765638382114175,0.3297260150175163,0.027293807649807135,False,True
8,1,michelson,0.4286397478787027,0.39123472447845087,0.3589190570909956,0.5357654620666616,0.0941701362953477,False,True
8,2,trace,0.42108530353784124,0.41770808023894107,0.41681340588900523,0.4287344244855774,0.006639420080318053,False,True
8,2,lambda_max,0.5749677591690255,0.5718465747732351,0.5644323303180356,0.5886243724158059,0.012394356346316112,False,True
8,2,svd_abs,0.20322091413841914,0.19765008431278336,0.1954791845325064,0.21653347356996772,0.011579999154917326,False,True
8,2,inverse,0.5181209301444009,0.4465922532323088,0.3952150965294682,0.7125554406714255,0.17033345889938892,False,True
8,2,frobenius_norm,0.3892992108669262,0.3874324766705362,0.3781785694413901,0.40228658648885235,0.012161934217473854,False,True
8,2,trace_norm,0.18661199842796491,0.20291737303901347,0.15035991620341196,0.2065587060414693,0.03144797172665519,False,True
8,2,addition,0.3411316847356816,0.34345420143562266,0.3356029738991012,0.3443378788723211,0.004808347334472002,False,True
8,2,multiplication,0.5006458662991914,0.4990742100160234,0.4865265895212059,0.5163367993603447,0.01496712164271032,False,True
8,2,entropy,0.26888549686084023,0.2672307541646339,0.2599261281853799,0.27949960823250686,0.00989110258423222,False,True
8,2,michelson,0.3660400242234158,0.36458624172474785,0.356280032587867,0.3772537983576325,0.010562188471444812,False,True
8,4,trace,0.4084709777109275,0.41250353972616455,0.3944474270643455,0.4184619663422725,0.01250482672762099,False,True
8,4,lambda_max,0.7067436981390638,0.7059255413533186,0.7005486425363547,0.7137569105275181,0.006642034419223028,False,True
8,4,svd_abs,0.25045990037797033,0.25112846759539637,0.24141555823768154,0.25883567530083296,0.008729281540690356,False,True
8,4,inverse,0.48790017141590725,0.4843216530892097,0.4674936762717079,0.5118851848868041,0.02241106544414886,False,True
8,4,frobenius_norm,0.37564994420769376,0.3835913141838495,0.3575028459779864,0.38585567246124536,0.015756576729134036,False,True
8,4,trace_norm,0.26264788020212904,0.263949474254247,0.256978833763704,0.26701533258843607,0.0051432905296214465,False,True
8,4,addition,0.3409037884384662,0.34273147509269153,0.3370032419869199,0.34297664823578705,0.0033801959163673443,False,True
8,4,multiplication,0.5615128884166559,0.5493074798296347,0.5331941049516725,0.6020370804686608,0.03600788550568141,False,True
8,4,entropy,0.3040498880589984,0.3036299224433515,0.30079633949805473,0.307723402235589,0.0034825748924004916,False,True
8,4,michelson,0.3709221619055006,0.3570017417004876,0.3561483406587236,0.39961640335729065,0.02485360522549476,False,True
8,8,trace,0.3827995119308749,0.39188605657131115,0.3336192730184693,0.42289320620284426,0.04532529930049048,False,True
8,8,lambda_max,5.690431086652461,1.0201094365797045,0.6873851217426008,15.363798701635078,8.379033782505404,False,False
8,8,svd_abs,0.41710925693093587,0.452507353664537,0.2851955748556459,0.5136248422726248,0.11825714140142005,False,True
8,8,inverse,14.834468670530379,14.34747247214861,12.926699714367604,17.229233825074925,2.192218948093171,True,False
8,8,frobenius_norm,0.4972059596278477,0.4828059183556691,0.44605961568279523,0.5627523448450789,0.059664220026041194,False,True
8,8,trace_norm,0.46318710462455015,0.44955113829882615,0.4472309200801241,0.49277925549470014,0.02565379889971248,False,True
8,8,addition,0.379957296499736,0.366985784549904,0.3655393593253982,0.40734674562390577,0.023730981416212753,False,True
8,8,multiplication,0.7706340171863686,0.737461891906383,0.6796651292274768,0.8947750304252461,0.11132546797575932,False,True
8,8,entropy,0.46088713840755907,0.46436297174898766,0.45114464999510373,0.4671537934785859,0.008551855461344024,False,True
8,8,michelson,0.41691512485006754,0.41917918361076856,0.383252904910777,0.4483132860286569,0.03258922781157718,False,True
8,16,trace,0.42652525917025663,0.4272491304920153,0.4175868471218912,0.43473979989686345,0.008599356923221384,False,True
8,16,lambda_max,6.645498489104967,1.5500900723904278,1.4542065720130852,16.93219882291139,8.908672809659192,True,False
8,16,svd_abs,0.7028764349714408,0.7014471526908322,0.6932825173377796,0.7138996348857105,0.010382606603090894,False,True
8,16,inverse,12.611187117037757,13.612833601310822,10.546315837515504,13.674411912286942,1.7884960225962385,True,False
8,16,frobenius_norm,0.4315788911904505,0.4216175514135622,0.40137413144841516,0.4717449907093741,0.03622755409759793,False,True
8,16,trace_norm,0.7058634002742461,0.7051198157660408,0.6995786920081141,0.7128916930485835,0.006687577111070723,False,True
8,16,addition,0.36066427828048037,0.355220089269194,0.34912839755767,0.37764434801457714,0.015017298462378445,False,True
8,16,multiplication,0.999771530588399,0.9933616474287739,0.9767331802805248,1.0292197640558982,0.02682396914500829,False,False
8,16,entropy,0.6469811852830686,0.6454374206134391,0.6420757243703278,0.6534304108654385,0.005832635199201078,False,True
8,16,michelson,0.3973530807260886,0.39480678417362364,0.38169666786210327,0.41555579014253907,0.01707257332683616,False,True
8,32,trace,0.47380632922368343,0.46227039721974694,0.3097809373212274,0.6493676531300759,0.17008701503600884,False,True
8,32,lambda_max,15.186090619617053,15.94767838164108,10.796968365221067,18.813625111989015,4.062229472632435,True,False
8,32,svd_abs,0.9160337645874869,0.9581340342198829,0.8098256401364209,0.9801416194061568,0.09263480839291792,False,True
8,32,inverse,24.314351139750354,22.553432965014647,19.01080746996281,31.378812984273594,6.369263278754568,True,False
8,32,frobenius_norm,0.411213928892815,0.42423095015591633,0.3811761120406356,0.42823472448189315,0.026090427040336903,False,True
8,32,trace_norm,1.0426467012093374,0.9635698109582352,0.9270656973560958,1.2373045953136816,0.16956387994004798,False,False
8,32,addition,0.37198518254975826,0.37246955793866,0.3525669047959307,0.3909190849146842,0.019180677636709224,False,True
8,32,multiplication,1.4794316793481883,1.4239993416491836,1.3954577476203645,1.6188379487750164,0.12156988366390564,True,False
8,32,entropy,0.9023276671769181,0.856311493192209,0.8193144512350842,1.0313570571034614,0.1132635549371741,False,False
8,32,michelson,0.40569800300472664,0.4013907649310997,0.39749487415056034,0.41820836993252003,0.011008017611926858,False,True
8,64,trace,0.5391765059097701,0.4624409418914728,0.4452683099554626,0.7098202658823747,0.14803105902172473,False,True
8,64,lambda_max,7.584694338967292,4.590501399668856,3.921780720629191,14.24180089660383,5.774911049223128,True,False
8,64,svd_abs,1.5560262953212354,1.3346784258371902,1.3206152336430552,2.012785226483461,0.3956273299975828,True,False
8,64,inverse,25.081897071087493,22.81669383488837,22.418833527130698,30.01016385124341,4.272637744814499,True,False
8,64,frobenius_norm,0.429156409644406,0.4330378624414626,0.4205034502179522,0.43392791627380306,0.007506885444910356,False,True
8,64,trace_norm,1.5659625545986293,1.3432077618243792,1.3290960785220893,2.02558382344942,0.3981062270128589,True,False
8,64,addition,0.4317092442634134,0.4174412473149557,0.4054667522530307,0.47221973322225375,0.03559033463962178,False,True
8,64,multiplication,2.5002719217921014,2.4390946099755633,2.383116855343316,2.6786043000574247,0.15695606107042123,True,False
8,64,entropy,1.3486315273403593,1.180555290873344,1.1757589392427985,1.6895803519049357,0.2952800822544853,True,False
8,64,michelson,0.4995063130772099,0.41011546016923783,0.3972943361605337,0.6911091429018582,0.16605670297468117,False,True
8,128,trace,0.3929971882008852,0.42858849960336565,0.2895295589333664,0.4608735060659237,0.09104802655880244,False,True
8,128,lambda_max,7.507894968175653,6.462737249820315,5.633281544952658,10.427666109753988,2.5623810862125116,True,False
8,128,svd_abs,1.623958099536453,1.59449881470696,1.5174185146220565,1.7599569692803432,0.12392381770267713,True,False
8,128,inverse,31.010339785246824,33.76709569624325,23.859345246998323,35.40457841249889,6.246829561950117,True,False
8,128,frobenius_norm,0.46626034074154815,0.4624468218973528,0.43760142484622394,0.4987327754810676,0.030743579851593802,False,True
8,128,trace_norm,1.9812602802496204,1.6769662183795506,1.6278158495511545,2.6389987728181556,0.5701481238623335,True,False
8,128,addition,0.49941108362556075,0.49557450669629266,0.480226077714404,0.5224326664659855,0.02136325175182668,False,True
8,128,multiplication,4.431333487781795,4.292292614096121,4.281639447129476,4.720068402119787,0.2501084975764129,True,False
8,128,entropy,1.7751735521551588,1.6809851189598992,1.453504721139866,2.191030816365712,0.37767682083443294,True,False
8,128,michelson,0.43680026380373027,0.43527163317424006,0.41623069268268115,0.4588984655542695,0.02137492091579345,False,True
8,256,trace,0.5553597578187103,0.560866032748033,0.3481740755335471,0.7570391651745505,0.20448815290741026,False,True
8,256,lambda_max,14.288381032042706,16.092757826837136,9.959571446939536,16.81281382235144,3.766107337454659,True,False
8,256,svd_abs,2.2148172454133648,2.2170173778005804,2.193496923511749,2.2339374349277663,0.02030982958540549,True,False
8,256,inverse,30.1145409885555,30.02321237118473,18.84165345261951,41.47875714186225,11.318828187875502,True,False
8,256,frobenius_norm,0.4663229281624563,0.5256798206445904,0.3471739836751459,0.5261149801676327,0.1031862421560295,False,True
8,256,trace_norm,3.0434616739185665,3.031450287818376,2.0532800655104326,4.045654668426892,0.9962416095675115,True,False
8,256,addition,0.5518635294106943,0.5386390262557731,0.49707314951873405,0.6198784124575757,0.06246157830330898,False,True
8,256,multiplication,7.400787124137584,7.5490150599884425,6.573106702693399,8.08023960973091,0.7644220304215399,True,False
8,256,entropy,2.8145925077329355,3.0950103551994577,2.1217357420498257,3.227031425949522,0.6036516082105164,True,False
8,256,michelson,0.5374192027824071,0.47402992200521593,0.45065827960604177,0.6875694067359633,0.13055792288321547,False,True
8,512,trace,0.6686208750120851,0.7341848475216385,0.38137617528530443,0.8903016022293123,0.26072063289268127,False,True
8,512,lambda_max,24.319552230461586,25.250729009635506,17.404225488508125,30.303702193241126,6.499957112130962,True,False
8,512,svd_abs,3.367469999702429,2.6943651712542764,2.6546172954082476,4.753427532444763,1.2004389552711465,True,False
8,512,inverse,37.89046777613823,41.45348775911919,28.808164941749787,43.409750627545726,7.926090441336853,True,False
8,512,frobenius_norm,0.6193257666741597,0.6367939261486741,0.5791691581904673,0.6420142156833377,0.03487445711965775,False,True
8,512,trace_norm,3.573592023661481,3.1781532040150955,2.7245883294481748,4.818034537521171,1.1013210937716102,True,False
8,512,addition,0.9922635258476431,1.0144008678812066,0.9224757315995598,1.0399139780621627,0.06176958691205571,False,False
8,512,multiplication,16.53460856978967,15.73474853470438,15.514479616121724,18.354597558542896,1.5799998539590578,True,False
8,512,entropy,4.294464268611705,3.6699803866533016,3.4858282937979586,5.7275841253838555,1.2445289836848807,True,False
8,512,michelson,0.5131193739284591,0.5293710844578372,0.48040327075231987,0.52958376657522,0.02833317602554646,False,True
8,1024,trace,0.9853942122787016,1.0568946941954795,0.7666431254345334,1.1326448172060921,0.19319303502108812,False,False
8,1024,lambda_max,49.18620152584208,50.92400874158432,34.873378091183596,61.76121774475832,13.527895651149912,True,False
8,1024,svd_abs,5.123286980950115,5.694911839338509,3.7245405664581543,5.95040853705368,1.2180674405288179,True,False
8,1024,inverse,134.77928387153747,117.84406980163281,101.35226040624913,185.14152140673048,44.38762407976821,True,False
8,1024,frobenius_norm,78.32742744458629,115.3660536259586,1.0490173733164123,118.56721133448384,66.94420325932799,True,False
8,1024,trace_norm,3.9601150932265483,3.487467773533159,3.338731723109923,5.054145783036564,0.95037254056423,True,False
8,1024,addition,1.373832404982964,1.312857659180637,1.2035771640306754,1.6050623917375795,0.20757176285795703,True,False
8,1024,multiplication,27.206980462576013,28.97281727033462,23.18341241335842,29.464711704035,3.493181203214323,True,False
8,1024,entropy,3.1659595124413293,3.1526276496650043,3.084916318387248,3.260334569271737,0.0884657821400935,True,False
8,1024,michelson,0.5643276307732185,0.61334580312853,0.431582003952406,0.6480550852387191,0.11626364283897596,False,True
16,1,trace,0.407068187590269,0.40617086426573906,0.40537945740951825,0.40965424109554976,0.0022742769734905694,False,True
16,1,lambda_max,0.4501945341945803,0.43393839639482185,0.42027929311635315,0.4963659130725657,0.04056463911110059,False,True
16,1,svd_abs,0.15160743502733845,0.14908014104941672,0.14887722748048043,0.15686493655211825,0.004554260114597202,False,True
16,1,inverse,0.4390129855019562,0.42146869319554064,0.390084286611887,0.505485976698441,0.059667739718443975,False,True
16,1,frobenius_norm,0.3759486293147712,0.38206423870013456,0.3625537720598475,0.3832278771843315,0.011614868242486098,False,True
16,1,trace_norm,0.155746770053543,0.15744734750171777,0.15180563864536553,0.15798732401354576,0.0034237817162786214,False,True
16,1,addition,0.35868667543800936,0.34054281056051255,0.3344908762682289,0.4010263394852866,0.03679187194064412,False,True
16,1,multiplication,0.4916069423530222,0.4816281510109078,0.46568152931837986,0.527511146729779,0.032099962691521766,False,True
16,1,entropy,0.196573618613903,0.20362898673106175,0.17562865422186616,0.21046321488878109,0.01845793375938134,False,True
16,1,michelson,0.37364444382755907,0.39213357427101614,0.3292673230493862,0.39953243416227485,0.038609356616538235,False,True
16,2,trace,0.45615952009282745,0.42593042242707113,0.4192272514164808,0.5233208864349302,0.05825993453569025,False,True
16,2,lambda_max,10.99149332658307,7.330207696097447,2.253157685663587,23.391114597988178,11.034358384510771,True,False
16,2,svd_abs,0.23745840092849368,0.30242468995074967,0.07549381096910827,0.33445670186562315,0.14117687044046037,False,True
16,2,inverse,29.95507222122198,30.077177334712026,24.189567278724507,35.59847205022941,5.70543243456376,True,False
16,2,frobenius_norm,0.3942075669462303,0.3889626701783639,0.3715367670499429,0.42212326361038427,0.02569786207341127,False,True
16,2,trace_norm,0.1576634005820652,0.13472326453119599,0.10412747976396733,0.23413945745103232,0.06797400949664338,False,True
16,2,addition,0.34145627106034987,0.36883761818376937,0.22190882591014274,0.4336223690871375,0.10848022731751258,False,True
16,2,multiplication,0.4481936465282585,0.5123266540737298,0.317981320287619,0.5142729652234265,0.11277138138961451,False,True
16,2,entropy,0.2858793404680701,0.26972370045133126,0.1933660020476757,0.3945483189052033,0.101559513007416,False,True
16,2,michelson,0.366457330729804,0.363308279485197,0.21999701628524465,0.5160666964189704,0.148059958349405,False,True
16,4,trace,0.4588897500292049,0.4778516141654161,0.3958047632056102,0.5030128727165883,0.05606299050951145,False,True
16,4,lambda_max,22.969572847239068,22.3706794950096,22.26410043461465,24.273938612092955,1.1308701563047878,True,False
16,4,svd_abs,0.31503789389732334,0.3049709219231563,0.293764060510545,0.3463786992582689,0.027714310314075518,False,True
16,4,inverse,33.08932490552446,34.90117596213109,27.46871184645091,36.898086907991384,4.968941708381704,True,False
16,4,frobenius_norm,0.3985487553445742,0.40157215764376114,0.38344254902443375,0.4106315593655276,0.0138443595709254,False,True
16,4,trace_norm,0.3133469700498595,0.3081952180700381,0.3033420971895475,0.32850359488999303,0.013348432603814464,False,True
16,4,addition,0.34768429411863405,0.34998249148412874,0.3397125867468005,0.3533578041249729,0.007106987594787945,False,True
16,4,multiplication,0.595975240945878,0.5978951989846097,0.5778734242119841,0.6121570996410399,0.01722229018986965,False,True
16,4,entropy,0.33351877550503656,0.33929825610025416,0.31792077670598207,0.3433372937088732,0.013658390501901646,False,True
16,4,michelson,0.3841809471459867,0.38368187792285446,0.3754193266993979,0.3934416368157077,0.009021514177188817,False,True
16,8,trace,0.22104836016775362,0.18031683671577461,0.05745000399408887,0.4253782397933974,0.18731548101168047,False,True
16,8,lambda_max,12.75832707982073,11.436203926056185,2.464021092448174,24.37475622095784,11.015039069073568,True,False
16,8,svd_abs,0.6763837712885575,0.835424406506833,0.34525860822859517,0.8484682991302444,0.2868369589022791,False,True
16,8,inverse,29.462497959751147,25.156897061393984,17.343944881266992,45.886651936592465,14.750429852498609,True,False
16,8,frobenius_norm,0.45240601259031915,0.4393351649647457,0.4131364688033132,0.5047464040028986,0.04718294554239148,False,True
16,8,trace_norm,0.7961936285075496,0.7446623459332219,0.46322773617319113,1.1806908034162358,0.36149677457380697,False,False
16,8,addition,0.3839435220449739,0.38650629082718413,0.35330454978869896,0.41201972551903865,0.029441362114115424,False,True
16,8,multiplication,0.8084155212487328,0.7845963945539511,0.7528713337190281,0.887778835473219,0.07053737735956588,False,True
16,8,entropy,0.777544685181037,0.7074496762564579,0.47308903392465745,1.152095345361996,0.34488748230406624,False,False
16,8,michelson,0.5179653202632276,0.41806572003244735,0.36852411035306065,0.767306130404175,0.2173516102395244,False,True
16,16,trace,0.5115744043661395,0.474189989142436,0.441129948546309,0.6194032754096735,0.09483427989892004,False,True
16,16,lambda_max,2.815456400246182,3.2556183465278647,1.4535387475837551,3.737212106626926,1.2037848258375492,True,False
16,16,svd_abs,1.2255737687964043,1.1884846854793822,1.037882803681978,1.4503538172278525,0.20872178690750756,True,False
16,16,inverse,25.997160990488265,28.56984761945857,20.548983878933175,28.87265147307305,4.720688289073482,True,False
16,16,frobenius_norm,0.4995295735084155,0.43101481547405085,0.4118936245101178,0.6556802805410779,0.13556801785845385,False,True
16,16,trace_norm,1.911747310872831,1.4799339039647508,1.0244348172828854,3.2308732113708567,1.164877551726167,True,False
16,16,addition,0.46749795262910837,0.4217524062169152,0.42050039064762673,0.5602410610227834,0.08032032744976293,False,True
16,16,multiplication,1.2090902434596624,1.1145443931080243,1.033522589384129,1.4792037478868336,0.23740705997319025,True,False
16,16,entropy,1.12139307333133,1.144738227410693,0.9026692825841693,1.3167717099991276,0.20803593983247726,False,False
16,16,michelson,0.4493203410711198,0.400519042434718,0.38690965626030566,0.5605323245183358,0.09655248725283545,False,True
16,32,trace,0.47225931523253095,0.4678417661597291,0.4641000792106653,0.48483610032719837,0.011051321088190558,False,True
16,32,lambda_max,7.985411084058081,7.803803679346325,6.3988497394147945,9.753579833413122,1.6847223622838012,True,False
16,32,svd_abs,1.7391609504375862,1.7094471711199735,1.5224833670230995,1.9855523131696855,0.23296006896532565,True,False
16,32,inverse,32.47035526603991,29.340334991433902,27.71932045365219,40.35141035303363,6.873150223594499,True,False
16,32,frobenius_norm,0.44007894731548136,0.4422647026015945,0.425565885930306,0.45240625341454355,0.013553024618154727,False,True
16,32,trace_norm,1.714738333533831,1.6409980571652012,1.515971317906039,1.9872456255302533,0.24413743982818795,True,False
16,32,addition,0.4508973472199013,0.4567058497613414,0.38870490414817527,0.5072812877501874,0.05950120766306615,False,True
16,32,multiplication,1.4993235406899943,1.472267601466658,1.4693814273053374,1.5563215932979877,0.049382851286150435,True,False
16,32,entropy,1.4373425067948384,1.4214283866381845,1.3703580836899718,1.5202410500563595,0.07619823040574657,True,False
16,32,michelson,0.43560665062463905,0.4046949894324056,0.3997647501677762,0.5023602122737353,0.0578628145654132,False,True
16,64,trace,0.46972610268379783,0.5015922561523067,0.3389932125222628,0.5685928393768239,0.1180702585988417,False,True
16,64,lambda_max,11.718492206095775,13.611754565190838,7.7026630691286675,13.841058983967818,3.4796993939280365,True,False
16,64,svd_abs,2.873877907751421,2.6711873356781153,2.3249626619157806,3.6254837256603656,0.6735364580454346,True,False
16,64,inverse,20.981586647467452,26.4270210805155,8.128806927209052,28.388931934677807,11.173975722769143,True,False
16,64,frobenius_norm,0.5111080733612048,0.4936043934133717,0.48663430933783547,0.5530855173324071,0.03652019810695971,False,True
16,64,trace_norm,3.6533263797260944,3.720939548475151,2.6854661572031,4.553573433500033,0.9358872017393993,True,False
16,64,addition,0.6100361523218879,0.6085807906371122,0.518925586634616,0.7026020796939356,0.09184689479708996,False,True
16,64,multiplication,2.847930459439093,2.8401129600668544,2.7876358322151047,2.9160425860353194,0.06455934153155156,True,False
16,64,entropy,2.8940503593357954,2.9094578486205025,2.3417887126294743,3.43090451675741,0.5447213523856522,True,False
16,64,michelson,0.4592451588330857,0.46106381385493433,0.43005388339974554,0.4866177792445773,0.02832576932499124,False,True
16,128,trace,0.5668239285266145,0.5319348812253284,0.362948401291415,0.8055885030631,0.223373004502123,False,True
16,128,lambda_max,18.531275936246615,17.975880829923966,13.830333067496307,23.787613911319575,5.00182049295932,True,False
16,128,svd_abs,3.88595348079658,4.160610469338336,3.0691860167090073,4.428063956342396,0.7198712799672529,True,False
16,128,inverse,30.674923672797018,27.57515244622019,22.786838860281343,41.66277971188951,9.812325004869527,True,False
16,128,frobenius_norm,0.6624702044198356,0.6086211252046053,0.6058103516572713,0.7729791363976303,0.0957138607890113,False,True
16,128,trace_norm,4.9572736304359255,5.710821508238678,3.3575114793231124,5.803487903745985,1.3862092087105393,True,False
16,128,addition,0.9662187413919954,0.9457451396033055,0.9400697879607122,1.0128412966119684,0.040475911299146176,False,False
16,128,multiplication,5.339118173410995,5.275895698974386,5.110662957202404,5.630795864056196,0.2657675133522902,True,False
16,128,entropy,4.347731460749415,4.766773234279646,3.012750704397428,5.26367044357117,1.182521426454091,True,False
16,128,michelson,0.45932108967121277,0.4866394704075757,0.39410486808728257,0.49721893051878,0.05672607788596311,False,True
16,256,trace,0.6877648869381682,0.5923222515113263,0.5230870242363812,0.947885385066797,0.227915300789499,False,True
16,256,lambda_max,41.760110165945555,48.32667782593074,26.016189378482636,50.937463293423285,13.696982569556981,True,False
16,256,svd_abs,6.866019161882394,7.9535471705366,4.29777266926366,8.346737645846925,2.232838378075094,True,False
16,256,inverse,81.60976430942124,67.3492144707355,18.23225827858417,159.247820178944,71.58121007495461,True,False
16,256,frobenius_norm,25.584045308856258,0.6577029778450246,0.6179618630038534,75.4764710857199,43.2081127482321,False,False
16,256,trace_norm,7.09540303685558,6.941138772730337,6.071130297105786,8.273940040730619,1.1094777100247224,True,False
16,256,addition,1.1244809156123101,1.1342837336588123,1.0810293885682931,1.1581296246098252,0.03947382715996271,True,False
16,256,multiplication,9.24221785795446,10.07502804123402,7.2625874876113805,10.389038045017982,1.721584407749911,True,False
16,256,entropy,5.798215742936012,5.401576199384598,4.906043164316976,7.087027865106461,1.143313501145226,True,False
16,256,michelson,0.5353373037560848,0.5216914636995906,0.4904329350736614,0.5938875124950025,0.05306005192696884,False,True
16,512,trace,0.8484992289970169,0.8472453937398564,0.8098087784526742,0.8884435147985204,0.0393323596696697,False,True
16,512,lambda_max,64.88981746407231,59.23100895956144,54.73433208042449,80.704111352231,13.878902842971094,True,False
16,512,svd_abs,9.371650577895819,9.723033378952419,7.38158635093181,11.01033200380323,1.8397149665008141,True,False
16,512,inverse,80.48333573239373,101.83497527378942,36.748810262548126,102.86622166084365,37.87871969631674,True,False
16,512,frobenius_norm,40.58411299885497,49.6041651049597,1.0394713625665426,71.10870252903868,35.89492017072556,True,False
16,512,trace_norm,10.07278521611367,10.200796208558916,9.152463998654204,10.865095441127892,0.8634620576941924,True,False
16,512,addition,1.464691184187919,1.584243364984598,1.1303278597718907,1.679502327807269,0.29345816062160635,True,False
16,512,multiplication,19.25616344585555,17.44194049269134,17.421452056727418,22.905097788147884,3.1600864418196486,True,False
16,512,entropy,8.00010245126012,7.477846463916345,6.515083202082627,10.007377687781393,1.8037720701207842,True,False
16,512,michelson,0.7030662531761539,0.6388711377618271,0.6010178678334449,0.8693097539331893,0.1452098263515028,False,True
16,1024,trace,1.1034882787113665,1.3083505764871237,0.6591849552636009,1.3429293043833745,0.38516620376894184,False,False
16,1024,lambda_max,91.53917635150064,92.87221257135903,74.2519355872866,107.49338089585626,16.660767110888017,True,False
16,1024,svd_abs,8.07551835745687,6.878503704176626,6.0620845312539755,11.285966836940009,2.8101369443570943,True,False
16,1024,inverse,50.559442185845455,50.54904897343899,50.29153460567767,50.83774297841971,0.273252467072984,True,False
16,1024,frobenius_norm,23.63956723642583,0.927792091669094,0.8604049276376529,69.13050468997073,39.39632188490722,False,False
16,1024,trace_norm,9.401222348720417,9.322559123136623,8.549838474396465,10.33126944862816,0.8933168565981816,True,False
16,1024,addition,1.7565697831619715,1.8195833998851325,1.2774282409267914,2.172697708673991,0.45094887946361345,True,False
16,1024,multiplication,34.84462630175926,29.660945364085762,29.198097104828157,45.674836436363876,9.382091760238959,True,False
16,1024,entropy,9.10551975515296,10.221454920834349,6.605232446341076,10.489871898283454,2.1694675356870534,True,False
16,1024,michelson,0.7920773848712387,0.7170697512965456,0.7135194476665087,0.9456429556506617,0.1330035321357063,False,True
32,1,trace,0.43377202861428876,0.42621201535965936,0.3955390300500495,0.4795650404331575,0.04252008884672249,False,True
32,1,lambda_max,0.41150316004329723,0.38038402260557513,0.34264087036972485,0.5114845871545918,0.08861913286973061,False,True
32,1,svd_abs,0.27651721548765335,0.2930328554235133,0.23004588713553017,0.30647290390391646,0.04080253662331584,False,True
32,1,inverse,0.34206250235472324,0.3306464540004371,0.3286626327896136,0.3668784202741191,0.02151409359665826,False,True
32,1,frobenius_norm,0.3769087035756959,0.3911955341321996,0.3394510593862647,0.4000795172086232,0.0327419855841405,False,True
32,1,trace_norm,0.27765020661551243,0.28087348288120695,0.2278898822114306,0.32418725475389976,0.04822953578523761,False,True
32,1,addition,0.37998837035861066,0.3572691177136283,0.3422684816113921,0.4404275117508115,0.05287647993236468,False,True
32,1,multiplication,0.5738684370491891,0.5261000383410243,0.5033687037936045,0.6921365690129384,0.10305188824676043,False,True
32,1,entropy,0.32024400756506005,0.3383652136732746,0.25977522603989034,0.36259158298201527,0.0537502036910085,False,True
32,1,michelson,0.4189144092299399,0.3932292695212526,0.38622799190044566,0.47728596626812125,0.0506723146834359,False,True
32,2,trace,0.5838520264711412,0.5068133917266844,0.4202334522859831,0.8245092354007563,0.212863666781659,False,True
32,2,lambda_max,10.76960069360348,7.785839262817143,5.930700510754939,18.592262307238354,6.837829406209852,True,False
32,2,svd_abs,0.3004438234348969,0.17943994215992062,0.167309347181766,0.5545821809630042,0.22017383225293613,False,True
32,2,inverse,16.32569841458069,16.33689796750397,16.12743521717153,16.512762059066567,0.19290740333243203,True,False
32,2,frobenius_norm,0.30823546153348785,0.25744311678829856,0.2522544848078663,0.4150087830042987,0.09250479505889915,False,True
32,2,trace_norm,0.4088720730974364,0.33752937616264944,0.32246727274665465,0.5666195703830051,0.13682076382890104,False,True
32,2,addition,0.2671254058980279,0.2592649616667407,0.2378463070412796,0.30426494898606343,0.033899836829728726,False,True
32,2,multiplication,0.441928274975663,0.3832406630428085,0.35190918669809873,0.5906349751860819,0.12973310051058023,False,True
32,2,entropy,0.39377808095832806,0.3189783235623871,0.3121768778460042,0.550179041466593,0.13548988985119556,False,True
32,2,michelson,0.28246394180000606,0.24144026222725934,0.22939709405026631,0.3765544691224924,0.0817069762860094,False,True
32,4,trace,0.46833565926362336,0.5094521654225419,0.3266564773310919,0.5688983350372363,0.12624660278703848,False,True
32,4,lambda_max,9.691282084186428,9.911444119620441,7.105684024988533,12.056718107950307,2.48284879000859,True,False
32,4,svd_abs,0.9323623195713003,0.9898104697512918,0.6810686821823394,1.1262078067802697,0.22806233255686933,False,False
32,4,inverse,15.205732135839455,13.927518512773819,13.883814873142384,17.805863021602157,2.251885425449553,True,False
32,4,frobenius_norm,0.4431210791660742,0.45273770640792194,0.4176820556145633,0.4589434754757373,0.022248277053999198,False,True
32,4,trace_norm,0.9215952093278738,0.9899804422369352,0.7624202629325838,1.0123849228141022,0.13830396905888395,False,False
32,4,addition,0.4115033614831371,0.4252846174836014,0.3221424687981041,0.4870829981677057,0.08332938749261184,False,True
32,4,multiplication,0.7641949882930071,0.7338916664752869,0.675999673104831,0.8826936252989035,0.1066269944868213,False,True
32,4,entropy,0.8349158601679395,0.8847044663257497,0.7249242374038646,0.8951188767742041,0.09539776095356294,False,True
32,4,michelson,0.3965215250954544,0.39728240575194057,0.3891821199452958,0.40310004958912693,0.006990092697720079,False,True
32,8,trace,0.4505002404151157,0.4080338066041688,0.30804701975439974,0.6354198948867786,0.16776709553298788,False,True
32,8,lambda_max,6.956306515913745,6.991014060238965,6.372524532310347,7.505380955191925,0.5672251571826011,True,False
32,8,svd_abs,1.7308952533357143,1.8666419422582277,1.3786020027535817,1.9474418149953339,0.30775811226168703,True,False
32,8,inverse,12.371729655092778,9.873185843832406,9.455586814338334,17.78641630710759,4.693902522633926,True,False
32,8,frobenius_norm,0.4729584365377386,0.45179707146673725,0.4352601341968225,0.531818103949656,0.051640225691300216,False,True
32,8,trace_norm,1.7252815950144378,1.9163263085634392,1.3176883511315036,1.9418301253483705,0.353216365011461,True,False
32,8,addition,0.47927825863376655,0.4681426336575096,0.4456042314826792,0.5240879107611109,0.040409449216474276,False,True
32,8,multiplication,1.0666552270676284,1.1550205966966,0.855492927116434,1.1894521573898509,0.18368048558148978,False,False
32,8,entropy,1.4808048922423016,1.6181176841639104,1.1624911250719592,1.661805867491035,0.27653192422980266,True,False
32,8,michelson,0.3990040344220846,0.4271038008250563,0.32162607237657287,0.44828223006462453,0.06784278313867538,False,True
32,16,trace,0.45013507718133416,0.43407225472133926,0.33297112770366094,0.5833618491190021,0.1259658248961191,False,True
32,16,lambda_max,8.710213664891048,8.898928726027691,7.5659747996184405,9.665737469027015,1.0625256927177384,True,False
32,16,svd_abs,3.100161030818732,3.5763030930829767,2.1375240244276106,3.5866559749456086,0.8336841728712141,True,False
32,16,inverse,15.78260802762022,15.231596068859483,14.099203812588927,18.01702420141225,2.0161943814505943,True,False
32,16,frobenius_norm,0.43890744191884323,0.48907422251353044,0.33571939618636476,0.4919287070566346,0.08937486563384453,False,True
32,16,trace_norm,3.133496760258046,3.557601734921624,2.2455499574832234,3.5973385883692908,0.7692411181151217,True,False
32,16,addition,0.5596246000952946,0.6250516447663832,0.42529875763844055,0.6285233978810598,0.11634254265413826,False,True
32,16,multiplication,1.3888624828277567,1.6644418493944275,0.7844967363985209,1.7176488626903212,0.5240717633670914,False,False
32,16,entropy,2.6812428758105984,2.863809364423928,2.1830755288478674,2.9968437341599996,0.43652326978946143,True,False
32,16,michelson,0.4890931964906054,0.4845814076881638,0.46989351745723656,0.5128046643264159,0.02180845730572083,False,True
32,32,trace,0.3832179573676731,0.3626123032905837,0.33684748486662597,0.45019408394580973,0.05941639180952349,False,True
32,32,lambda_max,16.452580321711974,17.92848704894784,12.151997340764437,19.277256575423635,3.784977581294124,True,False
32,32,svd_abs,6.384757901509981,6.370633390805283,5.852457037303091,6.931183276421567,0.5395018082385439,True,False
32,32,inverse,19.254416291722126,20.26460765715961,11.62585213220457,25.8727890858022,7.176988789600397,True,False
32,32,frobenius_norm,0.7249155148538171,0.5998381290736724,0.5235013532640861,1.0514070622236928,0.28531451717925715,False,False
32,32,trace_norm,7.6050262309526575,7.482016259669213,6.0181162557632915,9.314946177425469,1.6518536475330148,True,False
32,32,addition,1.4980416455899361,1.4512265820198442,1.1381771174489559,1.9047212373010087,0.3854104429731289,True,False
32,32,multiplication,4.0606652565334365,3.6555190060524643,2.524283174193612,6.002193589354231,1.7739991057437912,True,False
32,32,entropy,5.648432010200824,5.653218176555618,5.135647472893569,6.156430381153282,0.5104082846017205,True,False
32,32,michelson,0.5483574791371436,0.4718143716880995,0.46327037291549256,0.7099876928078388,0.1400410456158569,False,True
32,64,trace,0.6439499025812151,0.6451804055253927,0.4945794839622502,0.7920898182560026,0.14875898411866353,False,True
32,64,lambda_max,28.637182815136285,28.392753085239868,26.276522221039425,31.242273139129555,2.4918828152164716,True,False
32,64,svd_abs,9.34259732737967,9.727313434346684,8.041478779602933,10.258999768189394,1.1577368854473196,True,False
32,64,inverse,34.6623299699249,19.79848563550401,15.122493587308796,69.06601068696189,29.88605294394968,True,False
32,64,frobenius_norm,40.13422955813811,0.883066315776142,0.6331740484204604,118.88644831021772,68.20153649528632,False,False
32,64,trace_norm,8.903621887860348,8.78545761981587,7.311199496754137,10.614208547011035,1.6546719590908676,True,False
32,64,addition,1.0259153329440538,1.1489842935488348,0.7588528113798018,1.1699088939035245,0.23151944312129222,False,False
32,64,multiplication,5.994210019383911,6.132095343985142,4.963828639389698,6.886706074776894,0.9688259286041019,True,False
32,64,entropy,7.652058218987368,8.34403425062934,5.910086653252492,8.702053753080273,1.519175168604798,True,False
32,64,michelson,0.5848273442568971,0.5082230054330069,0.503960704691747,0.7422983226459375,0.13639051865142038,False,True
32,128,trace,0.6407152350540907,0.5543697570976757,0.47658737514502725,0.8911885729195692,0.2203751221704994,False,True
32,128,lambda_max,38.557061939499185,38.47247177876348,31.439778188097463,45.758935851636615,7.1599536080754715,True,False
32,128,svd_abs,13.46925461469136,14.648540352843657,8.885102983538692,16.87412050769174,4.123000896126894,True,False
32,128,inverse,64.6882860375337,71.23259345173304,21.916632562048136,100.91563209881994,39.90402801223676,True,False
32,128,frobenius_norm,27.461426520891298,0.8557332835636338,0.7398389551420698,80.78870732396818,46.18281624437275,False,False
32,128,trace_norm,11.121390691609461,11.229961738701231,8.749433107205101,13.384777228922049,2.3195785254834376,True,False
32,128,addition,1.3396597605194716,1.30080277869176,0.8228664494690731,1.8953100533975815,0.5372766695840805,False,False
32,128,multiplication,8.515628246725475,8.599651426018525,5.564066976560598,11.3831663375973,2.9104594593291147,True,False
32,128,entropy,7.9013550336579925,7.839102254974779,7.533760763321271,8.331202082677928,0.40234900372022453,True,False
32,128,michelson,0.5772020164359805,0.5733838581480946,0.5610635515825954,0.5971586395772516,0.018347958847485128,False,True
32,256,trace,1.106625168520711,0.8422278207726256,0.8205648055135935,1.6570828792759138,0.4768333986361717,False,False
32,256,lambda_max,52.56850885549548,53.73434463763075,47.083172044118065,56.88800988473762,5.0053062916660265,True,False
32,256,svd_abs,16.914546503461832,18.16150269803068,14.04632034159818,18.535816470756636,2.490997528463729,True,False
32,256,inverse,61.72195225091832,67.28199774121148,26.800574262688677,91.0832847488548,32.5000353269448,True,False
32,256,frobenius_norm,60.077209193893005,57.997218900963965,0.9918636595252667,121.24254502118977,60.15231800770567,False,False
32,256,trace_norm,11.89548458461651,11.898988870399656,11.554145559542437,12.233319323907436,0.33960044252704985,True,False
32,256,addition,1.5479175459955625,1.7384968021683584,1.0584062030927284,1.8468496327256008,0.42737699996062456,True,False
32,256,multiplication,13.822766489175818,15.149635185483193,9.472532610086896,16.846131671957362,3.8617258038647155,True,False
32,256,entropy,10.095162266631364,10.18451599935613,9.2467723586317,10.854198441906265,0.8074297000121671,True,False
32,256,michelson,0.6794496448962524,0.6944107027248149,0.6223508163185864,0.721587415645356,0.051282068990999644,False,True
32,512,trace,1.4703759636389349,1.2572237950016667,1.047746010013516,2.106158085901622,0.5604769538906308,True,False
32,512,lambda_max,55.51915281588986,58.15765154238621,48.84576355009947,59.55404335518389,5.821346128112199,True,False
32,512,svd_abs,14.75002949695587,13.459076054937228,11.539194313910107,19.251818122020275,4.0151042444065865,True,False
32,512,inverse,35.769948160332184,36.02118476620426,31.32530835739042,39.96335135740188,4.324498420812447,True,False
32,512,frobenius_norm,1.8356740411610026,1.799834440725345,1.7576443881320736,1.9495432946255895,0.10084470882447173,True,False
32,512,trace_norm,17.203278754656182,17.43825916126799,13.939977205436891,20.231599897263663,3.1523865352611784,True,False
32,512,addition,11.069405418854453,5.120691092025478,4.018422554007278,24.069102610530603,11.271550216759485,True,False
32,512,multiplication,41.19122399500004,43.59292372202371,33.002073754506995,46.97867450846941,7.291259379764574,True,False
32,512,entropy,11.87337871252784,11.337671897791095,11.262252935962415,13.020211303830008,0.9939017805122717,True,False
32,512,michelson,1.0958861496542822,1.1340846718243978,0.8785056126991869,1.2750681644392625,0.20102191343889758,False,False
32,1024,trace,1.2220799929064148,1.543395941310514,0.29362269159703097,1.8292213458116997,0.8166693092865647,False,False
32,1024,lambda_max,58.74683748544766,54.34721065645573,49.312566279574185,72.58073552031307,12.242118367737913,True,False
32,1024,svd_abs,14.218057450509969,11.712019327826404,10.50734731132961,20.43480571237389,5.41745123470195,True,False
32,1024,inverse,48.9962648267707,58.94528802375771,28.72314423167704,59.32036222487736,17.55803901811061,True,False
32,1024,frobenius_norm,2.1075311877792395,2.0981080179761773,1.5181709061946114,2.706314639166931,0.5941279152229784,True,False
32,1024,trace_norm,18.546554712443726,18.48992449106575,16.683823006524932,20.46591663974049,1.8916826634196358,True,False
32,1024,addition,21.439447280261916,25.3478706777693,3.1283340912270203,35.84213707178943,16.70344444877765,True,False
32,1024,multiplication,58.31398122739409,59.84188587001854,28.956170231266974,86.14388758089675,28.62445848156785,True,False
32,1024,entropy,15.665726715904958,15.177969132402188,11.206998092310293,20.61221292300239,4.721540754675954,True,False
32,1024,michelson,1.2606313650432044,1.2230244551630327,0.8212516706338836,1.7376179693326965,0.4593392081031098,False,False
64,1,trace,0.4179355662865523,0.408182239724231,0.37981522347784696,0.4658092356575791,0.04381880951104721,False,True
64,1,lambda_max,0.6735250904779454,0.6420489674770696,0.5278479427599166,0.8506783611968499,0.16370073153903758,False,True
64,1,svd_abs,0.28599970815842624,0.3076924464249119,0.2411386060704832,0.30916807197988355,0.03885785928358965,False,True
64,1,inverse,0.5162858911088344,0.5115309458306899,0.5050969786507912,0.532229748845022,0.01417758558612316,False,True
64,1,frobenius_norm,0.420270601907607,0.41993087723321876,0.4170629657723892,0.42381796271721306,0.0033902884201695905,False,True
64,1,trace_norm,0.2932370836305636,0.3107218662439377,0.24502929722726205,0.32396008742049104,0.042270623693170126,False,True
64,1,addition,0.4680695539272583,0.4897867371958257,0.3986905450311749,0.5157313795547743,0.06146841687676325,False,True
64,1,multiplication,0.7459994631162351,0.6849063962129982,0.6815535686123403,0.8715384245233672,0.10873285375918337,False,True
64,1,entropy,0.30979959758823933,0.3200185557470954,0.2594623361259226,0.34991790089169994,0.046085492605192714,False,True
64,1,michelson,0.431241189455591,0.4096931869800816,0.3775228736870821,0.5065075076996092,0.06713788990465672,False,True
64,2,trace,0.4997901221227326,0.5839964010435155,0.2802151382348876,0.6351588270897948,0.19187047355376438,False,True
64,2,lambda_max,2.8613251575631455,2.7380152711411134,2.182619946115661,3.6633402554326624,0.7480221618862773,True,False
64,2,svd_abs,0.2909072783772137,0.29840572065098314,0.2439732345480817,0.33034287993257616,0.0436703433506152,False,True
64,2,inverse,16.858652523651934,15.625319605731766,12.763734199830255,22.186903765393776,4.831134828397956,True,False
64,2,frobenius_norm,0.5001653147006159,0.5101274876389307,0.4701914442069783,0.5201770122559389,0.02643998715079087,False,True
64,2,trace_norm,0.2269962042868626,0.2041158473126571,0.17875426084987878,0.2981185046980519,0.06288552082007304,False,True
64,2,addition,0.48018653324943933,0.4760419178187069,0.4597183620007213,0.5047993199288899,0.02282447304390239,False,True
64,2,multiplication,0.8398917118933108,0.841933850681065,0.832068355396659,0.8456729296022085,0.0070284321117809155,False,True
64,2,entropy,0.23528724302145854,0.2153974840608649,0.1860398935321386,0.3044243514713721,0.061647561622698605,False,True
64,2,michelson,0.4049464398859926,0.39694160918806154,0.39124718505599565,0.4266505254139208,0.019010710481243934,False,True
64,4,trace,0.3487761461739391,0.28968989316042937,0.27610565938564763,0.4805328859757403,0.11430665647376638,False,True
64,4,lambda_max,2.5061966249070973,2.56291682909418,1.574842573030941,3.3808304725961706,0.9043290106572252,True,False
64,4,svd_abs,0.34256890032301834,0.30383420997587396,0.2933750884511241,0.43049740254205704,0.07632767802461954,False,True
64,4,inverse,18.90631271080906,22.14414769579255,12.423765864829772,22.151024571804854,5.614051302810915,True,False
64,4,frobenius_norm,0.5081135609953887,0.47705214428801385,0.4528043446242781,0.5944841940738741,0.07577534982378462,False,True
64,4,trace_norm,0.39633459807626653,0.3470445820061519,0.2976916610178258,0.544267551204822,0.1304685658253417,False,True
64,4,addition,0.60189341743837,0.556863585842969,0.486604420031239,0.7622122464409017,0.1432155117111876,False,True
64,4,multiplication,1.3918197176828349,1.2535564518335287,1.0952654809201514,1.8266372202948242,0.38479046674972406,True,False
64,4,entropy,0.31027573123604185,0.3177825338162996,0.2829466295659038,0.3300980303259223,0.024455627412564813,False,True
64,4,michelson,0.5647830527501082,0.6634999778870432,0.36505310759785653,0.6657960727654251,0.17297501627637948,False,True
64,8,trace,0.3487030140078642,0.3299976551072576,0.27156353946203143,0.4445478474543034,0.08799608253548381,False,True
64,8,lambda_max,1.5524945583961636,1.590450794463312,1.0093649768082535,2.0576679039169257,0.525181172204832,True,False
64,8,svd_abs,0.273488169780695,0.32415892892325276,0.16623328003006857,0.3300723003887638,0.09293250519644114,False,True
64,8,inverse,12.773381972424604,12.0813537963316,11.982786059606019,14.256006061336198,1.2849356176270068,True,False
64,8,frobenius_norm,0.6460189023184396,0.6545854202606468,0.4538572481564851,0.8296140385381869,0.18802481299480175,False,True
64,8,trace_norm,0.26225055871954184,0.2976751474963198,0.16537804219176078,0.323698486470545,0.08489709586705997,False,True
64,8,addition,1.1360690077343432,0.9871278075468766,0.7362408454890489,1.6848383701671044,0.49152510291062024,False,False
64,8,multiplication,2.39889493724346,2.211787509771972,1.6409418399484719,3.343955462009936,0.8667875987189568,True,False
64,8,entropy,0.2695787731541482,0.3079606882299085,0.17490652157190156,0.3258691096606345,0.08247608322583141,False,True
64,8,michelson,2.496904608527119,0.8822989314510185,0.583906282327072,6.024508611803268,3.058635651104955,False,False
64,16,trace,0.6072554349086506,0.5483914640099636,0.5431659843254497,0.7302088563905385,0.10651283631591259,False,True
64,16,lambda_max,1.3300392115295199,1.5937898677690696,0.7704191011989139,1.6259086656205761,0.48491123436015193,False,False
64,16,svd_abs,0.3901161459433229,0.4467725799350503,0.2083152874009607,0.5152605704939577,0.16112515426758864,False,True
64,16,inverse,31.86507466763712,13.961915109429345,12.316515108031208,69.31679378545081,32.44457248833553,True,False
64,16,frobenius_norm,38.26866093834665,0.7170191325147911,0.43883309536024767,113.6501305871649,65.28241586889686,False,False
64,16,trace_norm,0.3046170122647225,0.29941887145097423,0.26140862376096535,0.3530235415822278,0.04602813045072366,False,True
64,16,addition,1.0506812991012098,0.9824327717784797,0.8055920581736785,1.3640190673514714,0.2854007310013497,False,False
64,16,multiplication,3.4567992356935098,3.7552395528689804,2.48210694537815,4.1330512088333995,0.8649879810990415,True,False
64,16,entropy,0.2620834435205115,0.3025893425422235,0.1802426285745811,0.3034183594447299,0.07087743689296813,False,True
64,16,michelson,0.435555560545773,0.48044845236640876,0.2736727309163269,0.5525454983545831,0.1447550824899852,False,True
64,32,trace,0.6493611723769483,0.6582459591089926,0.46655505232711697,0.8232825056947354,0.17852961539473505,False,True
64,32,lambda_max,0.8093763000504287,0.6463052428783834,0.6382076719268324,1.1436159853460701,0.2894883729681141,False,False
64,32,svd_abs,0.2671649754636886,0.2735858445411814,0.20133085984474638,0.326578222005138,0.0628700731812585,False,True
64,32,inverse,16.56353795913131,20.626175285332664,4.577347293546357,24.48709129851491,10.558325772537456,True,False
64,32,frobenius_norm,43.64862256396182,60.309754853486005,0.48045859115891626,70.15565424724053,37.70746901218753,False,False
64,32,trace_norm,0.2510731012147987,0.2536007666707254,0.20300859364183563,0.2966099433318351,0.04685184079030626,False,True
64,32,addition,1.0080418307015635,0.9335476666575211,0.8719802280542844,1.2185975973928849,0.18492683834227108,False,False
64,32,multiplication,5.642188216495678,5.542478983531446,5.101938896299876,6.2821467696557125,0.5963883838879773,True,False
64,32,entropy,0.24010652870294355,0.2697865549145353,0.17783346104807643,0.27269957014621893,0.053949723176266146,False,True
64,32,michelson,0.6450414249932717,0.7458223260795414,0.31852342003911277,0.870778528861161,0.28959285008928215,False,True
64,64,trace,0.788720713662176,0.6891193303607845,0.378588019631658,1.2984547909940853,0.46795196968369207,False,False
64,64,lambda_max,0.6465524360846192,0.7197626290622036,0.3855290673452603,0.8343656118463935,0.2332024017603395,False,True
64,64,svd_abs,0.20912108181162595,0.23815288848407704,0.14835730530796476,0.24085305164283605,0.052640289907172295,False,True
64,64,inverse,17.853065644319443,22.215482671764388,6.007156852829817,25.33655740836413,10.376870587999,True,False
64,64,frobenius_norm,48.31939062527678,67.86620011733903,0.5686947168668883,76.52327704162443,41.57923718662145,False,False
64,64,trace_norm,0.1806234697550183,0.17830284709889946,0.1697009914218723,0.19386657074428318,0.012248786598312586,False,True
64,64,addition,1.5381192104776884,1.3820052338929043,1.212341378689724,2.020011018850437,0.42586528641481197,True,False
64,64,multiplication,11.009573192558754,10.796774574846085,9.891731083153635,12.340213919676547,1.238034526563027,True,False
64,64,entropy,0.2512195570814005,0.25645447961552365,0.17477334849733264,0.32243084313134523,0.073967812194576,False,True
64,64,michelson,0.9478003570581475,0.8191867308398525,0.5887429594019167,1.435471380932673,0.4377708916702388,False,False
64,128,trace,1.0164242760917857,0.9407061433290071,0.48179771016614686,1.6267689747802032,0.5762288832745104,False,False
64,128,lambda_max,0.6817660670216034,0.7310116893669161,0.489497782850434,0.8247887288474601,0.1729851239471997,False,True
64,128,svd_abs,0.2760577446344716,0.27102876283065913,0.2620735502423168,0.2950709208304388,0.01706383924911893,False,True
64,128,inverse,11.743133350572075,6.912427680645877,6.8059578288769025,21.511014542193447,8.459400758183575,True,False
64,128,frobenius_norm,19.095373613345092,1.7596761049794465,1.5000802688422887,54.02636446621354,30.251403917370833,True,False
64,128,trace_norm,0.2857341075811448,0.30214555885345035,0.25261639981498846,0.3024403640749957,0.028681155020205573,False,True
64,128,addition,2.2407239659468257,2.2311808638359,1.7767506308692347,2.714240403135342,0.4688177379049498,True,False
64,128,multiplication,22.419151023298216,22.572151667955293,19.14913669489035,25.536164707049014,3.1962616609054364,True,False
64,128,entropy,0.20781359396462773,0.2078187324730706,0.17995112268410782,0.23567092673670478,0.027859902381705364,False,True
64,128,michelson,0.6853403471663189,0.7377548871135794,0.5549814591357645,0.7632846952496127,0.113613478699878,False,True
64,256,trace,1.1709463127996875,1.3405165555381124,0.6326483798454235,1.5396740030155265,0.47669636110269886,False,False
64,256,lambda_max,0.5077409038899591,0.47558823742339534,0.4508801895310396,0.5967542847154425,0.07807149532415546,False,True
64,256,svd_abs,0.19912751830865358,0.16469217932727587,0.1611207846944266,0.27156959090425825,0.06276208350880355,False,True
64,256,inverse,7.249803292602166,6.9011430107640335,5.996794212027928,8.851472655014533,1.45892777316483,True,False
64,256,frobenius_norm,1.4466150296824904,1.4584066294701696,1.3497293775659391,1.5317090820113621,0.09156109750694057,True,False
64,256,trace_norm,0.22513195690297458,0.24410881629758796,0.17358443326529172,0.2577026211460441,0.04515593291526135,False,True
64,256,addition,15.64430901655396,4.372380113915102,3.698956253188175,38.86159068255861,20.10957485609767,True,False
64,256,multiplication,56.62609947445484,49.632763487594225,40.50703968496633,79.73849525080395,20.529413961981785,True,False
64,256,entropy,0.257412995286099,0.28805339590743134,0.19242434056095314,0.29176124938991244,0.0563123519008046,False,True
64,256,michelson,1.7164830199206556,1.5785465912092222,1.4936036330585605,2.0772988354941835,0.3153488007125427,True,False
64,512,trace,1.6768882873289568,1.4877706637919506,0.8290637249152913,2.713830473279628,0.9565095559293604,False,False
64,512,lambda_max,0.46081303252345585,0.4578961560511649,0.3897249986076724,0.5348179429115304,0.07259043840587108,False,True
64,512,svd_abs,0.23416465813395063,0.237304565508171,0.225136924941816,0.24005248395186485,0.007938056366931075,False,True
64,512,inverse,14.588638981917855,13.323325851599627,9.64873692997866,20.793854164175283,5.6792757046399345,True,False
64,512,frobenius_norm,24.609159470772827,2.7556100628934654,2.5315716523431884,68.54029669708183,38.045645766630706,True,False
64,512,trace_norm,0.2506090070328541,0.24890689846599912,0.23530434934613348,0.26761577328642966,0.016222820637682187,False,True
64,512,addition,33.342283942025475,39.67978933275774,6.622194707251159,53.724867786067534,24.18239925494643,True,False
64,512,multiplication,108.1178719463403,97.19837103053113,67.08778023284835,160.06746457564145,47.44188076277256,True,False
64,512,entropy,0.2670780672357759,0.2656576482773717,0.2523308091857106,0.2832457442442453,0.015506337250666262,False,True
64,512,michelson,1.7117845958847322,1.6033449950938448,1.229982451129807,2.3020263414305444,0.5441864441049135,True,False
64,1024,trace,2.3524617543918165,2.203581763772376,1.9951584720515265,2.8586450273515474,0.45058428345994,True,False
64,1024,lambda_max,0.43345967974054483,0.44936170341059856,0.36386301176636876,0.48715432404466724,0.06316520156247774,False,True
64,1024,svd_abs,0.21477218569757536,0.2341165461447982,0.17531579793614402,0.23488421301178375,0.03417238987091752,False,True
64,1024,inverse,18.895247366962327,15.835133220751466,14.373918563261478,26.476690316874034,6.606246662885844,True,False
64,1024,frobenius_norm,27.980695334391612,4.734283088033935,4.559453994393228,74.64834892074768,40.41546807529383,True,False
64,1024,trace_norm,0.23766504466242308,0.24516730072490747,0.21664315096420986,0.2511846822981519,0.018452431580790043,False,True
64,1024,addition,41.01505739526859,56.14126626010395,7.8683436577148775,59.03556226798697,28.74235047877628,True,False
64,1024,multiplication,138.378336780529,150.64829614077777,108.87249284344671,155.61422135736248,25.67316153386196,True,False
64,1024,entropy,0.2195213536651833,0.22826546480528837,0.20070675205853913,0.22959184413172234,0.016307413827518765,False,True
64,1024,michelson,3.947126385207465,3.882640800028028,3.662722994372127,4.296015361222239,0.3215331996848928,True,False
=======
2,1,trace,0.3111778770752764,0.3119641073571028,0.2827844052805402,0.3387851185881861,0.028008634227383037,False,True
2,1,lambda_max,0.2771999282843963,0.2782685076663241,0.24467484657005664,0.30865643061680814,0.03200417426999941,False,True
2,1,svd_abs,0.2077098612088856,0.2119247789591677,0.18880837612315396,0.2223964285443352,0.017186141658127832,False,True
2,1,inverse,0.3138226619763464,0.3120979309533886,0.3029289740179967,0.32644108095765384,0.011850561843711601,False,True
2,1,frobenius_norm,0.34512930429617406,0.3357699118831228,0.3096684005535791,0.38994960045182037,0.040950780627864176,False,True
2,1,trace_norm,0.22472495847774346,0.22749482804006577,0.21916585668794644,0.22751419070521817,0.004814333106484609,False,True
2,1,addition,0.3196127484095046,0.323751824225661,0.28247646843586227,0.35260995256699057,0.03524947319537874,False,True
2,1,multiplication,0.3559330996907893,0.3563591330778185,0.3274237649706391,0.3840164010239104,0.028298723331621402,False,True
2,1,entropy,0.286647135266669,0.29932800599567116,0.2594906973080814,0.3011227024962545,0.023535278324916104,False,True
2,1,michelson,0.34508562245472413,0.33469924034619164,0.32494697853660953,0.3756106484813713,0.026881398085781796,False,True
2,2,trace,0.4211172353609136,0.4084956060692053,0.39736347123628823,0.4574926287772473,0.03198996782007368,False,True
2,2,lambda_max,0.4078812145151554,0.4051107371791147,0.3974834696482742,0.42104943671807726,0.012024781057711487,False,True
2,2,svd_abs,0.23607792922412726,0.24195928099656572,0.22120731085459322,0.24506719582122286,0.01297174821134659,False,True
2,2,inverse,0.36935727510639743,0.3707809541654755,0.3532553752858152,0.3840354958679018,0.015439368585191269,False,True
2,2,frobenius_norm,0.36776103031558244,0.35793359642946954,0.33929563095269033,0.40605386356458734,0.03444704991658178,False,True
2,2,trace_norm,0.2579438028060321,0.2612438823115018,0.24803550532771015,0.2645520207788842,0.00873880507958804,False,True
2,2,addition,0.3033537886922612,0.30885107156805824,0.2899210629258154,0.31128923158291,0.011696783626361085,False,True
2,2,multiplication,0.3581002873474308,0.35399508607790675,0.3384963297074568,0.381809446256929,0.021946435346190434,False,True
2,2,entropy,0.30101393936390175,0.3103689346617408,0.280830804253742,0.3118420791762224,0.017494620483061607,False,True
2,2,michelson,0.38763377079295774,0.3596045258917112,0.35041706810456547,0.45287971838259666,0.05669107163213687,False,True
2,4,trace,0.37837007091581115,0.39646746454750303,0.33926815592127263,0.39937459227865785,0.03389443413145292,False,True
2,4,lambda_max,0.4307249625380057,0.4299034434147636,0.4174390264124474,0.4448324177868062,0.013715161063567148,False,True
2,4,svd_abs,0.23916323171236495,0.23128495667423674,0.22381410011048744,0.26239063835237064,0.020459416874978736,False,True
2,4,inverse,0.38742567598933214,0.38535359339110314,0.3777151730768074,0.39920826150008587,0.010895336489210842,False,True
2,4,frobenius_norm,0.3632624265942151,0.3390688418864138,0.310714921761516,0.4400035161347155,0.06795500213015666,False,True
2,4,trace_norm,0.24097851751457164,0.24347621981947024,0.23324997464752517,0.2462093580767195,0.006831199917960316,False,True
2,4,addition,0.2988915146201639,0.30288961401436876,0.2901187561979298,0.30366617364819315,0.007607347038710719,False,True
2,4,multiplication,0.374684590140844,0.36767995737899184,0.3656409248838711,0.39073288815966917,0.013935577324058354,False,True
2,4,entropy,0.3072145326877455,0.31091007814723975,0.2886664137157026,0.32206710620029405,0.017004245258021664,False,True
2,4,michelson,0.3630397083320378,0.3635505285041323,0.3499153290082822,0.3756532674836989,0.012876570668359184,False,True
2,8,trace,0.41326034494415725,0.41672459325041344,0.38051515889451987,0.4425412826875385,0.031157836421071783,False,True
2,8,lambda_max,0.4288993982444795,0.44715060486251434,0.3898049578883014,0.4497426319826227,0.03388157465673517,False,True
2,8,svd_abs,0.25244405420554744,0.2518810145649962,0.24891500471220657,0.2565361433394396,0.00384164010827405,False,True
2,8,inverse,0.4593512188960002,0.4434473776183854,0.44057316064499563,0.49403311842461967,0.030069767158850274,False,True
2,8,frobenius_norm,0.3422560882904942,0.35132659718427506,0.31407567663430436,0.3613659910529034,0.02491583950314752,False,True
2,8,trace_norm,0.2704588169033318,0.2621678017213948,0.26086061250970105,0.28834803647889945,0.015506299322402736,False,True
2,8,addition,0.312197290549697,0.3166561051724417,0.29962425006109233,0.320311516415557,0.011040902054865933,False,True
2,8,multiplication,0.38482851031736914,0.3863023811447762,0.37141213498021464,0.39677101482711635,0.012743524558940155,False,True
2,8,entropy,0.3127345716438263,0.3115191505448565,0.3057683859064228,0.32091617848019954,0.00764668825704351,False,True
2,8,michelson,0.3360527068327807,0.342949884491438,0.32166115954577673,0.3435470764611274,0.012467021879651896,False,True
2,16,trace,0.3629518380264705,0.3650816550333565,0.3468781876932065,0.37689567135284874,0.015121654065489583,False,True
2,16,lambda_max,0.45436850163438036,0.4533035164945913,0.44310028520606476,0.46670170320248494,0.011836696239720577,False,True
2,16,svd_abs,0.29860245798747354,0.28994696675087456,0.28926024456133037,0.3166001626502156,0.01559025101423546,False,True
2,16,inverse,0.601625063015562,0.5872109691825665,0.5846207497630681,0.6330434701010511,0.027239943777519524,False,True
2,16,frobenius_norm,0.3579196667023221,0.3671888683995849,0.33405668432260593,0.3725134473847755,0.02083672794330643,False,True
2,16,trace_norm,0.30752739435688087,0.31253863203535825,0.2941216539779628,0.3159218970573215,0.011732306971880052,False,True
2,16,addition,0.3307049919264899,0.3171436678737625,0.291650966087839,0.38332034181786817,0.04731543875132752,False,True
2,16,multiplication,0.38359864873515254,0.39115745100044147,0.3672352412138043,0.39240325399121184,0.014184810028873852,False,True
2,16,entropy,0.3524720916053714,0.34780978013912206,0.3435356757625451,0.366070818914447,0.011969169995259375,False,True
2,16,michelson,0.37891490036627856,0.36591345574494144,0.34151961586741103,0.42931162948648316,0.04531707829840874,False,True
2,32,trace,0.3901021373337237,0.3939127771686712,0.3663897210057143,0.4100039138267855,0.022055389042639022,False,True
2,32,lambda_max,0.48933206878536567,0.48438733870448697,0.475840147468092,0.507768720183518,0.01652864802670267,False,True
2,32,svd_abs,0.37099588580215004,0.3681152010841709,0.3480093404005212,0.39686311592175794,0.024553952920113406,False,True
2,32,inverse,0.7816906383427874,0.8035899408406034,0.7279196490356075,0.8135623251521513,0.046833231583128514,False,True
2,32,frobenius_norm,0.37029548198220996,0.37017548088747887,0.36719079973255975,0.37352016532659127,0.003166388700519883,False,True
2,32,trace_norm,0.39505832748581526,0.4040241584610193,0.37475781223755344,0.4063930117588731,0.017620614518097027,False,True
2,32,addition,0.2856995379538026,0.28397687428915175,0.2810953703252861,0.29202636924697,0.005665453373967085,False,True
2,32,multiplication,0.34090703233912306,0.3580115255164929,0.28770460914357193,0.3770049623573044,0.04704318267470179,False,True
2,32,entropy,0.4068433757267768,0.3982949665500837,0.3888430606187483,0.4333921000114984,0.023472552104390542,False,True
2,32,michelson,0.3568406789936751,0.35102100726820645,0.3395311108597244,0.37996991885309434,0.020838083698491175,False,True
2,64,trace,0.3985680101779912,0.39377392857391086,0.37867627960896855,0.4232538223510943,0.022672157882553858,False,True
2,64,lambda_max,0.5415433308451242,0.5403946705204272,0.5371432972669816,0.5470920247479637,0.005072855214655913,False,True
2,64,svd_abs,0.5424051457878131,0.5378486957552021,0.5374567479215201,0.5519099936867172,0.008233772280191991,False,True
2,64,inverse,1.0384052873372966,0.990150455896048,0.9618658194364413,1.1631995866794007,0.10899641290486595,False,False
2,64,frobenius_norm,0.3677344597442243,0.37138826327412977,0.34755561612022356,0.3842594998383197,0.0186227409415006,False,True
2,64,trace_norm,0.5373864623989514,0.5366967569864891,0.5329538061322044,0.5425088240781608,0.00481470270669664,False,True
2,64,addition,0.29337265271107765,0.2929411634677792,0.289866901771361,0.29730989289409265,0.0037402094110593966,False,True
2,64,multiplication,0.4867402343497201,0.39825598329234035,0.3383237244070041,0.7236409953498159,0.20733896603290253,False,True
2,64,entropy,0.5367687973230275,0.5072354717016503,0.5063050367050976,0.5967658835623345,0.051961083468552084,False,True
2,64,michelson,0.339346807913315,0.34811574598533657,0.31714492235048536,0.352779755404123,0.019368299818863,False,True
2,128,trace,0.38620643052178966,0.3857836723188916,0.3628495867173722,0.4099860325291051,0.023571066465355266,False,True
2,128,lambda_max,0.6183964209228496,0.6217282241889495,0.5564210081967769,0.6770400303828226,0.06037849627998731,False,True
2,128,svd_abs,0.8287933486072859,0.8356514386460191,0.8134195103455556,0.8373090968302832,0.013339907602279258,False,True
2,128,inverse,1.680776518733846,1.6850172249384867,1.658907153567427,1.698405177695624,0.020087587444575523,True,False
2,128,frobenius_norm,0.37414383671853685,0.3667295182631613,0.3662345703352497,0.3894674215571996,0.013272921027174343,False,True
2,128,trace_norm,0.7950718086938928,0.793363114418345,0.7791796458866213,0.8126726657767122,0.016811761431657708,False,True
2,128,addition,0.31794366425187714,0.3217553439467289,0.2967640432592607,0.33531160554964184,0.01955441935227974,False,True
2,128,multiplication,0.3891078266621622,0.39457530426871934,0.3703399499812609,0.4024082257365063,0.01671865906740932,False,True
2,128,entropy,0.6892151179577279,0.7010653966819586,0.654965392240401,0.7116145649508243,0.03012646712735013,False,True
2,128,michelson,0.3562114011525718,0.34891004180507096,0.3412093765330088,0.3785147851196356,0.019695323396552673,False,True
2,256,trace,0.4526831124647468,0.44638092796992973,0.44435640980684293,0.4673119996174678,0.012709363593172178,False,True
2,256,lambda_max,0.7994092272595169,0.799891830088892,0.7656856670537692,0.8326501846358897,0.03348486722192164,False,True
2,256,svd_abs,1.2329459087332604,1.205774347644879,1.2005805929558304,1.2924827855990717,0.05162580316221326,True,False
2,256,inverse,2.9607885145693906,2.9287514207675427,2.912375001276244,3.0412391216643853,0.0701517777059402,True,False
2,256,frobenius_norm,0.39657332072900037,0.4072419505856676,0.36386359559303394,0.41861441600829963,0.028892522065408148,False,True
2,256,trace_norm,1.2176308374132845,1.1999909845967638,1.1995159367992898,1.2533855908438,0.03096543576732277,True,False
2,256,addition,0.2963698768043252,0.29269778825081355,0.29095725964126756,0.30545458252089447,0.007915571263507257,False,True
2,256,multiplication,0.4110466227673189,0.4113825054733205,0.4083114373283897,0.41344592550024645,0.002583670855754933,False,True
2,256,entropy,0.9762963696493746,0.9905698541617809,0.9394206681273346,0.998898586659008,0.03220566671114764,False,True
2,256,michelson,0.39697565612836955,0.3840757110232262,0.3697724155471484,0.437078841814734,0.035459063608833045,False,True
2,512,trace,0.4589396431709544,0.46366928599092266,0.44725594262249135,0.4658937008994493,0.010179324599448454,False,True
2,512,lambda_max,1.3337471357556228,1.3135430187748345,1.3031595191532783,1.3845388693387557,0.04429226136000141,True,False
2,512,svd_abs,2.011231816970557,1.7538455977680474,1.7257823316765326,2.5540675214670916,0.47031886872962836,True,False
2,512,inverse,5.611732924195724,5.6059014955973545,5.598274899633619,5.6310223773562,0.017134861946369852,True,False
2,512,frobenius_norm,0.4207064054145144,0.45598322992109686,0.3438303748258496,0.46230561149659655,0.06665160303022381,False,True
2,512,trace_norm,1.7474773473254057,1.8008249852211233,1.5958432278504195,1.8457638289046745,0.13322745422629476,True,False
2,512,addition,0.3273267148809447,0.340237278500845,0.3007809541537076,0.34096191198828163,0.022992158073212123,False,True
2,512,multiplication,0.3885264401918849,0.41052097805405013,0.31716280986150464,0.43789553266010006,0.06330021611667913,False,True
2,512,entropy,1.4491735216699635,1.4697429503662982,1.312611163233051,1.565166451410542,0.12752791633314667,True,False
2,512,michelson,0.41242211596832673,0.42137537909940265,0.3930551825872711,0.4228357862183064,0.0167881439914578,False,True
2,1024,trace,0.5776617933965865,0.5678426165685041,0.48606453001774447,0.6790782336035107,0.09688077527641577,False,True
2,1024,lambda_max,2.1879451920076445,2.1827679831916336,2.1075580572584434,2.2735095355728574,0.08309678638207554,True,False
2,1024,svd_abs,2.483353966871303,2.474395689750069,2.466810672399553,2.5088555384642874,0.022408273858911656,True,False
2,1024,inverse,10.273880682954735,10.222557918406608,9.763825648442122,10.835258482015472,0.5375570656548024,True,False
2,1024,frobenius_norm,0.5836159961875195,0.5545923879425452,0.5541349940094847,0.6421206066105285,0.05066699500526494,False,True
2,1024,trace_norm,2.5195251147721467,2.5330158886146523,2.444565374953707,2.5809940807480816,0.06920764896551694,True,False
2,1024,addition,0.33862585897517744,0.35011442790149716,0.2973114549867718,0.3684516940372634,0.03693540056668361,False,True
2,1024,multiplication,0.46977692805655963,0.4807236222456863,0.43958424060876633,0.4890229213152263,0.02647486303555731,False,True
2,1024,entropy,2.0702197215511515,2.0646147895927007,2.0288534722485814,2.1171909028121734,0.0444346357736677,True,False
2,1024,michelson,0.5009629943025313,0.48588808439585685,0.45000764098421675,0.5669932575275204,0.05993203067663387,False,True
4,1,trace,0.356943190578247,0.356107624683088,0.3540095532348077,0.36071239381684544,0.0034286507172527395,False,True
4,1,lambda_max,0.29100908415114124,0.2757997694389204,0.27433633157933296,0.32289115143517033,0.027620374242934106,False,True
4,1,svd_abs,0.20196346693187495,0.19593136447467052,0.18456930333125798,0.2253897329896963,0.021068140981480462,False,True
4,1,inverse,0.3813116803199494,0.31096257342398986,0.2856033249819365,0.5473691425539218,0.1443678753846465,False,True
4,1,frobenius_norm,0.48528924484524877,0.34009140329189375,0.3391684497342446,0.7766078815096078,0.25228976200354036,False,True
4,1,trace_norm,0.25748499612107734,0.22133782364869914,0.2019816636906717,0.34913550102386115,0.0799595305062604,False,True
4,1,addition,0.4923698808611608,0.5472110624765412,0.2954958982600144,0.6344026818469268,0.17598329009038025,False,True
4,1,multiplication,0.42244433306665713,0.3360503045770853,0.3209498754026573,0.6103328192202286,0.1628912771210405,False,True
4,1,entropy,0.26464327539581783,0.26046620394275005,0.25581774591292666,0.2776458763317767,0.011497946070433902,False,True
4,1,michelson,0.33016087257843846,0.32986869426238463,0.30940973387132403,0.3512041896016068,0.020898759737695463,False,True
4,2,trace,0.36728859767851113,0.3666605090038883,0.3612792266034047,0.37392605742824037,0.0063467672098002255,False,True
4,2,lambda_max,0.4093539102822987,0.4086514941691468,0.40737473523652373,0.4120355014412256,0.0024084697840608847,False,True
4,2,svd_abs,0.2038852985178198,0.20544749135888757,0.1968625756442462,0.2093458285503257,0.006386566811190356,False,True
4,2,inverse,0.38041165090691753,0.3708716783625538,0.3708700249691745,0.39949324938902425,0.016525149050997424,False,True
4,2,frobenius_norm,0.3470234725684629,0.3477730504915714,0.34504372163846614,0.34825364557535116,0.0017312721384160291,False,True
4,2,trace_norm,0.22908180296822103,0.21836668288896977,0.21802541813093837,0.25085330788475496,0.01885544842099398,False,True
4,2,addition,0.2750278253995627,0.28064642467265644,0.2594348462440538,0.2850022052819779,0.013678412019939929,False,True
4,2,multiplication,0.3840591962946776,0.36953197786440434,0.3638057822159115,0.4188398288037171,0.030256679055174655,False,True
4,2,entropy,0.26936801422786816,0.27294890256651694,0.2590257159274593,0.27612942418962816,0.009096773056955354,False,True
4,2,michelson,0.3230619545800714,0.3213517315243597,0.31815108974437745,0.3296830424714771,0.005953161395446233,False,True
4,4,trace,0.3546353304531666,0.36217576175888405,0.3329728980167403,0.3687573315838753,0.019046653239804576,False,True
4,4,lambda_max,0.41073148518037855,0.4110276905346596,0.4080724226759972,0.41309434233047904,0.0025240290138875787,False,True
4,4,svd_abs,0.20984837080475124,0.21933887923648995,0.18589953383622262,0.22430669934154115,0.02088851127433236,False,True
4,4,inverse,0.37561513336061064,0.37332002921083246,0.37311792007675815,0.3804074507942414,0.004151498743108291,False,True
4,4,frobenius_norm,0.3377082208069239,0.3458762346109052,0.3156783600376297,0.35157006777223676,0.019289660654172605,False,True
4,4,trace_norm,0.2526514147820034,0.2349583854788596,0.23367361825365365,0.28932224061349704,0.031764363004451145,False,True
4,4,addition,0.338885099569314,0.29253064545854585,0.2899999827006402,0.4341246705487561,0.08248959312397956,False,True
4,4,multiplication,0.42396778627445336,0.3499684929439919,0.3276431623478869,0.5942917035314814,0.14792661251069916,False,True
4,4,entropy,0.30245743261071056,0.2995557593988613,0.29432856089087706,0.3134879775423933,0.009903817050908826,False,True
4,4,michelson,0.3537176501172934,0.3487388086334197,0.32087304277011763,0.39154109894834277,0.03559614007014457,False,True
4,8,trace,0.36783305423955276,0.36647457489984925,0.36612813655118637,0.37089645126762283,0.0026586285742929965,False,True
4,8,lambda_max,0.4955582238574565,0.45940047726005295,0.4339899381611576,0.5932842561511591,0.08558158046698172,False,True
4,8,svd_abs,0.29391131249002816,0.2795526614879703,0.2721261023760703,0.3300551736060439,0.03152098455538804,False,True
4,8,inverse,0.46634555291326524,0.4512653547853801,0.443956712424726,0.5038145915296895,0.0326542601266406,False,True
4,8,frobenius_norm,0.34159124585450024,0.35081949086186154,0.3161265188745344,0.35782772782710476,0.022329757868445415,False,True
4,8,trace_norm,0.2850253300250526,0.2867815707985027,0.28006008917061326,0.2882343301060418,0.004360944846974734,False,True
4,8,addition,0.2978569912251434,0.29385607572951167,0.2920645296022255,0.30765036834369314,0.008528486731017883,False,True
4,8,multiplication,0.3681636160309099,0.3724798563689143,0.3555009778135737,0.3765100139102418,0.01114976894017709,False,True
4,8,entropy,0.32959034850871255,0.33033794320346677,0.32130102088272205,0.3371320814399488,0.007941964049425293,False,True
4,8,michelson,0.33892520579919827,0.3471103585895454,0.32187539812476235,0.34778986068328704,0.01476947484087672,False,True
4,16,trace,0.386975681151333,0.37182710262360763,0.36998575902702724,0.41911418180336435,0.027847981159872755,False,True
4,16,lambda_max,0.51985068856662,0.52185195110309,0.49870205965574466,0.5389980549410253,0.02022240336391172,False,True
4,16,svd_abs,0.3758108981117591,0.37248227507745907,0.3690840772473694,0.3858663420104489,0.008872479987178302,False,True
4,16,inverse,0.6408940866813669,0.65156103890952,0.6043885387168515,0.6667326824177293,0.032512089533390506,False,True
4,16,frobenius_norm,0.3540933563825905,0.35644261224852913,0.3428549650614995,0.36298249183774267,0.010267355349593789,False,True
4,16,trace_norm,0.3770649230639617,0.3774269328738492,0.3738266320772843,0.3799412042407516,0.0030733184853515417,False,True
4,16,addition,0.2994852717828704,0.29655327352997113,0.2946769518388424,0.30722558997979754,0.006768643890352897,False,True
4,16,multiplication,0.3691305138422461,0.37041930854244376,0.3637825251806268,0.37318970780366767,0.004834202629209254,False,True
4,16,entropy,0.3957390236013462,0.396816774953887,0.39083079765736184,0.39956949819278964,0.004467928238613424,False,True
4,16,michelson,0.34267673782618097,0.3472123186246829,0.33185706421672984,0.3489608306371301,0.00941080901547299,False,True
4,32,trace,0.3816848987661734,0.3819041210300738,0.37669183822428615,0.38645873704416034,0.004887138420400754,False,True
4,32,lambda_max,0.6095000145484732,0.6053814402665819,0.60099956105147,0.6221190423273679,0.011145856311981747,False,True
4,32,svd_abs,0.5450856212927745,0.543382649318615,0.5334224593462427,0.5584517552134658,0.012601249861058534,False,True
4,32,inverse,0.824888147839769,0.8475007362623029,0.7742773075263423,0.852886399730662,0.0439129162168945,False,True
4,32,frobenius_norm,0.34834078583808786,0.34760867909209453,0.34546356497585234,0.3519501134463169,0.0033046653356381232,False,True
4,32,trace_norm,0.5711767433150975,0.5707268482444038,0.5615214149121639,0.5812819667887248,0.009887955137314258,False,True
4,32,addition,0.300961450163406,0.299172791718186,0.2978833786297898,0.30582818014224217,0.004263735691070556,False,True
4,32,multiplication,0.38486291883829243,0.37815612198387394,0.37803469720666394,0.39839793732433937,0.01172182707846156,False,True
4,32,entropy,0.5314541487043493,0.5289883058106973,0.5228373502959535,0.542536790006397,0.010078554812495692,False,True
4,32,michelson,0.37527367666392025,0.3839752031665905,0.35352392751702694,0.38832189930814326,0.018960805172812064,False,True
4,64,trace,0.39070411250585724,0.39079589994123165,0.3903465605776986,0.39096987699864155,0.000321635725819957,False,True
4,64,lambda_max,0.8498182062052314,0.8184955110508639,0.810065289795659,0.9208938177691715,0.06169743979286328,False,True
4,64,svd_abs,0.9439431350692241,0.9472480605353213,0.9359222565950244,0.9486590880773264,0.006982021075912295,False,True
4,64,inverse,1.1823404755168987,1.1840769972854954,1.1690080847218003,1.1939363445434001,0.012554527682191207,True,False
4,64,frobenius_norm,0.35834864448092213,0.35331004784987446,0.3518839211015391,0.36985196449135294,0.009987654270265973,False,True
4,64,trace_norm,0.9469272615826037,0.9413104358425343,0.9381742586451507,0.9612970902601261,0.012543041258775978,False,True
4,64,addition,0.3086416305375624,0.30712652136970664,0.30693022973574186,0.31186814050723877,0.0027959627214444015,False,True
4,64,multiplication,0.3863890094348736,0.38339620831469,0.38320012085910865,0.392570699130822,0.005354398023616231,False,True
4,64,entropy,0.8004632160154209,0.8008142659056577,0.7941570293448941,0.8064183527957113,0.006138195191623219,False,True
4,64,michelson,0.39599851462846103,0.39075456626716004,0.3899963993172007,0.4072445783010224,0.00974675152943178,False,True
4,128,trace,0.39651064917502765,0.40080096827542,0.37656901557151157,0.41216196367815133,0.01818019849225749,False,True
4,128,lambda_max,1.2433819614852288,1.2529137446622947,1.2172397884786081,1.2599923513147835,0.022914767621912024,True,False
4,128,svd_abs,1.53136808129079,1.5224289002709488,1.4849582603223006,1.5867170832791204,0.05146500005215648,True,False
4,128,inverse,1.9107856696345291,1.9235989935521853,1.8815672208282166,1.9271907945231854,0.025367569287165624,True,False
4,128,frobenius_norm,0.37345419743843483,0.3829111694031839,0.35217301299054393,0.38527840992157664,0.018468014661756287,False,True
4,128,trace_norm,1.5647879384292398,1.5920544021871466,1.475184191793046,1.6271252213075262,0.07955572981800861,True,False
4,128,addition,0.32005550981340364,0.31950918624347285,0.31795727340807906,0.3227000697886589,0.00241813594721362,False,True
4,128,multiplication,0.4130306156658032,0.4108904607988655,0.39011365852790725,0.4380877276706368,0.02405853330252505,False,True
4,128,entropy,1.2608730653877547,1.2784540213439402,1.205830494804081,1.2983346800152427,0.04869367083764816,True,False
4,128,michelson,0.4234134121975975,0.4202721079396665,0.3979758603974356,0.4519922682556904,0.027144869198579755,False,True
4,256,trace,0.46236721641963135,0.43842234999700536,0.43819772670767565,0.5104815725542131,0.04166840606010206,False,True
4,256,lambda_max,2.1209642951627363,2.124027870109758,2.07655199742661,2.1623130179518406,0.04296251015681312,True,False
4,256,svd_abs,2.284995458923835,2.2808996438780085,2.2735388727192785,2.3005478601742184,0.013962561602460021,True,False
4,256,inverse,3.464963212487092,3.48729181990485,3.321529246453344,3.5860685711030813,0.13367568441361005,True,False
4,256,frobenius_norm,0.41624677091955203,0.41635285639358627,0.4152392995036726,0.41714815686139717,0.0009588402885181658,False,True
4,256,trace_norm,2.2528724307918147,2.249264095737259,2.244550904745865,2.2648022918923196,0.010596920861191038,True,False
4,256,addition,0.34396390086181006,0.350220287912908,0.32495908443449617,0.35671233023802595,0.01677569488768513,False,True
4,256,multiplication,0.45598842172425336,0.4635436132116282,0.425839840945712,0.4785818110154199,0.027170563860852568,False,True
4,256,entropy,1.8723576048608972,1.8716512189225298,1.8658401459347067,1.8795814497254548,0.006897832506508795,True,False
4,256,michelson,0.4941649561842869,0.4938885396103815,0.4648927664354806,0.5237135625069984,0.029411372242952524,False,True
4,512,trace,0.49015599333076887,0.49022299315431317,0.48659324892974914,0.4936517379082444,0.0035297214333642507,False,True
4,512,lambda_max,3.727405316369312,3.711582436108438,3.6406043862375204,3.8300291267619784,0.09569851480301056,True,False
4,512,svd_abs,2.881906086636681,2.802767581881622,2.7984758637656477,3.044474814262773,0.14080500031096777,True,False
4,512,inverse,6.56888429299665,6.522006290612363,6.50628884210921,6.678357746268378,0.09513194665983736,True,False
4,512,frobenius_norm,0.4888274168573392,0.47723388993611243,0.47585180561194235,0.5133965550239629,0.021288716540875857,False,True
4,512,trace_norm,3.0209172453714963,3.0316000479661516,2.998889786533308,3.0322619016150303,0.019079209095615175,True,False
4,512,addition,0.41036160937006577,0.4086599924852557,0.4066069599676736,0.415817875657268,0.0048354800151802135,False,True
4,512,multiplication,0.6164615518704554,0.5908673275491485,0.5718978258999458,0.6866195021622722,0.061494422430546855,False,True
4,512,entropy,2.617150777010068,2.618559369366232,2.607952180893095,2.624940780770876,0.008581446892640938,True,False
4,512,michelson,0.6225223847630471,0.6075258100870947,0.5900363028180873,0.6700050413839594,0.04204072699136833,False,True
4,1024,trace,0.5730310752503879,0.5605355221545555,0.5586380310147651,0.5999196725818428,0.023305527627501633,False,True
4,1024,lambda_max,6.561280782563453,6.528217278794426,6.458132725015696,6.697492343880236,0.12305752007438524,True,False
4,1024,svd_abs,3.521510694641209,3.5870966280135628,3.379039776166757,3.5983956797433074,0.12351270825592525,True,False
4,1024,inverse,13.612721166559595,13.598193596289102,13.13965612331196,14.100313780077723,0.48049357029948353,True,False
4,1024,frobenius_norm,0.5974916252598965,0.597624631433474,0.5713942999679433,0.6234559443782721,0.02603107705529176,False,True
4,1024,trace_norm,3.7594222015555663,3.756716390732989,3.747887279610865,3.7736629343228447,0.013099127952405134,True,False
4,1024,addition,0.5856422931956985,0.5697689688425372,0.5633312175930634,0.6238266931514951,0.033224952374318016,False,True
4,1024,multiplication,0.8633248657969345,0.8157666938196428,0.8026513044604973,0.9715565991106629,0.09396054720775655,False,True
4,1024,entropy,3.53562101116646,3.5396481822853754,3.5144573052803185,3.552757545933685,0.019465114665529713,True,False
4,1024,michelson,0.9523835689897607,0.981661825834229,0.8600349060582781,1.0154539750767748,0.08174156835131102,False,False
8,1,trace,0.37723954312220814,0.369671749810552,0.3486772270680541,0.4133696524880183,0.033003501304942916,False,True
8,1,lambda_max,0.3256944837258518,0.33845671460309795,0.2950716606770388,0.3435550758974186,0.026642377720110497,False,True
8,1,svd_abs,0.17456747282338195,0.17494581618208963,0.17362650917400396,0.17513009311405228,0.0008200908114358172,False,True
8,1,inverse,0.3439890974257041,0.32228231344315555,0.3079665570491417,0.40171842178481504,0.05050486499836195,False,True
8,1,frobenius_norm,0.3481168252727349,0.34387778970071536,0.3415453058815965,0.3589273802358928,0.009434574402176646,False,True
8,1,trace_norm,0.1792011563211736,0.17815161345113545,0.17766980947508063,0.18178204603730466,0.0022480608450304333,False,True
8,1,addition,0.2970102212608707,0.2947766699265524,0.285426245929493,0.31082774792656653,0.012847203571170996,False,True
8,1,multiplication,0.4071616549071965,0.39889122806238675,0.39289630907831496,0.42969742758088797,0.019745393156547133,False,True
8,1,entropy,0.23505501634566717,0.23572204124892976,0.23032852122789418,0.23911448656017756,0.0044307999696669535,False,True
8,1,michelson,0.3288351807115882,0.32620253646944997,0.3247644167454983,0.3355385889198164,0.005849684460696201,False,True
8,2,trace,0.36609685582105783,0.3708886096373694,0.3524333369766382,0.37496862084916605,0.012007515699800499,False,True
8,2,lambda_max,0.4452055650052271,0.4394845322136451,0.4387371721153386,0.45739499068669764,0.01056296410162438,False,True
8,2,svd_abs,0.20297407823090105,0.20236709036345704,0.2013846335867531,0.20517051074249298,0.0019645717505366008,False,True
8,2,inverse,0.37169226320627763,0.3701476727594795,0.3687451143470664,0.37618400251228706,0.003952667962265491,False,True
8,2,frobenius_norm,0.3389140946461553,0.3466207530379981,0.3218546098780914,0.3482669210223764,0.014796857189013189,False,True
8,2,trace_norm,0.21621217273631976,0.20900434943902865,0.20832838080183302,0.23130378796809764,0.013074091598563944,False,True
8,2,addition,0.30235398375469114,0.30374015632520845,0.2934366124312777,0.3098851825075873,0.008311436108474728,False,True
8,2,multiplication,0.41520578645972633,0.41313630959572484,0.40598252941655494,0.42649852036689917,0.01041338187317788,False,True
8,2,entropy,0.2707723181425818,0.2708533173384428,0.26959596339325914,0.2718676736960434,0.0011380191462544292,False,True
8,2,michelson,0.3433846036472052,0.33798169365473624,0.3310741433231549,0.36109797396372434,0.015724222679466215,False,True
8,4,trace,0.3658448974068618,0.36240994706075874,0.3609633746069971,0.3741613705528298,0.007238503792683908,False,True
8,4,lambda_max,0.545876254612371,0.5442673276582192,0.5392145646819599,0.554146871496934,0.0075950596549321,False,True
8,4,svd_abs,0.27004794664876774,0.24784797699251457,0.24601002044265535,0.3162858425111333,0.040053736172846764,False,True
8,4,inverse,0.46701278107632865,0.42858588470047027,0.42699567293516816,0.5454567855933473,0.06793915348945827,False,True
8,4,frobenius_norm,0.33441288007559516,0.33180426655816136,0.3281746864927057,0.3432596871759185,0.007873560805990916,False,True
8,4,trace_norm,0.25903832770788965,0.2598092934834576,0.25593555614302677,0.26137013349718463,0.00279811524510771,False,True
8,4,addition,0.306145609872076,0.30358937483536697,0.3010125921650166,0.31383486261584437,0.0067825812233040655,False,True
8,4,multiplication,0.5026392653287645,0.4938977008503325,0.48541326744582153,0.5286068276901394,0.0228851944233126,False,True
8,4,entropy,0.30575734523896997,0.3056315802501443,0.3033378510796982,0.30830260438706747,0.0024847648731961152,False,True
8,4,michelson,0.3357560362280854,0.33584601362824346,0.33544556041413226,0.3359765346418805,0.0002766863875177246,False,True
8,8,trace,0.3781491810537691,0.37576745316883275,0.37568937375441874,0.38299071623805575,0.004193074206862206,False,True
8,8,lambda_max,8.981496569358013,12.902143187987988,0.7102409359997087,13.332105584086339,7.166342807163621,False,False
8,8,svd_abs,0.3567754495555082,0.3559615789560761,0.3545545359836341,0.35981023372681437,0.002720731281545908,False,True
8,8,inverse,14.75955873162647,16.049326096835607,12.035614417864505,16.193735680179298,2.3601097432741303,True,False
8,8,frobenius_norm,0.352499972144811,0.3513211897868643,0.3491637842911203,0.3570149423564484,0.004056145538222984,False,True
8,8,trace_norm,0.3596122341584153,0.3570322388401229,0.35287678080532237,0.3689276828298005,0.00833067499255953,False,True
8,8,addition,0.29919744716488567,0.3026620680322873,0.2890950468800847,0.3058352265822851,0.008891631033259123,False,True
8,8,multiplication,0.5814514598823491,0.5670845509414544,0.5635724368108317,0.6136973918947614,0.027980954860913218,False,True
8,8,entropy,0.3785632148833458,0.37841624159303167,0.37350737775822945,0.3837660252987764,0.0051309027667011805,False,True
8,8,michelson,0.363614401901573,0.3416722345155002,0.33766252684189185,0.41150844434732714,0.041525882474111465,False,True
8,16,trace,0.3694172958144433,0.376489818224265,0.3520207041960909,0.3797413650229741,0.015153355704194604,False,True
8,16,lambda_max,14.65653874015581,16.30246770135458,11.265012808016754,16.402135711096093,2.937570346276021,True,False
8,16,svd_abs,0.5472701375393955,0.5528249477088683,0.5277303056350571,0.561255159274261,0.017439062185125365,False,True
8,16,inverse,20.527038085161298,20.506412519595784,20.489173452547032,20.585528283341073,0.05138213522723652,True,False
8,16,frobenius_norm,0.3581798434414368,0.3585894306701148,0.34557815162136046,0.3703719480328352,0.012401971875344513,False,True
8,16,trace_norm,0.5315030614606279,0.5695973383148786,0.45157055192450674,0.5733412941424983,0.06924889069051118,False,True
8,16,addition,0.308980281930522,0.30660138291990013,0.30646565294061784,0.31387380993104813,0.004238462914284929,False,True
8,16,multiplication,0.7539065785252962,0.7505249744506334,0.7410209408299948,0.7701738202952603,0.01486771770876102,False,True
8,16,entropy,0.5381466216706056,0.5338945490183326,0.5308248734163009,0.5497204425771833,0.010140055466247654,False,True
8,16,michelson,0.33939375559635315,0.33849658164761987,0.338189808873252,0.3414948762681878,0.001826077337349459,False,True
8,32,trace,0.3886514457445524,0.3839660327307689,0.37735298211814183,0.40463532238474637,0.014231877737600065,False,True
8,32,lambda_max,13.251462278557982,13.255066610081302,13.239856502055392,13.259463723537253,0.010288546440444529,True,False
8,32,svd_abs,0.9523499417522915,0.9395096339918607,0.9348362699184474,0.982703921346566,0.026390967031313942,False,True
8,32,inverse,16.598532366984255,16.57621953543529,16.39853606053097,16.8208415049865,0.2120350653618296,True,False
8,32,frobenius_norm,0.35625892040079793,0.35317045962795024,0.334435737593518,0.38117056398092547,0.02351999025986922,False,True
8,32,trace_norm,0.9478738478393919,0.9429031452143786,0.9345732423569918,0.9661451559468052,0.016362375908479672,False,True
8,32,addition,0.318984517263964,0.319322496454834,0.3176941193337892,0.3199369360032687,0.0011589776112245044,False,True
8,32,multiplication,1.1319177606104736,1.104793794848745,1.0931984104776715,1.1977610765050044,0.05731596566985905,True,False
8,32,entropy,0.8438365799951925,0.8474576903685465,0.8315224390223814,0.8525296105946498,0.010961735474763503,False,True
8,32,michelson,0.3527351239253939,0.3514649740606872,0.3494671103047773,0.3572732874107172,0.004055127712099315,False,True
8,64,trace,0.41806253800473075,0.40272196495485907,0.4004856991236669,0.45097994993566637,0.02852923460925854,False,True
8,64,lambda_max,11.5862729450387,12.708304012771963,9.030955190774907,13.019559631569232,2.2184356276439563,True,False
8,64,svd_abs,1.7600876058490622,1.751576655881532,1.7512045138945072,1.777481647771148,0.015064831336761765,True,False
8,64,inverse,15.989973643258795,16.525629277542915,14.45380648459457,16.990485167638898,1.3505109789106189,True,False
8,64,frobenius_norm,0.37405609670986056,0.37551433970521886,0.36735285889686237,0.3793010915275004,0.006106137913943201,False,True
8,64,trace_norm,1.7876395959254527,1.7451656022097137,1.7170848068061275,1.9006683787605174,0.09888762349003363,True,False
8,64,addition,0.3444842533646754,0.343751914656662,0.32637761513178654,0.36332323030557767,0.018483691734334555,False,True
8,64,multiplication,1.9620648031401648,1.9811840431930425,1.8774587034271886,2.027551662800263,0.0768513703097838,True,False
8,64,entropy,1.4252213664990452,1.440017694153133,1.375990964549734,1.4596554407942686,0.04375082433913012,True,False
8,64,michelson,0.36281415271007894,0.35939548529625237,0.35443726547054955,0.37460970736343485,0.010511770457217384,False,True
8,128,trace,0.46886834950418804,0.4245681544572944,0.42048446482891433,0.5615524292263554,0.08029273382880944,False,True
8,128,lambda_max,10.993845834625857,10.973530035479932,10.928024537398821,11.079982930998817,0.07798966032478903,True,False
8,128,svd_abs,3.149530712972233,3.114890356066964,3.024614686194987,3.30908709665475,0.1453654148107117,True,False
8,128,inverse,13.040785324928185,13.075294248967506,10.821106014486464,15.225955711330585,2.202627604096003,True,False
8,128,frobenius_norm,0.4071666600566699,0.40342021381320586,0.4018268439650516,0.4162529223917522,0.007909161098669288,False,True
8,128,trace_norm,3.0436908241470033,3.0311796991679025,3.022600001633679,3.0772927716394287,0.029414638513968982,True,False
8,128,addition,0.3862324757206304,0.3830692664824493,0.37469382504361504,0.4009343356358268,0.013403190610760563,False,True
8,128,multiplication,3.5370097911798504,3.526490430127626,3.499251227660803,3.585287715751123,0.04397228716406766,True,False
8,128,entropy,2.438661754719781,2.4467281702951054,2.4105083663567735,2.458748727507465,0.025111419835657605,True,False
8,128,michelson,0.39727605354398515,0.40712179011376726,0.3735521266836246,0.41115424383456345,0.020644217108173223,False,True
8,256,trace,0.4850548360078953,0.4765630042951129,0.45451833596856045,0.5240831677600126,0.03555136931148956,False,True
8,256,lambda_max,18.962147214615797,20.848732633853867,14.837476058129429,21.200232951864088,3.576390950421004,True,False
8,256,svd_abs,3.751759184680538,3.7530134522753364,3.6723633252628214,3.8299007765034565,0.078776214850984,True,False
8,256,inverse,18.529616287065462,18.93011380553991,15.494061589937347,21.164673465719126,2.856441572685757,True,False
8,256,frobenius_norm,0.4547001648563895,0.455288386758671,0.4531772809864908,0.4556348268240066,0.001330182935018932,False,True
8,256,trace_norm,3.9603453231690797,3.9564315469650517,3.9043672155563476,4.02023720698584,0.05803405863455584,True,False
8,256,addition,0.5097005569497809,0.5090069120878912,0.5050955693393246,0.5149991894221269,0.004988113880209666,False,True
8,256,multiplication,6.558110932404226,6.6676608916058875,6.2619046912883,6.744767214318492,0.2594030632193555,True,False
8,256,entropy,3.4485157951916077,3.385300708854959,3.3516901830900956,3.6085564936297687,0.1396144180519276,True,False
8,256,michelson,0.5718482419618499,0.6184070013275234,0.438702076270684,0.6584356482873422,0.11703204357377084,False,True
8,512,trace,0.514544792464606,0.5196213212068628,0.5004504603000055,0.5235625958869499,0.012364103724109725,False,True
8,512,lambda_max,23.761288035254932,21.55333548069962,20.839810275276633,28.890718349788543,4.456520062608915,True,False
8,512,svd_abs,4.774437397529712,4.70081710067857,4.6788179320574805,4.943677159853084,0.14697810625551833,True,False
8,512,inverse,20.295588119328187,19.5198582525505,19.079638239281913,22.287267866152146,1.7388328198685787,True,False
8,512,frobenius_norm,0.5787291773671609,0.5886640804392128,0.5473556964859712,0.6001677551762988,0.02777238034569513,False,True
8,512,trace_norm,5.0345320375317195,4.96339780704113,4.902233062557706,5.2379652429963235,0.17881298416539354,True,False
8,512,addition,0.9057713514330693,0.9130708176195166,0.8611441450862821,0.943099091593409,0.04146221133998792,False,True
8,512,multiplication,13.540017087288831,13.604954762870541,13.196114339637415,13.818982159358535,0.31647078300137316,True,False
8,512,entropy,7.677685759135834,7.649206675184808,7.627766604278749,7.756083997943945,0.0687359589027052,True,False
8,512,michelson,0.4772677607583915,0.4776187621482521,0.4651422407676785,0.4890422793592438,0.01195388483512121,False,True
8,1024,trace,0.601198264799545,0.6143379754325394,0.5600279560565768,0.6292288629095185,0.03642362384437467,False,True
8,1024,lambda_max,39.06392044884226,36.44743509923369,35.42456046881072,45.31976577848238,5.441807486366619,True,False
8,1024,svd_abs,5.852237375835877,5.84975348914695,5.810066573046947,5.896892065313735,0.0434660073696113,True,False
8,1024,inverse,116.75826825723315,111.25214230292056,95.29831388611781,143.7243485826611,24.678093045781914,True,False
8,1024,frobenius_norm,70.2261979854054,57.825600376267666,57.22051894241193,95.63247463753663,22.00456091084006,True,False
8,1024,trace_norm,7.4697004828627245,7.583093539883804,7.149939052098361,7.676068856606009,0.280796424181743,True,False
8,1024,addition,1.180132871988467,0.9976897563765963,0.9863095921997759,1.556399267389029,0.32590593315398825,False,False
8,1024,multiplication,29.1105769538843,27.8594204696707,26.89252936027251,32.57978103170969,3.043066266869417,True,False
8,1024,entropy,5.647910829547324,5.48250677415217,5.446850895036568,6.014374819453232,0.31786746821937434,True,False
8,1024,michelson,0.5241645667751773,0.5181559668388149,0.5095731993396718,0.5447645341470452,0.01834897725426685,False,True
16,1,trace,0.40841543611821973,0.3593323261970993,0.3525927552289346,0.5133212269286253,0.09091355324359596,False,True
16,1,lambda_max,0.37174128383053695,0.3746796990093436,0.3505216348766473,0.39002251760562007,0.01991370500219123,False,True
16,1,svd_abs,0.12448936899213765,0.16205361337390994,0.04115355683719642,0.17026093676530665,0.07228750396822042,False,True
16,1,inverse,0.35110770807710273,0.3420509318516681,0.3382803870448758,0.37299180533476417,0.019045722265697805,False,True
16,1,frobenius_norm,0.36024658603732007,0.34130688628234807,0.33616043255158207,0.40327243927803,0.03735022800223666,False,True
16,1,trace_norm,0.1799549022642529,0.17842525036640577,0.17217868685887397,0.18926076956747886,0.008643162824588288,False,True
16,1,addition,0.30080831477963127,0.2988792225327587,0.2791256473213442,0.3244200744847909,0.022708750090854886,False,True
16,1,multiplication,0.4224777376032212,0.42767456086602745,0.40544559675474223,0.43431305518889407,0.015119119290835158,False,True
16,1,entropy,0.22994911598627585,0.23213331128719583,0.22292046792740094,0.23479356874423077,0.006230622969340382,False,True
16,1,michelson,0.32051366551899063,0.324443755489714,0.3122331369865425,0.32486410408071537,0.007174227332403463,False,True
16,2,trace,0.38528157463229107,0.3678661042646583,0.3677716661987895,0.42020695343342546,0.03024630213661028,False,True
16,2,lambda_max,13.175935088934443,13.085634307902488,13.011647249439138,13.430523709461704,0.223562173637436,True,False
16,2,svd_abs,0.2640980483257365,0.23648704865711828,0.23389819168386108,0.32190890463623034,0.05008240085720146,False,True
16,2,inverse,20.674817245516753,21.122836293947596,19.700016295795052,21.201599146807606,0.8451204443340647,True,False
16,2,frobenius_norm,0.32491171755117615,0.34138396586907965,0.29049054379045713,0.34286064299399155,0.029818753262536246,False,True
16,2,trace_norm,0.23132442235151499,0.23277875518925478,0.22461967902403016,0.23657483284126002,0.0061088246578701755,False,True
16,2,addition,0.29211832021006984,0.29514474940386115,0.28157003216226106,0.29964017906408735,0.009407550558576325,False,True
16,2,multiplication,0.4400208823578115,0.43760613155375766,0.432908976929133,0.4495475385905439,0.008578094172040921,False,True
16,2,entropy,0.2752735871985054,0.2737012935432515,0.2730051518452179,0.27911431620704685,0.003344331443461312,False,True
16,2,michelson,0.3351929629311323,0.33393762336933647,0.3330241550797885,0.338617110344272,0.0030003658458904276,False,True
16,4,trace,0.3524574232171669,0.37369494798622344,0.30750027825402637,0.3761770434112508,0.03895380420257253,False,True
16,4,lambda_max,13.293011073543786,13.187399535443198,12.670256308925506,14.02137737626265,0.6817238314636984,True,False
16,4,svd_abs,0.3428312393910297,0.34126287641200465,0.3367036832929559,0.35052715846812854,0.007043929180871692,False,True
16,4,inverse,19.804565512535245,20.792967414296758,16.696482559600078,21.9242465637089,2.750469570858457,True,False
16,4,frobenius_norm,0.3335414757235922,0.33360833377312754,0.3268294937867465,0.34018659961090264,0.006678803897294562,False,True
16,4,trace_norm,0.2665250346112292,0.3358761929890697,0.11541969343896047,0.3482792174056574,0.1310079266752986,False,True
16,4,addition,0.2994169300881573,0.30325163966845325,0.28367182156468324,0.31132732903133536,0.014220953606682752,False,True
16,4,multiplication,0.501155938008675,0.49503325491842415,0.4847295728098818,0.5237049862977191,0.0201961914801951,False,True
16,4,entropy,0.2853726806397849,0.357129583228702,0.12892084374179275,0.37006761494885976,0.1356456085458165,False,True
16,4,michelson,0.3302070996763076,0.3252008500360689,0.3251306787347459,0.3402897702581082,0.008731919350790623,False,True
16,8,trace,0.4211984227535413,0.4426997013592581,0.3724171515510882,0.44847841535027777,0.042344512028632084,False,True
16,8,lambda_max,14.18046281834278,14.394465865194674,13.74159999833061,14.405322591503054,0.38010511469632846,True,False
16,8,svd_abs,0.2799538905362672,0.17329262167249146,0.12864998689386586,0.5379190630424442,0.22451673407476935,False,True
16,8,inverse,19.58208873765287,16.912300628937295,16.465182645205363,25.368782938815958,5.016408172804022,True,False
16,8,frobenius_norm,0.40769235083259403,0.35848933382512826,0.3532385237326163,0.5113491949400374,0.08980784347368008,False,True
16,8,trace_norm,0.5450667090598854,0.5531763930341254,0.5126053400237014,0.5694183941218297,0.029261852463758096,False,True
16,8,addition,0.30124330396964505,0.3041567900962,0.2877233808146161,0.311849740998119,0.01232422877843679,False,True
16,8,multiplication,0.6080974758226524,0.6091018267842382,0.6024816766999509,0.6127089239837681,0.005187069248777699,False,True
16,8,entropy,0.5431779091263357,0.536177511282096,0.5357918769350432,0.5575643391618677,0.012460505821909905,False,True
16,8,michelson,0.32884311641564223,0.34589783595988827,0.2711621329070807,0.36946938037995786,0.05132471451915776,False,True
16,16,trace,0.38555992287739227,0.386151102458377,0.37641500898425706,0.3941136571895427,0.00886412189933923,False,True
16,16,lambda_max,9.97481140739355,12.22218720674701,2.6228732493637814,15.079373766069862,6.525268175969047,True,False
16,16,svd_abs,0.9321609034364204,0.9891361453599063,0.8091129987407661,0.9982335662085892,0.106659649840123,False,True
16,16,inverse,15.609887210585773,15.795271828157038,12.506504387008576,18.527885416591708,3.0149681537588315,True,False
16,16,frobenius_norm,0.350843642434264,0.3452556710515147,0.34486304951926705,0.36241220673201036,0.010020593687512437,False,True
16,16,trace_norm,0.9946854482473032,0.9918188699672628,0.9879231261403767,1.0043143486342703,0.008563351971499277,False,False
16,16,addition,0.3445013120653351,0.3470674531825299,0.3324618161426794,0.35397466687079604,0.010983601266778378,False,True
16,16,multiplication,0.8276912931256649,0.8282015040729462,0.8132850753320272,0.8415872999720215,0.014158008910197072,False,True
16,16,entropy,0.8800190784581446,0.8802654166341336,0.8728074088957178,0.8869844098445822,0.007091710008787524,False,True
16,16,michelson,0.3507686693371914,0.35058352891368255,0.35045776883804075,0.3512647102598509,0.00043416165983539197,False,True
16,32,trace,0.42533720942735415,0.403708229397088,0.39912718466889296,0.4731762142160815,0.04149306299952247,False,True
16,32,lambda_max,5.297195445741745,5.641957400833129,4.552318771456833,5.6973101649352715,0.6456755586544602,True,False
16,32,svd_abs,1.5560794877139095,1.851046327539884,0.9266463168340953,1.8905458187677495,0.5454627759111325,False,False
16,32,inverse,13.728342451475713,13.406761786981265,12.870108569608618,14.908156997837262,1.056395258311883,True,False
16,32,frobenius_norm,0.3792733919096556,0.38809133942264024,0.36155151708971117,0.38817731921661547,0.015347654005794466,False,True
16,32,trace_norm,2.582244740990175,1.8564069106856398,1.8490165744476665,4.041310737837219,1.263593622029595,True,False
16,32,addition,0.4157388450427069,0.4082688868272176,0.3794043561740465,0.4595432921268568,0.04058832924275185,False,True
16,32,multiplication,1.2501968291906456,1.2911814343507537,1.1590336563684216,1.300375396852761,0.0790833439852101,True,False
16,32,entropy,1.9866961991805236,1.5591931351424093,1.5414761858770258,2.8594192765221362,0.7558522672230855,True,False
16,32,michelson,0.3822997350870194,0.37676128800431735,0.3695568590345773,0.4005810582221637,0.01623671859932536,False,True
16,64,trace,0.42186368504531774,0.42565407684337975,0.4090767036230126,0.43086027466956106,0.01137568874275827,False,True
16,64,lambda_max,11.745202740992925,8.540450470905265,8.161648421209152,18.533509330864362,5.881896166780103,True,False
16,64,svd_abs,3.3700049453151952,3.3220476059234882,3.2461495680819956,3.541817661940102,0.15355727020421406,True,False
16,64,inverse,19.08832127325096,20.050214136745076,16.818024244656904,20.3967254383509,1.9737537762009194,True,False
16,64,frobenius_norm,0.4224009846543415,0.4293465687882348,0.4081799667615055,0.42967641841328424,0.012316866997132761,False,True
16,64,trace_norm,3.4717741883958677,3.546594447610023,3.3204810616408906,3.5482470559366894,0.13102629671574906,True,False
16,64,addition,0.5097120580199084,0.5110945967658692,0.5066216146362624,0.5114199626575937,0.002681342195900314,False,True
16,64,multiplication,2.2398381569735606,2.2602718697982978,2.185943857159947,2.273298743962437,0.047126123614422526,True,False
16,64,entropy,2.831746929406797,2.7837891844171754,2.7684568919686208,2.942994711834595,0.09664792609910983,True,False
16,64,michelson,0.4050998120687637,0.40534482909097164,0.3905513506791418,0.4194032564361777,0.014427513349815308,False,True
16,128,trace,0.45205707447589116,0.4614400353650978,0.4149811547378662,0.4797500333247096,0.03338834938471206,False,True
16,128,lambda_max,19.030836850094015,19.034151416072316,17.234896203080034,20.823462931129686,1.79428566013803,True,False
16,128,svd_abs,6.088298031264746,6.073614046200243,5.815458888873396,6.375821158720602,0.280469575765553,True,False
16,128,inverse,21.040919894254053,21.747821005340295,17.30396187582496,24.070976801596906,3.438445090014714,True,False
16,128,frobenius_norm,0.512399788850454,0.5112312205868795,0.5105814065477572,0.515386739416725,0.002607099889795257,False,True
16,128,trace_norm,5.996905387894053,6.161597480643609,5.457353918026195,6.371764765012355,0.4789357089758058,True,False
16,128,addition,0.8894415353959477,0.9173763652643547,0.8319313736813063,0.9190168672421819,0.049812014986526716,False,True
16,128,multiplication,4.210806721196583,4.341997215728111,3.7191225176002836,4.571300430261356,0.4409761990157924,True,False
16,128,entropy,5.059255167139892,4.902252419468917,4.856703156551461,5.418809925399297,0.3122153134910513,True,False
16,128,michelson,0.5110175267782037,0.4538874557639439,0.44359770424902517,0.6355674203216419,0.1079860024856048,False,True
16,256,trace,0.5689078935726547,0.5743262392887483,0.5395122459674065,0.5928851954618094,0.027095881368897217,False,True
16,256,lambda_max,32.050986362649596,32.361016594266815,29.689186043342236,34.10275645033974,2.2230587020518593,True,False
16,256,svd_abs,7.778847268895309,7.82737612262436,7.672057980542746,7.8371077035188215,0.09261015061434401,True,False
16,256,inverse,92.59203974549001,36.563995616821785,29.660913749113135,211.5512098705351,103.07946571673544,True,False
16,256,frobenius_norm,29.872269577766996,1.1068006676778628,0.769153936579367,87.74085412904375,50.11594865713864,False,False
16,256,trace_norm,10.718159198398618,11.375424372886542,7.694754697879626,13.084298524429686,2.7542319794766645,True,False
16,256,addition,1.0121154139636594,1.0186808104282512,0.9824278714025257,1.0352375600602017,0.02701007454790013,False,False
16,256,multiplication,7.839471526928492,8.101802882604794,7.292808844917313,8.123802853263367,0.47355154482377687,True,False
16,256,entropy,6.928742580593849,6.9004845508031325,6.858767805814458,7.026975385163957,0.08759186391094928,True,False
16,256,michelson,0.4782774739633698,0.47236681764689414,0.4645365314792509,0.49792907276396436,0.017463314316917153,False,True
16,512,trace,0.6986141554111237,0.6951907826937296,0.6848283596988366,0.7158233238408052,0.015778515808279575,False,True
16,512,lambda_max,61.74511501391049,59.90215940996772,57.97523001436103,67.35795561740272,4.9554262131598295,True,False
16,512,svd_abs,9.312889403528642,8.900760911276226,8.891097213771392,10.146810085538306,0.7222126588996928,True,False
16,512,inverse,28.374352693792773,28.712749360169052,27.04035549041703,29.36995323079223,1.2010997609904197,True,False
16,512,frobenius_norm,0.5626619241244865,0.5914943095186697,0.5007564250654811,0.5957350377893085,0.05365364903130754,False,True
16,512,trace_norm,9.770087777367364,9.028590835690402,8.927630625246245,11.354041871165444,1.372673001653346,True,False
16,512,addition,1.0084130687917916,1.024877707284415,0.9630997088031497,1.03726179028781,0.039728035731129936,False,False
16,512,multiplication,15.425350360046252,15.402745161364088,15.189126529439415,15.684179389335252,0.24829937530802812,True,False
16,512,entropy,8.10705719848516,8.13340516852151,8.021806797422624,8.165959629511349,0.07560205945328005,True,False
16,512,michelson,0.590806251835261,0.5779423375499657,0.5725598452039811,0.6219165727518362,0.027076407749420318,False,True
16,1024,trace,0.9879078929996618,0.9982750232890195,0.9530742245246014,1.0123744311853644,0.030979617013928498,False,False
16,1024,lambda_max,93.12653615980979,94.98133582346178,88.18225387512203,96.21601878084554,4.3261479383305135,True,False
16,1024,svd_abs,11.411177639006256,11.920058561258509,10.29957013484496,12.013904220915302,0.963823212233388,True,False
16,1024,inverse,42.89196244751029,41.07290286806331,39.48082848929307,48.12215598517449,4.598898622273862,True,False
16,1024,frobenius_norm,0.8001858985695661,0.8160654443465961,0.6888738510414525,0.8956184003206495,0.10428301465113185,False,True
16,1024,trace_norm,11.37865507373508,11.858081435675519,10.302523795034475,11.975359990495244,0.9338000115675196,True,False
16,1024,addition,1.426031964798721,1.4221697309882184,1.319602437910348,1.536323725497597,0.10841225373948288,True,False
16,1024,multiplication,29.955784719262436,29.811715086493642,29.541857563800722,30.51378150749295,0.5017231132758042,True,False
16,1024,entropy,10.776079393412472,11.238596592970788,9.839229348577929,11.250412238688696,0.8113574472763504,True,False
16,1024,michelson,0.6723007484110092,0.6569319236412089,0.6546840156088627,0.7052863059829562,0.028588433480686556,False,True
32,1,trace,0.3544886118591801,0.354409835504149,0.35297289915192215,0.35608310092146916,0.0015565966232159627,False,True
32,1,lambda_max,0.3188994049738952,0.31645461691096743,0.3143192915195418,0.3259243064911764,0.006176717139989595,False,True
32,1,svd_abs,0.27823889858376616,0.27799054310012644,0.2750082267113248,0.28171792593984724,0.003361737090999099,False,True
32,1,inverse,0.683620538426597,0.3908401656105017,0.3698634370954349,1.2901580125738543,0.5253815627175166,False,False
32,1,frobenius_norm,0.3358877901371118,0.3343518454027323,0.330704677246842,0.3426068477617611,0.006097930830359877,False,True
32,1,trace_norm,0.28128112149255563,0.2821555113445256,0.2793768503781342,0.28231100275500715,0.0016509787256649654,False,True
32,1,addition,0.3009726394531895,0.30037546270921317,0.2979685636938756,0.3045738919564799,0.003342911218062698,False,True
32,1,multiplication,0.4528660781106327,0.4421118261153618,0.43914902862700955,0.4773373795895267,0.021244481384407505,False,True
32,1,entropy,0.31257779559628024,0.31178292472870817,0.3108941936735278,0.31505626838660483,0.0021919355034751764,False,True
32,1,michelson,0.3287751502232257,0.3275545030744555,0.3152583777011098,0.3435125698941118,0.014166591993705608,False,True
32,2,trace,0.29239712736743056,0.36420094210139065,0.13369066680681466,0.3792997731940865,0.13765100487410253,False,True
32,2,lambda_max,7.772403246452008,6.42865848657052,5.868514440888721,11.020036811896784,2.8264435549875837,True,False
32,2,svd_abs,0.2827686171308066,0.25262928600205736,0.13601623575780486,0.45966032963255754,0.16391357276219906,False,True
32,2,inverse,11.601568880235499,11.87366247257118,6.839498265370744,16.09154590276458,4.632021433822799,True,False
32,2,frobenius_norm,0.5769650198179938,0.40690673255429477,0.34254170389385674,0.9814466230058296,0.3517665983527518,False,True
32,2,trace_norm,0.3454674415012005,0.4385904611588505,0.14408611286289422,0.45372575048185687,0.17456545731850825,False,True
32,2,addition,0.36219727128569446,0.32464367316919185,0.3160329193767717,0.4459152213111197,0.0726295920239342,False,True
32,2,multiplication,0.48685811505659915,0.4871499683217878,0.47317618295712993,0.5002481938908798,0.013538365032217493,False,True
32,2,entropy,0.5390727320196039,0.4667494354037023,0.4572253331885458,0.6932434274665638,0.1336006348476706,False,True
32,2,michelson,0.25380979309241725,0.34412121242099886,0.06228703985126775,0.35502112700498506,0.16595308310268664,False,True
32,4,trace,0.36634633372025815,0.3763153268154039,0.34326993481583423,0.3794537395295363,0.020046260209528616,False,True
32,4,lambda_max,10.737927658140855,11.007098769506356,10.096165600618432,11.110518604297773,0.5581826040048454,True,False
32,4,svd_abs,1.1794272968125974,0.810810835926728,0.7366776992096646,1.9907933553014,0.7036405979906352,False,False
32,4,inverse,12.668170121056528,12.77400451606766,12.422227139775103,12.808278707326824,0.2136811703866635,True,False
32,4,frobenius_norm,0.3521957143637553,0.3620212175299651,0.33197935385729993,0.36258657170400077,0.017510163632323657,False,True
32,4,trace_norm,0.792180273783881,0.7853241100654117,0.7757452806109502,0.8154714306752813,0.020731545659556604,False,True
32,4,addition,0.3429747035996717,0.348660195676149,0.3248846898744994,0.3553792252483666,0.016022571174152237,False,True
32,4,multiplication,0.6574151584270345,0.6040087971488621,0.5871002004059874,0.7811364777262539,0.10747882953311245,False,True
32,4,entropy,0.7345222951806071,0.7307891337578228,0.7263175418534772,0.7464602099305212,0.01057752995608688,False,True
32,4,michelson,0.3251057419964108,0.3461576803454426,0.2826338497778634,0.3465256958659264,0.03678219787239148,False,True
32,8,trace,0.38970080801510304,0.38892505067103733,0.38439659900572476,0.3957807743685472,0.005731597662565587,False,True
32,8,lambda_max,10.722158822080003,10.62315976505862,8.397294630293656,13.14602207088773,2.375911127595291,True,False
32,8,svd_abs,1.3675415127264205,1.3806847059611087,1.2881088098309375,1.4338310223872155,0.07374481984775293,True,False
32,8,inverse,11.521910926549864,11.168548465288872,11.115868307762621,12.281316006598104,0.658191352458805,True,False
32,8,frobenius_norm,0.35126325262748664,0.3438111489223716,0.32325539584868346,0.38672321311140495,0.032383504199629085,False,True
32,8,trace_norm,1.412288456162895,1.4221920106119859,1.37298499142409,1.4416883664526086,0.035406196182616166,True,False
32,8,addition,0.3881113650426788,0.3881743401185039,0.369965955328084,0.40619379968144853,0.0181140042789559,False,True
32,8,multiplication,0.802615823935085,0.7948116104094433,0.7562010586717841,0.8568348027240277,0.050768759311790104,False,True
32,8,entropy,1.2536069188929517,1.2051533851181253,1.1777649019222327,1.3779024696384972,0.10851069165891797,True,False
32,8,michelson,0.3743862139801712,0.3609567455223734,0.34907969631302366,0.41312220010511647,0.034067925388615826,False,True
32,16,trace,0.38738771763510954,0.37939088209725785,0.37142910438600724,0.4113431664220636,0.021124514693103006,False,True
32,16,lambda_max,18.139610747012714,13.331757799128585,10.671803577590426,30.41527086431913,10.713902771720967,True,False
32,16,svd_abs,2.6884577019097304,2.763660132142512,2.2727141925410437,3.028998781045637,0.38370971949779664,True,False
32,16,inverse,27.03976899942783,29.99430211817936,15.254096024792256,35.870908855311875,10.621214256596057,True,False
32,16,frobenius_norm,0.41188470804169536,0.38279141719922893,0.3785017153082456,0.4743609916176114,0.05414854469579112,False,True
32,16,trace_norm,3.2160257629894993,3.401155404163382,2.4821759040807323,3.764745980724384,0.6610228728314198,True,False
32,16,addition,0.45096465605374497,0.45416578508420685,0.43049191030816797,0.46823627276885993,0.01907471217851721,False,True
32,16,multiplication,1.2558054136107037,1.2509737587390917,1.2468936496372967,1.2695488324557234,0.012075719180772004,True,False
32,16,entropy,2.49285031755409,2.447854371751502,2.4009403924241197,2.6297561884866476,0.12086208456722129,True,False
32,16,michelson,0.3635301599467728,0.4004534994219588,0.24025337372021627,0.4498836066981431,0.10958425248681876,False,True
32,32,trace,0.4416028439886029,0.43521446031042244,0.4207031167914803,0.468890954863906,0.024720953036610684,False,True
32,32,lambda_max,23.14025599961025,28.54520487789484,11.859293865826372,29.016269255109542,9.772438560040655,True,False
32,32,svd_abs,5.524271533541087,5.476503337389211,5.345096609684822,5.751214653549227,0.207230105946906,True,False
32,32,inverse,16.57657131639554,12.630926249382016,10.424935917191183,26.67385178261342,8.813790498220884,True,False
32,32,frobenius_norm,0.5428839928212387,0.5394794270199613,0.5253609514248038,0.5638116000189506,0.019450100142391583,False,True
32,32,trace_norm,6.1353923651955276,5.4406843760971135,5.283865694400161,7.681627025089307,1.3413721490790382,True,False
32,32,addition,0.9408384637319421,0.9036781936099354,0.89883747568644,1.0199997218994512,0.06859837267385407,False,False
32,32,multiplication,2.273548472800957,2.288220380828622,2.133458420771345,2.3989666168029036,0.1333607858549969,True,False
32,32,entropy,4.615063126560023,4.625961975486847,4.464416910074684,4.754810494118539,0.14550325458355273,True,False
32,32,michelson,3.7634583526351784,0.48028701298130794,0.4748650457258113,10.335222999198416,5.691315777287011,False,False
32,64,trace,0.4785590732409963,0.4820010465473771,0.47062399534760974,0.48305217782800197,0.006892047237422324,False,True
32,64,lambda_max,33.63621880253622,33.795968305122635,25.46140975299146,41.65127834949456,8.096116428306338,True,False
32,64,svd_abs,12.994034944795638,14.37275724011403,10.220787062336187,14.388560531936703,2.401716115443806,True,False
32,64,inverse,40.53938301648915,55.19142056646137,7.455621738886424,58.971106744119645,28.713637040706796,True,False
32,64,frobenius_norm,39.78585342646906,57.125280457415705,0.6016532215651934,61.6306266004263,34.00920015584866,False,False
32,64,trace_norm,11.832050062355348,12.213993121014509,10.43743073908847,12.844726326963064,1.2482701578158308,True,False
32,64,addition,1.074193487225655,1.0545691942662365,1.021919106061246,1.146092161349483,0.06437058000765337,True,False
32,64,multiplication,4.077046481069431,4.051302635910584,4.01527484977608,4.164561957521626,0.07790198525987348,True,False
32,64,entropy,8.702326203903711,8.725652572865672,8.400689465591876,8.98063657325359,0.2906763690739398,True,False
32,64,michelson,0.5155891029984433,0.5010627879205436,0.49850918578937936,0.5471953352854071,0.027401563103118837,False,True
32,128,trace,0.5743733467482404,0.5708183007578622,0.5608649407452981,0.5914367987415609,0.015592895476183736,False,True
32,128,lambda_max,40.99317498365556,38.55996610230175,37.919855562991714,46.4997032856732,4.779521506523947,True,False
32,128,svd_abs,18.27616345534074,17.10796933909609,17.054199229526922,20.666321797399206,2.0701124320322624,True,False
32,128,inverse,35.08271504651284,21.666218965399977,14.137696781204637,69.44422939293389,29.995081475201154,True,False
32,128,frobenius_norm,21.750502671400255,0.5968713421272622,0.47117298134554336,64.18346369072796,36.74807594514731,False,False
32,128,trace_norm,17.93542741947685,17.06053546766286,16.718460935182172,20.027285855585518,1.8196586311674567,True,False
32,128,addition,1.0025810682653031,1.002600583184723,0.9899793288638745,1.015163292747312,0.01259199328321893,False,False
32,128,multiplication,6.6912852379186765,6.685263819400169,6.051693997473766,7.336897896882094,0.6426231079523397,True,False
32,128,entropy,14.385847314826648,14.338385349279605,13.642401664584302,15.176754930616033,0.7682769454277224,True,False
32,128,michelson,0.5388116319491411,0.5499893698047761,0.48738174312012805,0.5790637829225191,0.046851952715535536,False,True
32,256,trace,0.7237352558084161,0.7305073795573919,0.7045819611378761,0.7361164267299803,0.01682265957268598,False,True
32,256,lambda_max,47.51194736782881,46.411297268730145,43.91028328800068,52.214261546755615,4.259998440252426,True,False
32,256,svd_abs,19.935472917758137,20.603936919028207,17.095103053021255,22.10737878122495,2.5721314283353527,True,False
32,256,inverse,46.42268016447429,61.69030536328343,13.693122694073297,63.88461243606616,28.365854385839103,True,False
32,256,frobenius_norm,41.43469611009113,61.685139987528714,0.6921288947056045,61.926819448039076,35.28430514712687,False,False
32,256,trace_norm,19.010345460834355,19.52704023389618,16.820117098324516,20.68387905028237,1.9830265307683987,True,False
32,256,addition,1.3133203100956414,1.3144314431160498,1.3101544767910813,1.3153750103797928,0.0027819876310827903,True,False
32,256,multiplication,13.806687930843585,14.13450627524513,12.855099407125035,14.430458110160588,0.8372797686568645,True,False
32,256,entropy,15.959556435909462,15.411831469878527,15.205867342491006,17.260970495358855,1.1317527208016933,True,False
32,256,michelson,0.654757352921212,0.6602594546826398,0.6407504347284986,0.6632621693524976,0.012222904392580733,False,True
32,512,trace,1.0734877063142079,1.0476160598189368,1.0454924169486672,1.1273546421750198,0.0466622175751938,True,False
32,512,lambda_max,73.24358681213211,65.27707855363141,54.860729107105,99.59295277565992,23.406022706943958,True,False
32,512,svd_abs,20.767673492698105,21.829716023309633,18.339249657749143,22.134054797035542,2.1085746996275514,True,False
32,512,inverse,32.77316316435443,19.392473500018763,13.247087398262229,65.6799285947823,28.663266577709134,True,False
32,512,frobenius_norm,26.262338204377883,0.9674934283428261,0.9070293846748261,76.912491800116,43.864330137698914,False,False
32,512,trace_norm,19.79559760302269,20.448191157097686,18.20658586417671,20.73201578779367,1.3834225077286295,True,False
32,512,addition,6.083598744288959,3.1641342669417365,1.321407098009227,13.765254867915914,6.716010084568227,True,False
32,512,multiplication,28.156960922328988,27.58268464787907,14.183940816830102,42.70425730227779,14.268828194251686,True,False
32,512,entropy,18.67458193589762,19.244721005211435,17.37254325240318,19.40648155007825,1.1304955411039257,True,False
32,512,michelson,0.8174152937259574,0.7958632101337456,0.7689091749140973,0.8874734961300296,0.06215097583081829,False,True
32,1024,trace,0.9823720566523658,0.9165623637865511,0.6703065664297926,1.3602472397407537,0.3496465643024613,False,False
32,1024,lambda_max,80.80249050071122,79.93227917433636,79.04664481843696,83.42854750936036,2.3169416506666187,True,False
32,1024,svd_abs,25.14014895326915,25.21090342241006,24.86475772890995,25.344785708487453,0.24771225539297287,True,False
32,1024,inverse,43.66329973682564,28.898773840115307,27.237660800662468,74.85346456969914,27.02424117082336,True,False
32,1024,frobenius_norm,20.810138796359468,1.289173878435872,1.26568623766425,59.87555627297828,33.83164598248514,True,False
32,1024,trace_norm,24.997507477908595,24.95935555431369,24.777587907259417,25.25557897215267,0.2412686085775353,True,False
32,1024,addition,15.00602848634343,19.255833053034646,5.56827539776118,20.19397700823446,8.186783009274906,True,False
32,1024,multiplication,66.404735132374,74.35141201849657,49.80459248677088,75.05820089185458,14.38048815300282,True,False
32,1024,entropy,24.25229339427348,24.307495629747763,23.918794820800837,24.53058973227184,0.3096105917543379,True,False
32,1024,michelson,1.4368007837477625,1.4399570572882914,1.1532522154898233,1.7171930784651732,0.2819836799893614,True,False
64,1,trace,0.3550984660117152,0.3715704511454529,0.2872276702602981,0.40649727662939467,0.06131724448753683,False,True
64,1,lambda_max,0.5034723206976266,0.462143557559478,0.4389922346611682,0.6092811698722336,0.09236141164321005,False,True
64,1,svd_abs,0.22354135543685674,0.22423262881704095,0.21938693729758205,0.22700450019594728,0.00385554280124746,False,True
64,1,inverse,0.4652187940725511,0.44301462785193524,0.4331405289889406,0.5195012253767775,0.04726850133347351,False,True
64,1,frobenius_norm,0.3605531150816543,0.3744461262399457,0.3256882099620378,0.38152500904297937,0.030400639009479178,False,True
64,1,trace_norm,0.2314997131648954,0.22841993641578906,0.22767299378809153,0.23840620929080558,0.005992849687350526,False,True
64,1,addition,0.4335471189439388,0.35857270066984476,0.3533632580166997,0.588705398145272,0.1343962546975482,False,True
64,1,multiplication,0.5629045190487316,0.5629576386274983,0.5571821809843079,0.5685737375343887,0.005695964047082639,False,True
64,1,entropy,0.2744141047503971,0.24741509797752786,0.23785869926229566,0.3379685170113679,0.055246752641935376,False,True
64,1,michelson,0.4335000779940464,0.33998767354370457,0.307800387446485,0.6527121729919496,0.19052417770877106,False,True
64,2,trace,0.3714343712601686,0.3752559500202977,0.36002381803522987,0.3790233457249781,0.010059764474046102,False,True
64,2,lambda_max,2.8095786919725665,2.7100290638128643,1.9883453663301685,3.7303616457746664,0.8752644033733258,True,False
64,2,svd_abs,0.2201240861115493,0.22247002894550352,0.21297147438133324,0.22493075500781107,0.006315353047205513,False,True
64,2,inverse,14.783251149223432,14.436105354960514,10.717543656651172,19.196104436058615,4.249927161067864,True,False
64,2,frobenius_norm,0.388312447816846,0.38332240553733216,0.37983278606101656,0.4017821518521892,0.011794874146093138,False,True
64,2,trace_norm,0.2235572843280036,0.22367305787824496,0.2170991589225223,0.2298996361832435,0.006401023915106219,False,True
64,2,addition,0.42830448643072844,0.42107857960714945,0.40307923896639425,0.46075564071864167,0.029509356598186726,False,True
64,2,multiplication,0.7945472289119181,0.8218458643762349,0.7374657003548856,0.8243301220046338,0.04944965683193923,False,True
64,2,entropy,0.23368658156226627,0.23393410467653697,0.22739449034936676,0.239731149660895,0.006172053265425766,False,True
64,2,michelson,0.3863462071135689,0.3858648853310077,0.3768046109178157,0.3963691250918831,0.00979113408705023,False,True
64,4,trace,0.3658218196910183,0.35454079171138236,0.3396083896734522,0.4033162776882201,0.033318462495042396,False,True
64,4,lambda_max,1.1395650434392521,0.9590867368841668,0.9567112200353807,1.5028971733982086,0.31465709632146993,False,False
64,4,svd_abs,0.21804625112662732,0.2188310211307463,0.21477561432629091,0.22053211792284472,0.002957402810543044,False,True
64,4,inverse,9.237083024724795,6.983482159978967,6.807793791143772,13.91997312305164,4.056453051064651,True,False
64,4,frobenius_norm,0.4513853031101296,0.45128241329049323,0.3981018605907719,0.5047716354491235,0.05333496186198218,False,True
64,4,trace_norm,0.21890081527084101,0.2195528923587664,0.21666392348211516,0.2204856299716415,0.001992552011735171,False,True
64,4,addition,0.574657222729029,0.5875027172737948,0.5190156287092996,0.6174533222039924,0.05046037973215696,False,True
64,4,multiplication,1.124589145590577,1.1471910701659311,1.0639341911033195,1.1626421755024805,0.05309380182204648,True,False
64,4,entropy,0.22440411643842303,0.2248986496333291,0.2224550728019326,0.22585862688000738,0.0017548411327646877,False,True
64,4,michelson,0.4095495882369428,0.42523426038920026,0.3743921865914885,0.4290223177301396,0.030506056979711513,False,True
64,8,trace,0.39069247766266196,0.3855571626489841,0.36630923046364433,0.42021103987535763,0.027315377714420233,False,True
64,8,lambda_max,0.7302402670378091,0.6472331451987289,0.6195807034252193,0.9239069524894792,0.16828919506131823,False,True
64,8,svd_abs,0.21334894982379918,0.21358511229531443,0.21193663438417493,0.21452510279190823,0.0013102945123797485,False,True
64,8,inverse,6.4967212454235925,4.111412342020287,4.032078668751205,11.346672725499284,4.200368493030687,True,False
64,8,frobenius_norm,0.5505212333685706,0.5526998221187402,0.5316532591264312,0.5672106188605404,0.017878510690826164,False,True
64,8,trace_norm,0.21173352121925362,0.21182977911528172,0.21134816122508127,0.21202262331739785,0.00034738158472180923,False,True
64,8,addition,0.9057997663722689,0.911597464050516,0.8549389674344652,0.9508628676318257,0.0482240461911333,False,True
64,8,multiplication,2.0161461072882036,2.0139821178960364,2.0123709696657897,2.0220852343027844,0.005206137908896619,True,False
64,8,entropy,0.2167071857109911,0.2175640176119131,0.2148516443556125,0.2177058951654476,0.0016085109888307747,False,True
64,8,michelson,5.851151410660255,0.4372841098216393,0.4261438908549369,16.690026231304188,9.38674259577365,False,False
64,16,trace,0.399145675667409,0.4256134461166204,0.3452668353784918,0.42655674550711487,0.04666282810325596,False,True
64,16,lambda_max,0.5958670109598582,0.5971937821238175,0.5896149376677752,0.600792313087982,0.005705582495433411,False,True
64,16,svd_abs,0.21525856714585292,0.21640432107372148,0.21170944508540712,0.2176619352784302,0.003137291653947498,False,True
64,16,inverse,6.868477156254698,6.926947180063727,6.742396312814189,6.936087975886177,0.10928482442255852,True,False
64,16,frobenius_norm,0.5915189412679803,0.595230654546758,0.5782913643081136,0.6010348049490696,0.011817302342119508,False,True
64,16,trace_norm,0.21600350012808253,0.21660632727764886,0.21337549486971896,0.2180286782368798,0.002384445279576836,False,True
64,16,addition,1.3410631270047724,1.119803824939416,1.0460856503918012,1.8572999056831008,0.44859101758705666,True,False
64,16,multiplication,3.5065563166123126,3.4233721724101054,3.38339578721858,3.712900990208252,0.1798141292677149,True,False
64,16,entropy,0.2254352498316402,0.2132471436163197,0.21144813102477172,0.2516104748538292,0.022686249476231386,False,True
64,16,michelson,0.5583808683182591,0.49624837198719823,0.4848930329481184,0.6940012000194605,0.11758780425380451,False,True
64,32,trace,0.5046818065693514,0.4842286462858897,0.4795378158466645,0.5502789575754997,0.03955788300023798,False,True
64,32,lambda_max,0.6299740484682733,0.48561227852349415,0.4748898284614935,0.9294200384198325,0.2593832461964052,False,True
64,32,svd_abs,0.250994345169652,0.21297030902767997,0.2117270942444718,0.32828563223680435,0.06693910432715698,False,True
64,32,inverse,7.0356324416573734,2.313662630930942,2.213521654042032,16.579713039999145,8.265567911798072,True,False
64,32,frobenius_norm,22.177728157851856,0.6780503473999588,0.6075710442047945,65.24756308195082,37.29958782781514,False,False
64,32,trace_norm,0.23402718153772364,0.22312936757209734,0.21336630866553094,0.2655858683755427,0.027763147624124348,False,True
64,32,addition,1.026978447914095,1.0308575474769994,0.975199524629431,1.074878271635855,0.049952464516346516,False,False
64,32,multiplication,5.471169151237569,5.626272468406158,5.15989930241773,5.6273356828888215,0.2695681206940156,True,False
64,32,entropy,0.20872976456631168,0.20846431536708845,0.2071756717687523,0.21054930656309437,0.0017024101707359123,False,True
64,32,michelson,0.5617669832251204,0.5587259694991522,0.5290758144753217,0.5974991657008876,0.03431289220679936,False,True
64,64,trace,0.5881531171852994,0.5874810275043624,0.5641161395795051,0.6128621844720306,0.024379971320131668,False,True
64,64,lambda_max,0.5420917289205683,0.5717638394234068,0.4658910557103382,0.5886202916279599,0.06652775318241484,False,True
64,64,svd_abs,0.21809685672791432,0.20392531379015805,0.20362656356609238,0.24673869282749253,0.024805007443869494,False,True
64,64,inverse,10.673977831487422,12.758373775869378,5.765501722446836,13.49805799614605,4.266923537069563,True,False
64,64,frobenius_norm,44.83372738602538,59.14852861083883,0.7653476234108674,74.58730592382646,38.93719985318044,False,False
64,64,trace_norm,0.22914804593330299,0.237651437048217,0.2029615830542303,0.24683111769746163,0.02313795070427193,False,True
64,64,addition,1.3168852881878346,1.2385298072301099,1.1543591811082414,1.5577668762251522,0.212812424841624,True,False
64,64,multiplication,10.611803463470048,10.51099309795533,9.695984578046428,11.62843271440839,0.9701602946310542,True,False
64,64,entropy,0.2039267275062442,0.20475367802950833,0.20048687291196732,0.20653963157725694,0.003109960970977734,False,True
64,64,michelson,0.6880670965759567,0.6552385872212311,0.6366751705052459,0.7722875320013931,0.07352524340306808,False,True
64,128,trace,0.7807688588352599,0.7877149932296237,0.7621306224353313,0.7924609608408247,0.016314684925439443,False,True
64,128,lambda_max,0.52763885964032,0.5547656499590135,0.44381155954768947,0.5843393694142568,0.0740872013320742,False,True
64,128,svd_abs,0.2092483211798634,0.21167286406218977,0.20369111359282457,0.2123809858845759,0.0048256891997844635,False,True
64,128,inverse,6.287039412830883,4.8407291345666925,2.492824041028608,11.52756506289735,4.68780293941831,True,False
64,128,frobenius_norm,26.184619598889068,1.0815401249080623,0.984624683513417,76.48769398824572,43.56376726038001,False,False
64,128,trace_norm,0.20806616214664497,0.20916718539179815,0.20544524604117964,0.20958605500695718,0.0022794218263721203,False,True
64,128,addition,2.757736781161435,2.130766378613569,2.0333336231183647,4.109110341752371,1.1713373385404457,True,False
64,128,multiplication,22.1554485906258,22.498922820657803,21.292312536782273,22.675110414437324,0.7526708461431774,True,False
64,128,entropy,0.20497150447955706,0.20489910625836227,0.20436444150242833,0.2056509656778806,0.0006463104829181691,False,True
64,128,michelson,0.8000874241506487,0.7867772425414847,0.7859338838208989,0.8275511460895627,0.02378801863410199,False,True
64,256,trace,1.2637210755567003,1.2441891220410615,1.1863637643091631,1.3606103403198764,0.08875015616305768,True,False
64,256,lambda_max,0.5164342904822383,0.4952860618980601,0.48390876909247926,0.5701080404561756,0.04682963031131601,False,True
64,256,svd_abs,0.20697183060914734,0.20802594231192498,0.20422517278147778,0.20866437673403923,0.0023999992801163276,False,True
64,256,inverse,8.682908508807673,10.630026757272319,3.84617753588265,11.572521233268052,4.215157035943003,True,False
64,256,frobenius_norm,44.534640110041416,63.4309599067924,1.3486410935957156,68.82431932973614,37.49726609704501,True,False
64,256,trace_norm,0.2038211685370002,0.20122652023196688,0.19992684592878887,0.21031013945024488,0.005657061601068774,False,True
64,256,addition,11.608051121150092,13.897058233282356,3.2746928480696678,17.652402282098258,7.457164160180647,True,False
64,256,multiplication,44.39891025585397,44.534189427282385,35.6967011304253,52.965840209854235,8.635364293232316,True,False
64,256,entropy,0.2057456638723958,0.20544960852368052,0.20299690393454056,0.2087904791589663,0.0029081119385947246,False,True
64,256,michelson,1.0802699413299957,1.0403468748750548,1.0334137119325426,1.1670492371823895,0.07523298364796409,True,False
64,512,trace,1.0177294175397862,0.8710114370860873,0.8394760999180769,1.3427007156151947,0.2818747555248376,False,False
64,512,lambda_max,0.45050982914569776,0.44680707918958334,0.4279716180748791,0.47675079017263083,0.024599485270298833,False,True
64,512,svd_abs,0.20338338506762943,0.20431960751816292,0.20100498311413972,0.20482556457058565,0.0020752337275586124,False,True
64,512,inverse,8.945707262443328,6.505124433773452,4.616269591109189,15.715727762447342,5.938587907240239,True,False
64,512,frobenius_norm,29.566175554268337,2.4800727983105335,2.0123780710418906,84.20607579345258,47.32011948632932,True,False
64,512,trace_norm,0.20258675258596295,0.20179836442951615,0.1999350244080728,0.2060268689202999,0.003121507537105598,False,True
64,512,addition,25.231600789100423,25.82805595922634,20.63691931278821,29.229827095286712,4.327393570858594,True,False
64,512,multiplication,78.17751851568603,76.67902495214437,74.6171455627775,83.2363850321362,4.500770431550529,True,False
64,512,entropy,0.20644503124027158,0.2044689909322809,0.20376647940913697,0.21109962337939686,0.004046270084441057,False,True
64,512,michelson,1.8410962094476873,1.6762456455734096,1.5799766582883412,2.267066324481311,0.3720280011699954,True,False
64,1024,trace,1.7243257551262978,1.923923906289916,1.254372249387668,1.9946811097013095,0.40852646012917165,True,False
64,1024,lambda_max,0.43999933411805353,0.4272893562303986,0.42675554386458936,0.4659531022591727,0.02247820721171288,False,True
64,1024,svd_abs,0.20233032129826267,0.20121612628706514,0.20110268821447777,0.20467214939324505,0.0020288755922714258,False,True
64,1024,inverse,13.174903629130016,9.571461900181541,6.827628073694985,23.125620913513522,8.7260951674927,True,False
64,1024,frobenius_norm,23.402436032444967,3.9081857746148208,3.6053002708782196,62.69382205184186,34.0276754480972,True,False
64,1024,trace_norm,0.20306523503518537,0.2035316804447951,0.2021056851977411,0.2035583394630199,0.0008311014340726801,False,True
64,1024,addition,32.44038038515225,31.726693852463576,29.87924560092767,35.715201702065514,2.9827180982801393,True,False
64,1024,multiplication,106.71478522157541,104.89944969493935,104.18481038003789,111.06009558974898,3.780075261739942,True,False
64,1024,entropy,0.20240637545043058,0.2030548052029912,0.20062615915721718,0.20353816199108327,0.0015605402859636256,False,True
64,1024,michelson,3.8169535685971483,4.0123781035057275,2.9453940166759276,4.493088585609791,0.792138044352132,True,False
>>>>>>> 85e0825 (experiments running 9 hours 20000 batch.)
