dim,channels,seed,device,trace_time_mean,trace_time_std,trace_value,lambda_max_time_mean,lambda_max_time_std,lambda_max_value,svd_abs_time_mean,svd_abs_time_std,svd_abs_value,inverse_time_mean,inverse_time_std,inverse_value,frobenius_norm_time_mean,frobenius_norm_time_std,frobenius_norm_value,trace_norm_time_mean,trace_norm_time_std,trace_norm_value,addition_time_mean,addition_time_std,addition_value,multiplication_time_mean,multiplication_time_std,multiplication_value,entropy_time_mean,entropy_time_std,entropy_value,michelson_time_mean,michelson_time_std,michelson_value
2,1,42,cpu,3.046650017495267e-05,8.939317451872795e-06,0.5670233964920044,9.362340006191516e-05,1.095241329214824e-05,0.22815127670764923,5.9562800197454634e-05,1.4556035192133439e-05,0.28839126229286194,8.844419971865136e-05,1.1074639032778487e-05,4.911806583404541,2.578430012363242e-05,7.249279502435958e-06,0.4878300726413727,6.377719982992857e-05,1.7006190636971984e-05,0.5767825245857239,2.5580199690011796e-05,6.647863739508107e-06,0.46514758467674255,4.3660099981934765e-05,8.432601798867415e-06,0.10819980502128601,0.00011435540018283064,1.6023140347700013e-05,0.4588364362716675,5.492340023920406e-05,9.843529080867898e-06,0.4465758800506592
2,1,42,cuda,7.246930017572595e-05,1.2079732731864301e-05,0.5670233964920044,0.00029492840021703157,2.4647328619211964e-05,0.22815126180648804,0.0002576446000603028,2.4071224266180175e-05,0.28839126229286194,0.00026504379948164567,2.262440188547624e-05,4.911806583404541,6.564229988725856e-05,1.1388197669941552e-05,0.4878300726413727,0.00025560029989719625,1.0785821251148101e-05,0.5767825245857239,7.607520001329249e-05,2.395254211368138e-05,0.46514758467674255,9.949270006472943e-05,9.129054917646302e-06,0.10819980502128601,0.0003830685996945249,1.8877423216704228e-05,0.4588364064693451,0.000141556699963985,1.4566566193652564e-05,0.4465758800506592
2,1,123,cpu,2.7049299933423755e-05,7.629123616167232e-06,-0.3518850803375244,0.00010215910006081686,2.1832023993019414e-05,0.195323646068573,5.131500020070234e-05,9.443192365107404e-06,0.3016291856765747,7.95750000179396e-05,9.644936722054162e-06,2.952357769012451,2.3789100123394746e-05,7.97250788980422e-06,0.4704706370830536,5.4659200395690276e-05,8.903606954742792e-06,0.6032583713531494,2.4057099835772533e-05,6.104533251187168e-06,0.4209412634372711,3.8396300078602506e-05,7.2244386942915985e-06,0.054449670016765594,0.00010689530063245911,1.5378703554499342e-05,0.5806434750556946,4.9695999950927214e-05,1.00110778726459e-05,-1.9657173156738281
2,1,123,cuda,6.736340019415365e-05,9.591363367273023e-06,-0.3518850803375244,0.00028706049979518864,1.3376650405273507e-05,0.1953236609697342,0.00025688469995657217,1.4482960377627572e-05,0.3016292154788971,0.00026082929980475456,2.1407679313560302e-05,2.9523582458496094,6.36489998214529e-05,8.604573190258669e-06,0.4704706370830536,0.0002613814996948349,1.4462044507932858e-05,0.6032584309577942,7.058679984766059e-05,9.068405596568278e-06,0.4209412634372711,0.00010354070000175852,1.3321616999512313e-05,0.054449670016765594,0.0003816538004684844,1.7015925653090255e-05,0.5806434154510498,0.00014040900005056755,1.5953688028292483e-05,-1.9657173156738281
2,1,456,cpu,2.681860023585614e-05,7.1203044981514514e-06,-3.5736563205718994,8.942689983086894e-05,1.675351239142658e-05,10.107841491699219,5.6793100156937726e-05,1.6547553721252494e-05,1.836454153060913,7.965920030983398e-05,8.782719510749127e-06,0.9447375535964966,2.4839899560902266e-05,7.894863527041074e-06,3.2173757553100586,5.4739800361858215e-05,9.14314235195073e-06,3.672908306121826,2.3202099691843613e-05,6.991107653276147e-06,2.965290069580078,3.856590010400396e-05,7.192219880710709e-06,4.513777732849121,0.00010185940063820454,1.121806122059314e-05,0.3946589231491089,5.4229499983193816e-05,1.6975591740316062e-05,-4.870394229888916
2,1,456,cuda,6.704750030621654e-05,9.109916631760197e-06,-3.5736563205718994,0.00030517189952661283,2.7862368483494834e-05,10.107843399047852,0.0003021021002496127,1.8124854418856472e-05,1.8364543914794922,0.00025503939996269765,1.4169493189130708e-05,0.9447375535964966,7.026219991530524e-05,1.770677408164627e-05,3.2173757553100586,0.0003130537001197808,1.9209285143427352e-05,3.6729087829589844,7.03377001627814e-05,9.103873240672471e-06,2.9652903079986572,0.00010504620022402377,1.5311073296049348e-05,4.513777732849121,0.0004366539000329794,2.6680027490804215e-05,0.3946589231491089,0.00014637780004704836,2.4678377422708866e-05,-4.870394229888916
2,2,42,cpu,2.9927299874543677e-05,1.1335608804121483e-05,-0.5969150066375732,0.00011385790003259899,3.739923951120694e-05,3.3037378787994385,5.2627500008384234e-05,9.177925080221868e-06,0.8872626423835754,8.834380005282583e-05,1.4446200004344365e-05,2.9164540767669678,2.5515899869787974e-05,7.679816498660508e-06,1.5263656377792358,5.6373700135736724e-05,8.814575986009516e-06,1.7745252847671509,2.7268800295132678e-05,6.261333974815406e-06,1.271419644355774,4.224419990350725e-05,7.667381694416738e-06,0.6878727078437805,0.00010435260028316407,1.2206595123537952e-05,0.4409755766391754,5.31303998286603e-05,1.3941479023298659e-05,1.7578495740890503
2,2,42,cuda,7.629800002177945e-05,1.6137162289922317e-05,-0.5969150066375732,0.000229909599693201,2.1358696796959532e-05,3.3037383556365967,0.0002528240998799447,2.0405615777298982e-05,0.8872625827789307,0.00022472079999715788,2.1449624291815703e-05,2.916454315185547,6.312460027402267e-05,9.325911460196017e-06,1.5263656377792358,0.00024114809984894238,1.3645972443768636e-05,1.7745251655578613,7.48890999602736e-05,1.9794804440493636e-05,1.2714195251464844,9.805720055737766e-05,8.635909701359861e-06,0.6878726482391357,0.0003614884999478818,1.6285432478169322e-05,0.4409755766391754,0.00013619820038002217,1.0603772098969468e-05,1.7578495740890503
2,2,123,cpu,2.7740199766412842e-05,7.681269385998788e-06,-1.1519274711608887,9.775309954420663e-05,1.0956387069484393e-05,1.3486682176589966,5.256709973764373e-05,9.29282852049869e-06,0.7212542295455933,8.008630011318019e-05,7.681174253515903e-06,1.8299483060836792,2.4195500191126485e-05,7.61481483164523e-06,1.100103735923767,5.071979940112215e-05,8.207903244821309e-06,1.4425084590911865,2.0808200133615173e-05,6.775387176494781e-06,0.9938691854476929,3.945759999623988e-05,7.003037314623904e-06,0.515005886554718,9.546519977448043e-05,1.1282406729763652e-05,0.5985691547393799,4.540900008578319e-05,8.158082840771166e-06,-1.6947437524795532
2,2,123,cuda,6.370680002873997e-05,9.204104240504168e-06,-1.1519274711608887,0.0002052822996120085,1.86867858640443e-05,1.3486683368682861,0.00022385569991456578,1.700083138840194e-05,0.7212541699409485,0.00020414410028024577,1.5066957639774069e-05,1.8299484252929688,5.9969799804093785e-05,1.2116744811914804e-05,1.100103735923767,0.0002229138000984676,1.2422759022949321e-05,1.442508339881897,6.307610019575804e-05,8.871077908038184e-06,0.9938691854476929,9.3278400345298e-05,1.0602023313360055e-05,0.515005886554718,0.00033650539990048856,1.4379199066740699e-05,0.5985690951347351,0.00012483200007409322,1.4114834539615402e-05,-1.6947437524795532
2,2,456,cpu,2.435289952700259e-05,6.183596146664787e-06,-2.239218235015869,8.574269977543736e-05,9.029921642874933e-06,6.30336856842041,5.0244600242876916e-05,1.4780432248032061e-05,1.4366897344589233,7.191389959189109e-05,8.509553041661948e-06,0.9369886517524719,2.2027199884178116e-05,9.520471490308249e-06,2.4366378784179688,4.937769954267423e-05,8.425441304663304e-06,2.8733794689178467,2.0394299826875795e-05,6.1824411524990986e-06,2.206918478012085,5.1578100101323796e-05,3.329404667630881e-05,2.7793993949890137,9.075770012714201e-05,1.0250371932258646e-05,0.4715665578842163,4.3222899876127485e-05,7.822269901242996e-06,-0.607917308807373
2,2,456,cuda,6.122970007709228e-05,8.820567898069518e-06,-2.239218235015869,0.00019510570018610451,1.1528152014971439e-05,6.303369045257568,0.00025836400036496345,1.1804624657691023e-05,1.436689853668213,0.00019385419982427267,1.1586280417490544e-05,0.9369887113571167,5.601779994321987e-05,7.4528793288482025e-06,2.4366378784179688,0.0002625822000482003,1.277433643645226e-05,2.873379707336426,6.0760700580431146e-05,7.872323486367569e-06,2.206918478012085,8.67356999151525e-05,7.538828607409249e-06,2.7793993949890137,0.0003567912999642431,1.4229929341722298e-05,0.4715665578842163,0.00011725459989975207,1.0222033592665665e-05,-0.607917308807373
2,4,42,cpu,2.6001199876191096e-05,7.365649258582753e-06,-0.8065081238746643,8.615169990662252e-05,8.737763207600726e-06,4.325103759765625,5.0431499767000786e-05,1.177981630072167e-05,1.5334830284118652,7.96490003267536e-05,1.0342119520328202e-05,0.6021367311477661,2.2992600315774324e-05,1.0559549929241564e-05,2.3057239055633545,4.9836799917102326e-05,7.1749733982755985e-06,3.0669658184051514,1.9819300359813496e-05,5.925250152299796e-06,2.124584436416626,3.656420012703166e-05,6.692235132126874e-06,1.4624303579330444,9.564219981257338e-05,1.2342836612335476e-05,0.6157213449478149,4.34836998465471e-05,7.125132624431757e-06,-63.02407455444336
2,4,42,cuda,5.96159999986412e-05,7.693696407624776e-06,-0.8065081238746643,0.00019746250036405398,1.631275565825609e-05,4.325103759765625,0.0002573546998974052,1.2956073731223639e-05,1.5334830284118652,0.00019917549998353933,1.9260760429410103e-05,0.6021367311477661,5.538370005524485e-05,7.299563432748577e-06,2.3057239055633545,0.0002588070994534064,1.0960019454116715e-05,3.0669660568237305,6.14463999227155e-05,9.851712646313593e-06,2.124584436416626,8.469459990010365e-05,8.136879039108774e-06,1.462430477142334,0.00037390309989859816,2.895519219578184e-05,0.6157213449478149,0.00012171979997219751,1.3392805396397538e-05,-63.02407455444336
2,4,123,cpu,2.376829961576732e-05,5.715090405336781e-06,-0.1188109964132309,8.700740017957287e-05,1.0764152501297063e-05,2.346985101699829,4.9135099834529684e-05,1.3251609085591105e-05,0.8185086846351624,8.193819994630757e-05,2.1372212284806505e-05,9.386877059936523,2.0528199820546432e-05,6.176968309451502e-06,1.433202862739563,5.008960015402408e-05,7.56982479711857e-06,1.6370172500610352,2.017719980358379e-05,8.05231673531519e-06,1.2401621341705322,3.647959983936744e-05,6.849258491140568e-06,0.4005415439605713,9.302069993282203e-05,9.49648269518951e-06,0.3596740663051605,4.314969955885317e-05,7.258804260354661e-06,-0.6388409733772278
2,4,123,cuda,6.592429963347968e-05,1.5198999756205369e-05,-0.1188109964132309,0.00019522670008882416,1.3039080839712669e-05,2.34698486328125,0.00025448520045756595,1.1526186650864813e-05,0.8185085654258728,0.00019691569978022016,1.0144016013390214e-05,9.386876106262207,6.0673199914162976e-05,1.0944659008472996e-05,1.4332029819488525,0.00025714799976412906,1.0862705918047135e-05,1.6370171308517456,6.113529998401646e-05,8.268629520062766e-06,1.2401621341705322,8.56942004247685e-05,8.444330873576868e-06,0.4005415439605713,0.00036104800019529646,1.559336981133282e-05,0.3596740961074829,0.00011651150016405154,1.034383306709518e-05,-0.6388409733772278
2,4,456,cpu,2.695539988053497e-05,1.0559899634265504e-05,0.20421552658081055,9.406180015503196e-05,2.5395387287242322e-05,4.330253601074219,4.757320020871702e-05,7.43303093995767e-06,1.4170327186584473,7.88749002822442e-05,1.2715534630957047e-05,0.6179566383361816,2.493939973646775e-05,1.1091950867046711e-05,2.223076581954956,5.117340006108861e-05,7.649611902993206e-06,2.8340654373168945,2.0138400213909335e-05,5.7802338230120166e-06,1.805602788925171,3.701740006363252e-05,6.697864482665285e-06,1.3324558734893799,9.846259945334168e-05,1.723206420036669e-05,0.5727163553237915,4.3638500210363417e-05,7.674962641752166e-06,-19.35919761657715
2,4,456,cuda,6.059099978301674e-05,7.862894810591871e-06,0.20421552658081055,0.00019830020028166473,1.154705157600285e-05,4.330253601074219,0.0002108078999299323,1.0303020291970952e-05,1.4170327186584473,0.0001973194999663974,1.1082706007268715e-05,0.6179565787315369,5.459540006995667e-05,7.606092611724865e-06,2.223076343536377,0.0002209116997619276,1.9149421845735053e-05,2.8340654373168945,6.103559990151552e-05,7.853593857640318e-06,1.805602788925171,9.009909990709275e-05,1.2256505541814673e-05,1.3324558734893799,0.00032184859992412385,1.4200527433992302e-05,0.5727163553237915,0.00011896669984707841,1.5063044354529657e-05,-19.359195709228516
2,8,42,cpu,2.396020045125624e-05,6.153877970264149e-06,0.3775574266910553,9.147350010607624e-05,2.12827420905687e-05,3.817427396774292,5.139199984114384e-05,7.199950832137517e-06,1.3293477296829224,9.311409994552377e-05,7.610952704805539e-06,0.8810288310050964,2.2155600163387135e-05,6.87824481514205e-06,2.0684845447540283,5.9568200049398e-05,1.0480876588146891e-05,2.658695697784424,2.0377899818413426e-05,5.164928928835125e-06,1.8724384307861328,3.7297200105967934e-05,6.116467224115319e-06,1.425525188446045,0.00010866269967664266,2.5795272693532227e-05,0.558890163898468,4.397499997139675e-05,7.555769015815219e-06,-30.673032760620117
2,8,42,cuda,5.9384799715189726e-05,7.220697804403195e-06,0.3775574266910553,0.00018829520049621352,8.171111855754882e-06,3.817427396774292,0.000257415200030664,1.4369364722429334e-05,1.3293479681015015,0.00020173370012344094,1.4591509481823596e-05,0.8810287714004517,5.7390999791095966e-05,7.5038808418426704e-06,2.0684847831726074,0.00026502470009290844,1.3293830398477284e-05,2.658695936203003,6.338469975162298e-05,1.4604420621897526e-05,1.8724384307861328,8.667670008435379e-05,7.369803790376136e-06,1.4255250692367554,0.00036180480019538664,1.5827303006948538e-05,0.558890163898468,0.00012334659968473715,1.4876348928893792e-05,-30.673030853271484
2,8,123,cpu,2.3462300305254757e-05,4.715082853344538e-06,-0.3631272614002228,8.774209982220782e-05,8.567710100353013e-06,3.702280044555664,5.567540029005613e-05,1.1458760632923693e-05,1.122759461402893,9.881449987005908e-05,1.134693277693457e-05,5.225050449371338,2.1092099996167234e-05,6.231683285431966e-06,1.86455500125885,5.56958002562169e-05,7.149406853079525e-06,2.245518684387207,2.2159699619805905e-05,7.441601269765273e-06,1.600193977355957,3.718570005730726e-05,6.533168072198113e-06,1.061530351638794,9.756399995239918e-05,9.993623584433741e-06,0.4299408495426178,4.3507400187081656e-05,6.671313013810314e-06,-3.1982336044311523
2,8,123,cuda,5.9604899797705e-05,8.307393058290624e-06,-0.3631272315979004,0.0001903677995869657,9.992666167453882e-06,3.702280044555664,0.00025629809988458874,1.2032767404237464e-05,1.1227593421936035,0.00019027080033993116,1.0360183590401718e-05,5.22504997253418,5.882740006200038e-05,1.1374351510198007e-05,1.86455500125885,0.0002574895999714499,1.0412484392356624e-05,2.245518684387207,6.0944800316065086e-05,7.849514899161012e-06,1.600193977355957,8.822779964248184e-05,9.136128200308407e-06,1.061530351638794,0.0003584639000109746,1.3232165634936484e-05,0.4299408495426178,0.00011804499990830664,9.371867324624356e-06,-3.1982338428497314
2,8,456,cpu,2.3781900199537632e-05,6.194315765042294e-06,-0.3410234749317169,9.036450028361287e-05,1.0443559776709698e-05,3.3355460166931152,5.109559988341062e-05,7.461057027705085e-06,1.255611538887024,9.387190002598799e-05,7.188108085358198e-06,0.8885284066200256,2.1007000032113866e-05,6.141480651165436e-06,1.9522035121917725,5.5013100427458995e-05,6.657678501191652e-06,2.511223316192627,2.0213599782437086e-05,5.776783608739031e-06,1.594741702079773,3.720409968082095e-05,6.5389033301155135e-06,1.170915961265564,0.0001024321998556843,1.370678939362657e-05,0.5671000480651855,4.348539987404365e-05,7.170332005098526e-06,-9.50365161895752
2,8,456,cuda,5.968259993096581e-05,7.661194904963608e-06,-0.3410234749317169,0.00019547010015230626,1.7339314624218976e-05,3.3355460166931152,0.00026199629974144045,1.546143215492969e-05,1.2556116580963135,0.00019879699993907707,1.371956035599003e-05,0.8885283470153809,5.4823299797135407e-05,7.675686864464728e-06,1.9522032737731934,0.0002608052005598438,1.7750384733016913e-05,2.511223316192627,6.144820017652818e-05,8.126262434257724e-06,1.5947415828704834,8.701340011612047e-05,8.99152360192597e-06,1.1709158420562744,0.0003619991000959999,1.5413001323278658e-05,0.5671000480651855,0.00012030740017507924,1.4053213606038135e-05,-9.50365161895752
2,16,42,cpu,2.392270034761168e-05,6.222881356948058e-06,-0.1298271119594574,9.088470014830818e-05,1.13621516104675e-05,3.5487072467803955,6.140189998404821e-05,7.22192305292199e-06,1.2994239330291748,0.00013459909987432184,1.9097593164460387e-05,0.9561138153076172,2.1188199934840667e-05,6.0225758762000886e-06,1.9969414472579956,6.821289971412626e-05,1.3853121730891219e-05,2.5988478660583496,2.0344099721114616e-05,5.6824750454182626e-06,1.7883434295654297,3.70348003343679e-05,6.6078347280463304e-06,1.2690691947937012,0.0001061005998053588,9.559133518482955e-06,0.5733627080917358,4.437070019776001e-05,9.796120996836959e-06,-14.729012489318848
2,16,42,cuda,6.344059966068016e-05,1.2708920990388407e-05,-0.1298271268606186,0.00019605919987952802,1.3856475502174618e-05,3.5487072467803955,0.0002567737998106168,1.2149042945181535e-05,1.2994239330291748,0.00019848470019496746,1.1840038473578199e-05,0.956113874912262,5.854679984622635e-05,1.1129926735272784e-05,1.996941328048706,0.00026241300020046765,1.2332907426650771e-05,2.5988478660583496,6.259369947656524e-05,1.053305762794051e-05,1.7883434295654297,9.185200033243746e-05,1.239669691761028e-05,1.2690691947937012,0.00036191699982737193,1.2892913334115445e-05,0.5733627080917358,0.00011689030015986646,8.578334933296387e-06,-14.729012489318848
2,16,123,cpu,2.4737899730098432e-05,5.785190604854644e-06,-0.057449594140052795,9.029289994941792e-05,8.714320353721643e-06,3.6151139736175537,6.0161199871799906e-05,7.588600150336979e-06,1.1353487968444824,0.00011897139993379823,6.51452118367489e-06,10.736709594726562,2.053320004051784e-05,6.2671872728242184e-06,1.8796603679656982,6.371189992933068e-05,6.247893575313497e-06,2.270697593688965,2.3708099797659087e-05,1.1750206424020791e-05,1.634047031402588,3.716690007422585e-05,5.985325609423779e-06,1.1228007078170776,0.0001056049997714581,8.62299792630452e-06,0.4094785749912262,4.3665999510267286e-05,7.595248077671043e-06,1.1542901992797852
2,16,123,cuda,6.0808899797848424e-05,1.0639476735190495e-05,-0.05744960904121399,0.00019112200025119818,1.1788941922631407e-05,3.615114212036133,0.0002606045003631152,1.2482475401488705e-05,1.1353487968444824,0.0001913461992444354,1.1006884205751351e-05,10.736701965332031,5.895419944863533e-05,1.0774928895327451e-05,1.8796603679656982,0.00026153630005865125,1.4775727020187867e-05,2.270697593688965,6.189219966472592e-05,7.975038837475247e-06,1.634047031402588,8.421610000368674e-05,7.624975123352826e-06,1.1228007078170776,0.0003596380000089994,1.2834147154555938e-05,0.4094785749912262,0.00011672310010908404,1.0257277542373507e-05,1.1542900800704956
2,16,456,cpu,2.4097299865388776e-05,6.159885400374396e-06,-0.27251002192497253,9.083019940590021e-05,9.211391802159813e-06,3.727004051208496,6.247600013011833e-05,6.983438928756762e-06,1.2584342956542969,0.0001317901000220445,1.8160133550143863e-05,0.943875789642334,2.361149981879862e-05,7.178582205122847e-06,2.0045533180236816,6.723269980284386e-05,1.554366712964659e-05,2.5168685913085938,2.004490033868933e-05,5.248532819274664e-06,1.6721806526184082,3.7667300057364626e-05,6.421022352355205e-06,1.1966965198516846,0.0001057283001500764,9.702311456782946e-06,0.5367197394371033,4.3006499436160087e-05,6.773457051448301e-06,-4.6042399406433105
2,16,456,cuda,6.130879974080017e-05,1.3829349641108168e-05,-0.2725100517272949,0.0001907735002532718,1.025393119877205e-05,3.727003812789917,0.0002579228001195588,1.290278515570086e-05,1.2584342956542969,0.00019454520006547681,2.0398591158712673e-05,0.9438758492469788,5.4337899564416146e-05,7.453219675048544e-06,2.0045533180236816,0.0002616323001348064,1.596290093952391e-05,2.5168685913085938,6.577530020877021e-05,1.1985575903734404e-05,1.6721806526184082,8.441699956165393e-05,7.580615758512099e-06,1.1966962814331055,0.0003590821999750915,1.4295938352372198e-05,0.536719799041748,0.00011772950056183617,9.38754109207153e-06,-4.6042399406433105
2,32,42,cpu,2.4096100059978198e-05,4.945608292689854e-06,0.05977319926023483,0.00010329880005883751,1.868732961599903e-05,3.193664312362671,7.693929965171264e-05,7.84997256356594e-06,1.1154683828353882,0.00021034930032328702,1.9203510100986914e-05,1.990691065788269,2.166009999200469e-05,6.3463201729494736e-06,1.8008637428283691,8.553689949621912e-05,1.2682063133557305e-05,2.2309367656707764,2.052020045084646e-05,5.633804054341252e-06,1.566847801208496,4.156900031375699e-05,1.4262935232341374e-05,1.082303524017334,0.000124829500055057,9.864969702395271e-06,0.4887348413467407,4.395929954625899e-05,6.4764278549739125e-06,-7.23333740234375
2,32,42,cuda,6.384329990396508e-05,1.6198391010792527e-05,0.05977320671081543,0.00019723760051419957,1.1319436962658434e-05,3.193664073944092,0.00025397339995834043,1.1214140557108161e-05,1.1154683828353882,0.0001920466000228771,1.0478660787465888e-05,1.9906911849975586,5.4835900118632705e-05,7.756283419137585e-06,1.8008639812469482,0.0002575797996541951,1.0132031165683719e-05,2.2309367656707764,6.0790300085500346e-05,8.477341521684375e-06,1.566847801208496,8.70307001605397e-05,9.31402539163811e-06,1.082303524017334,0.000357302699740103,1.2858782932283182e-05,0.4887348413467407,0.00011733190003724304,9.139690264554975e-06,-7.233336925506592
2,32,123,cpu,2.374600007897243e-05,5.353523977909519e-06,-0.2747350037097931,9.797540005820337e-05,1.5264422613833514e-05,3.7097768783569336,8.118749974528328e-05,7.1476445273059816e-06,1.188950538635254,0.00020088740020582919,2.638356755705595e-05,6.07797384262085,2.1679299970855935e-05,6.593830956860113e-06,1.9252464771270752,8.16802998087951e-05,7.578523015231482e-06,2.377901077270508,2.5350199757667723e-05,2.3901243939383982e-05,1.664620280265808,3.7431200325954705e-05,6.3382969914750395e-06,1.2230900526046753,0.00012691839983745013,1.2452606711514492e-05,0.4708208739757538,4.835149993596133e-05,1.0991975267373144e-05,-0.09662897884845734
2,32,123,cuda,6.054660025256453e-05,1.0181128921182201e-05,-0.2747350335121155,0.00019338340007379884,1.3855314734557053e-05,3.7097768783569336,0.0002521846996387467,1.2318635230550081e-05,1.188950538635254,0.00018623289979586844,1.4521998377851246e-05,6.077970027923584,5.262209997454192e-05,7.310111874062586e-06,1.9252463579177856,0.0002575974001956638,1.3681717319809706e-05,2.377901077270508,5.8581500161380974e-05,1.032193863845408e-05,1.664620280265808,8.295659990835702e-05,7.78550900685799e-06,1.2230899333953857,0.0003608713999710744,2.0251050827602066e-05,0.47082090377807617,0.00011098249979113461,8.931839387786111e-06,-0.09662896394729614
2,32,456,cpu,2.598429982754169e-05,1.1000544224782416e-05,-0.18833276629447937,9.429439996893052e-05,1.0227540332683324e-05,3.5290446281433105,7.72034998590243e-05,1.0976739520320897e-05,1.2324985265731812,0.00019825929957733023,2.4521447990309638e-05,1.0462173223495483,2.2783899839851075e-05,8.000158263817604e-06,1.9444389343261719,8.39641999846208e-05,1.546706154554859e-05,2.4649972915649414,2.026290021603927e-05,5.516344641571669e-06,1.623009204864502,3.454939997027395e-05,6.706221977796727e-06,1.107024073600769,0.00012234549958520802,1.2255410326517764e-05,0.5438116788864136,4.234849984641187e-05,6.9860927682666146e-06,13.849615097045898
2,32,456,cuda,6.137799991847714e-05,1.0356544840777335e-05,-0.18833278119564056,0.00018919550002465256,1.528139992200384e-05,3.5290448665618896,0.00025493310022284277,1.25574950907992e-05,1.2324986457824707,0.0001874924000730971,1.5985355815902807e-05,1.0462173223495483,5.468269973789575e-05,7.434503149413776e-06,1.9444389343261719,0.0002591157002825639,1.3931006662009246e-05,2.4649972915649414,5.96843001403613e-05,6.786505347700733e-06,1.6230093240737915,8.675769986439263e-05,6.8025916826855995e-06,1.107024073600769,0.00034947490003105485,1.5809364349092903e-05,0.5438117384910583,0.00011626570012595039,9.43618079933226e-06,13.849613189697266
2,64,42,cpu,2.2818799698143267e-05,3.1306663065625306e-06,0.09197930246591568,0.00010872860002564266,1.0349596338896321e-05,3.408909320831299,0.00011046729996451176,1.0809730040313545e-05,1.1508996486663818,0.0002963762999570463,2.50409816271914e-05,2.460814952850342,2.132259942300152e-05,6.068701266106028e-06,1.8680593967437744,0.00011371339969628025,8.1764782673439e-06,2.3017995357513428,2.1235099848126992e-05,6.221550760588498e-06,1.611092448234558,4.200580005999655e-05,1.2008948238833622e-05,1.1211706399917603,0.00015800519995536887,9.198125091557625e-06,0.4785219132900238,4.2472600034670906e-05,8.110680539883771e-06,-3.2546510696411133
2,64,42,cuda,5.724949969589943e-05,8.961679335371557e-06,0.09197931736707687,0.00018361029960942688,1.72375523017197e-05,3.408909320831299,0.00026734519979072503,1.4885278625581026e-05,1.1508996486663818,0.00018258629988849863,1.192253351313688e-05,2.460815191268921,5.8589699983713216e-05,1.670841460758818e-05,1.868059515953064,0.0002743204004218569,1.627064888309773e-05,2.3017992973327637,6.248669997148682e-05,1.5943381532928873e-05,1.611092448234558,8.26464998681331e-05,8.709764570058505e-06,1.1211707592010498,0.0003651505998277571,1.7202046910835787e-05,0.4785218834877014,0.00011530899992067134,1.1325362607939734e-05,-3.2546510696411133
2,64,123,cpu,2.4751899945840706e-05,9.47932695423561e-06,-0.10831497609615326,0.00010281159993610344,6.769343690244343e-06,3.586270809173584,0.00010782919980556471,8.427346317086258e-06,1.148857831954956,0.00029249229992274196,1.9863629261940768e-05,6.34423303604126,2.3530300131824335e-05,1.005586858592966e-05,1.8779526948928833,0.00011299769994366216,1.1393405575708108e-05,2.297715902328491,1.9921799685107543e-05,5.404559695446884e-06,1.6023318767547607,3.8157100061653185e-05,6.459037721959613e-06,1.1065142154693604,0.00015464950029127068,1.3701637570129729e-05,0.46847736835479736,4.320419975556433e-05,7.349711614070104e-06,-0.3329961895942688
2,64,123,cuda,6.544380012201146e-05,1.6477507415807693e-05,-0.10831498354673386,0.00018194770000263817,1.0951894980252366e-05,3.586270570755005,0.0002781507999316091,1.1533965592089067e-05,1.148857831954956,0.00018393729988019913,1.4790524948010588e-05,6.344231605529785,6.932479991519357e-05,1.8232966323297446e-05,1.8779526948928833,0.0002819713998178486,1.2098988247586212e-05,2.297715663909912,6.189740015543066e-05,9.270245276885971e-06,1.6023318767547607,8.31887995445868e-05,8.489576175393905e-06,1.1065142154693604,0.0003827036001894157,1.8270705162600305e-05,0.46847739815711975,0.0001123837002523942,9.76952586039576e-06,-0.3329963982105255
2,64,456,cpu,2.3351400159299374e-05,1.112064952135853e-05,-0.12699459493160248,0.00011015900017810054,1.710542799077449e-05,3.359816074371338,0.00010933450012089452,1.085573004686256e-05,1.1727731227874756,0.0002888477996748406,1.7999748690323816e-05,3.4080309867858887,2.5492000349913724e-05,1.3917082386997251e-05,1.8709118366241455,0.00011645889990177238,1.0139967995969255e-05,2.3455464839935303,2.0834200222452635e-05,5.520389281874852e-06,1.5785102844238281,3.771400024561444e-05,6.808776439225547e-06,1.0793218612670898,0.00015752570034237577,9.867523214385068e-06,0.5098540782928467,4.27399998443434e-05,1.1820250701038771e-05,28.360586166381836
2,64,456,cuda,6.547680004587164e-05,1.3725166788984925e-05,-0.12699459493160248,0.00018209490008302964,1.304923382881753e-05,3.359816074371338,0.0002766040995993535,1.1337908860947717e-05,1.1727731227874756,0.0001853910998761421,1.4600539133002943e-05,3.408031463623047,5.806209992442746e-05,1.0504953310941843e-05,1.8709118366241455,0.00028144319985585754,1.1914990185235077e-05,2.345546245574951,6.0217999998712915e-05,1.1293503573819917e-05,1.5785104036331177,8.206340007745893e-05,9.872856662833145e-06,1.0793218612670898,0.00038411499990615995,1.8172083224727462e-05,0.5098540782928467,0.00011044330021832138,9.707447220551023e-06,28.36058807373047
2,128,42,cpu,2.6584500119497534e-05,8.397329161666456e-06,0.17024847865104675,0.00013119909999659285,2.0869682239707527e-05,3.349052667617798,0.00018288710016349795,1.3496970436178563e-05,1.1108959913253784,0.0004770180998093565,1.6427006338802866e-05,2.6262998580932617,2.5131700385827572e-05,1.0667164774128469e-05,1.823896884918213,0.00017935900013981153,1.0739023248270921e-05,2.2217917442321777,1.8895799985330087e-05,7.375280594937583e-06,1.5621289014816284,4.157520015724003e-05,1.3182834734309384e-05,1.0615419149398804,0.00022770000068703667,1.2022393217617084e-05,0.46493270993232727,4.467999970074743e-05,8.27681664188728e-06,-2.1388251781463623
2,128,42,cuda,5.467690007208148e-05,7.344213192708957e-06,0.17024849355220795,0.0001883290000478155,2.2646610173847497e-05,3.349052667617798,0.0003131427998596337,2.298234685274778e-05,1.1108959913253784,0.0001823816999603878,1.532386037701707e-05,2.6262998580932617,5.3948499771649947e-05,7.739081539663945e-06,1.823896884918213,0.00031533069995930417,9.889365375276097e-06,2.2217917442321777,5.851440000697039e-05,7.270770490078348e-06,1.5621287822723389,8.429530043940758e-05,9.976632342557462e-06,1.0615417957305908,0.0004218118996504927,3.7447417978982184e-05,0.46493270993232727,0.00011446270000305958,1.0730627656879757e-05,-2.138824939727783
2,128,123,cpu,2.2843700207886286e-05,1.067056427075589e-06,-0.06749917566776276,0.00013409520033746958,1.4886230159588414e-05,3.54899263381958,0.00018698069980018772,1.8359676440303932e-05,1.149536371231079,0.0004905376999886357,2.4103564357446934e-05,15.307759284973145,2.2152399833430535e-05,5.783070533495372e-06,1.8777300119400024,0.00018716920021688566,1.8948841742240233e-05,2.299072742462158,2.102040034515085e-05,6.355153262226687e-06,1.5821876525878906,3.781929990509525e-05,6.458410397632713e-06,1.1019601821899414,0.00023094669995771255,1.8285646918735285e-05,0.4704369902610779,4.791029987245565e-05,1.627283459644225e-05,15.343504905700684
2,128,123,cuda,5.665940007020254e-05,1.1250300057334467e-05,-0.06749917566776276,0.00018520510020607616,1.5447451797652224e-05,3.54899263381958,0.0003234241999962251,1.6611211174328357e-05,1.149536371231079,0.00017882160009321523,1.1867177067747438e-05,15.307683944702148,5.571020028583007e-05,7.750597731587097e-06,1.877729892730713,0.00031959469997673297,1.4710853668825321e-05,2.299072742462158,6.323390043689869e-05,1.4837993658618872e-05,1.5821874141693115,8.614529997430509e-05,2.9832753753518072e-05,1.1019601821899414,0.0004176154001470422,1.7652627619409253e-05,0.4704369902610779,0.00011298809986328706,2.1392456826765626e-05,15.343506813049316
2,128,456,cpu,2.4079000286292285e-05,1.274561286507053e-05,0.057596854865550995,0.00013716389985347633,1.9584903609351536e-05,3.4526963233947754,0.00017923209998116363,1.1488010654756e-05,1.1395188570022583,0.00048722089977673024,2.1264469062290316e-05,3.031080722808838,2.2755700229026843e-05,5.9732174639574125e-06,1.8377939462661743,0.00018694139944273048,1.7711965070299655e-05,2.2790374755859375,2.036949936154997e-05,5.592703396432414e-06,1.5518581867218018,3.887769980792655e-05,7.203319652673621e-06,1.1162359714508057,0.0002297606000865926,1.3451506398642458e-05,0.5001077055931091,4.4732599599228705e-05,7.332868484987016e-06,13.1216402053833
2,128,456,cuda,5.899729985685554e-05,1.736157773794929e-05,0.05759685859084129,0.00019171810017724056,1.893451072449272e-05,3.4526963233947754,0.00032221200035564834,1.826183643656176e-05,1.1395188570022583,0.00018247399984829826,1.283149838689769e-05,3.031080484390259,5.1223499940533654e-05,6.391524417042861e-06,1.8377940654754639,0.00032025830005295576,1.5136723613559106e-05,2.2790379524230957,6.238420028239488e-05,1.2454778260032707e-05,1.5518583059310913,8.57225004438078e-05,9.843704987427735e-06,1.1162359714508057,0.0004222812998705194,1.3139114340544071e-05,0.5001077651977539,0.00011232439992454601,1.1501587246174047e-05,13.121641159057617
2,256,42,cpu,2.469020000717137e-05,1.2020716988286618e-06,0.08840890228748322,0.00018921819992101518,2.1078983019845802e-05,3.5557401180267334,0.00032476870001119096,1.7399554120730306e-05,1.147995948791504,0.0008816457999273553,3.381904484906963e-05,2.971248149871826,2.244159968540771e-05,5.765954684712026e-06,1.8808084726333618,0.00030943830006435746,1.4779963942431528e-05,2.2959916591644287,2.742269989539636e-05,1.8367455555260644e-05,1.6044955253601074,3.990910026914207e-05,6.015943709320227e-06,1.1381927728652954,0.000364362400250684,1.6812985135320332e-05,0.46393632888793945,4.4986399734625594e-05,6.650292442984748e-06,-0.8034363985061646
2,256,42,cuda,6.497020003735088e-05,3.191916392813106e-05,0.08840889483690262,0.00019325370030855992,1.4111277769073922e-05,3.5557398796081543,0.0003965497999161016,2.2356549869712674e-05,1.147995948791504,0.00018693040001380724,1.5331936474699642e-05,2.971248149871826,5.3524899703916164e-05,6.960676577977391e-06,1.8808084726333618,0.0004052303995194961,2.1946536435125307e-05,2.295991897583008,6.185980000736891e-05,8.332472071716911e-06,1.6044955253601074,8.415919983235653e-05,9.476486930288588e-06,1.1381927728652954,0.0004988254000636516,1.6146870874629383e-05,0.46393629908561707,0.0001121777000662405,9.36496429438526e-06,-0.8034363985061646
2,256,123,cpu,2.6328400053898804e-05,5.874889900273692e-06,0.01900646463036537,0.00017975519967876606,1.8886327624006207e-05,3.4773988723754883,0.0003309883000838454,1.075988530690898e-05,1.1340997219085693,0.0013759094999841182,0.00017702654036950185,11.188440322875977,5.7798200214165266e-05,1.8359594527749194e-05,1.8549354076385498,0.0007399619000352687,0.0001066841848163059,2.2681996822357178,4.402320009830873e-05,1.114586451160408e-05,1.562684416770935,0.00010390019979240605,3.0285707800910387e-05,1.1023486852645874,0.000877185499848565,0.00012901960042635994,0.4668366312980652,9.660949999670265e-05,1.278757247637788e-05,8.396435737609863
2,256,123,cuda,0.00011020290021406254,2.0378565315653915e-05,0.019006460905075073,0.0003663926998342504,6.059653085092699e-05,3.4773988723754883,0.0005453777999719023,4.1255954292474866e-05,1.1340997219085693,0.00035115190039505253,3.522040580184525e-05,11.188394546508789,0.00012908889966638525,3.331254077238816e-05,1.8549354076385498,0.000557215300250391,4.708544440002301e-05,2.2681996822357178,0.00010952940010611201,1.7584426473092182e-05,1.562684416770935,0.00017800439964048563,4.052485140033738e-05,1.1023485660552979,0.0007419212997774594,8.64273364958486e-05,0.4668366611003876,0.00025320809982076753,6.097453538260721e-05,8.396435737609863
2,256,456,cpu,5.482310025399784e-05,1.2110346446028997e-05,0.05432894080877304,0.00041030379998119315,8.919190790753212e-05,3.414263963699341,0.0007215780997285037,0.0001037995935099221,1.1217021942138672,0.0012193735998152987,6.315005902632622e-05,3.232757091522217,4.667970006266842e-05,1.1543835193195981e-05,1.8253669738769531,0.0007367873999100993,7.819917324947638e-05,2.2434041500091553,4.517460001807194e-05,1.117768533446169e-05,1.548555612564087,7.430880032188725e-05,1.2031337471768557e-05,1.0771965980529785,0.0008487886001603328,0.00010589065258131623,0.4837835431098938,0.00013759960002062143,5.008464470088812e-05,5.347667217254639
2,256,456,cuda,0.0001166084999567829,2.8464404835078303e-05,0.05432894825935364,0.00038516249987878836,5.546985486618987e-05,3.414263963699341,0.0005485611996846274,4.580735704965882e-05,1.1217021942138672,0.0003990275998148718,0.00011352203061586874,3.232757568359375,0.00010093490000144812,1.5156443123323773e-05,1.8253669738769531,0.0005495338000400807,5.754099629162097e-05,2.2434043884277344,0.00011466240030131303,1.7114619211576002e-05,1.548555612564087,0.00016712599990569287,1.5826169998169313e-05,1.0771965980529785,0.0008053706003920524,0.00010383624571904269,0.4837835431098938,0.00026916879996861096,6.257347038267232e-05,5.347667694091797
2,512,42,cpu,6.125489999249112e-05,1.3550762844030287e-05,0.013219116255640984,0.0006212748998223105,8.159013587700535e-05,3.472376585006714,0.001416722599788045,0.00013122312081542036,1.1315042972564697,0.0024528401003408363,0.00011014634048886338,2.8236124515533447,5.558699922403321e-05,1.1171345264985456e-05,1.8535600900650024,0.0014578939000784886,0.0001775283244957314,2.2630083560943604,4.524830001173541e-05,1.1894332167162936e-05,1.581371784210205,8.655439996800851e-05,1.5376666418102454e-05,1.0835057497024536,0.0015330170999732218,0.00012680724669418856,0.46881937980651855,0.0001328085998466122,4.0664916238820826e-05,-3.160994529724121
2,512,42,cuda,0.00011779850028688088,1.8894983188262246e-05,0.013219103217124939,0.00043898489966522904,6.124494873968132e-05,3.472376585006714,0.000780717499947059,5.880557733847458e-05,1.1315040588378906,0.00043407420016592366,7.958766202022156e-05,2.823612689971924,0.00011924150021513924,3.1764106417569184e-05,1.853559970855713,0.0007683206000365317,6.578601789811132e-05,2.2630083560943604,0.0001489060998210334,5.70209815129214e-05,1.5813720226287842,0.0001700784003332956,2.2962135909950484e-05,1.083505630493164,0.0009811971000090124,5.390226046889122e-05,0.46881937980651855,0.0002470249002726632,2.3073366906235653e-05,-3.160994529724121
2,512,123,cpu,6.534599979204358e-05,1.4631924875458774e-05,0.08979692310094833,0.0006018851998305763,6.879465528575898e-05,3.564401388168335,0.001309589900120045,8.807009762365691e-05,1.1393071413040161,0.002521508100107894,0.00014811138973845275,9.440598487854004,5.649179984175134e-05,1.2234760921410532e-05,1.8727960586547852,0.0012963315999513724,4.833960501715672e-05,2.2786145210266113,4.714210008387454e-05,1.215573997983998e-05,1.5802046060562134,0.00013561880023189589,7.166857731357175e-05,1.1204099655151367,0.001410228500208177,3.2970096459880974e-05,0.462644100189209,0.00011892890015587909,2.3587928551604367e-05,5.035361289978027
2,512,123,cuda,0.00011969460028922185,1.7265411251374902e-05,0.08979690819978714,0.0004090355996595463,2.8307471210019634e-05,3.564401149749756,0.0007322470999497454,2.25593685953196e-05,1.1393072605133057,0.00042055720041389577,5.4657060848319136e-05,9.440587997436523,0.0001157470000180183,1.7188496590008567e-05,1.8727960586547852,0.000877982300153235,0.0001166777285386405,2.2786145210266113,0.00014627040000050328,3.881336213912108e-05,1.580204725265503,0.00019363989995326846,3.724693514010986e-05,1.1204099655151367,0.0009748989998115576,4.2516947344533485e-05,0.462644100189209,0.000265432900050655,4.121670500566277e-05,5.035360813140869
2,512,456,cpu,6.634759974986082e-05,1.341372837008865e-05,-0.02617587149143219,0.0006745493999915197,0.0001226921047897958,3.587984323501587,0.0012861278997661429,4.8281612302938326e-05,1.1559995412826538,0.0025667982003142243,6.985089459893195e-05,2.9427032470703125,5.915539950365201e-05,1.3622941875574724e-05,1.8841874599456787,0.001292209899656882,5.239510140054771e-05,2.3119988441467285,7.318219995795516e-05,2.2797380471290963e-05,1.5994172096252441,0.00012908179978694535,5.815019868556277e-05,1.1622567176818848,0.0014147066000077756,2.95171205929187e-05,0.4773450493812561,0.00011270890026935377,1.4730088761737502e-05,1.0677306652069092
2,512,456,cuda,0.00012192359972686972,1.6677025496826726e-05,-0.026175877079367638,0.00041154799964715494,2.8351032490572902e-05,3.587984561920166,0.0007440650999342325,3.961325804570613e-05,1.1559994220733643,0.00040664470034244,3.142020534723944e-05,2.9427032470703125,0.00012120730007154634,3.3202544018815813e-05,1.8841874599456787,0.0007360091000009561,2.1232732392954703e-05,2.3119990825653076,0.00012846239987993613,1.7860745997432835e-05,1.5994172096252441,0.0001792580003893818,1.753460744619234e-05,1.1622567176818848,0.0009696507002445287,4.678206150626747e-05,0.4773450195789337,0.0002453070997944451,2.5114111955855533e-05,1.0677307844161987
2,1024,42,cpu,7.641939973836997e-05,1.2657923198383088e-05,-0.01978651061654091,0.0009880573999907938,8.428158842779353e-05,3.5295801162719727,0.0027382543001294836,0.0003713610783658929,1.1417824029922485,0.00438989770009357,0.00022198564645261757,7.892763137817383,7.478790012100944e-05,3.3864865879267626e-05,1.8712823390960693,0.0024486291003995575,5.007309644234301e-05,2.283565044403076,5.604519956250442e-05,1.7404688483622735e-05,1.5952986478805542,9.766420007508713e-05,1.2182165426505386e-05,1.1042685508728027,0.0026402351002616344,7.689771088312303e-05,0.46899157762527466,0.00013087520001135998,1.481953063000781e-05,-6.485325813293457
2,1024,42,cuda,0.00012812459972337819,2.5942787623637053e-05,-0.019786518067121506,0.00041199450024578257,2.9773935160693658e-05,3.5295803546905518,0.001076532600018254,3.036116607545868e-05,1.1417824029922485,0.000404255599823955,3.555154181325963e-05,7.89271354675293,0.0001207708997753798,2.4536239894952322e-05,1.8712823390960693,0.001078837999921234,2.3801618840720497e-05,2.283564805984497,0.00012678950024564984,2.1696848210142156e-05,1.5952987670898438,0.0001803179000489763,1.864888232289447e-05,1.1042685508728027,0.001304825199804327,3.065121771908681e-05,0.46899154782295227,0.0002583726996817859,3.468817722573051e-05,-6.485325813293457
2,1024,123,cpu,8.652809974591946e-05,2.3532650313105603e-05,0.059186264872550964,0.0009971418003260624,0.00011245408829777354,3.629436492919922,0.002439407000201754,4.57910819241799e-05,1.1548511981964111,0.004494453399820486,6.592212719206925e-05,5.824698448181152,7.000170026003616e-05,1.2882755562601738e-05,1.894860029220581,0.002443829900403216,2.3844168644097443e-05,2.3097023963928223,5.1305299712112175e-05,1.2040920682210913e-05,1.5946247577667236,9.702030001790263e-05,1.6997235410360747e-05,1.1343960762023926,0.002591551199839159,2.789400389233908e-05,0.47055256366729736,0.00013250840038381284,2.173017950853173e-05,-51.8535270690918
2,1024,123,cuda,0.0001281677001315984,3.36047662498515e-05,0.05918625742197037,0.00039147150000644614,2.6027683130353178e-05,3.629436492919922,0.0010511108001082902,2.0754524296041886e-05,1.1548511981964111,0.00039635190023545874,3.6041492891004225e-05,5.824692726135254,0.00011576159995456692,2.349292928542055e-05,1.894860029220581,0.001059358199563576,3.252649835813135e-05,2.3097023963928223,0.0001278749004995916,2.0985727438718965e-05,1.5946247577667236,0.000179791899608972,1.8921984694397365e-05,1.1343960762023926,0.001314867299697653,5.573436086356284e-05,0.47055256366729736,0.0002548922000642051,2.9043694986784047e-05,-51.85353088378906
2,1024,456,cpu,8.077860020421213e-05,1.4675043178163547e-05,-0.005582243204116821,0.000990353500128549,7.343634442232957e-05,3.6500930786132812,0.002437523999651603,3.8542755491502946e-05,1.1527653932571411,0.004501767500005372,9.614078391750704e-05,6.241888999938965,6.918730014149332e-05,1.1763009052471714e-05,1.8951066732406616,0.0024622764001833277,5.141252075775361e-05,2.3055310249328613,4.986080002709059e-05,1.2025725062284326e-05,1.6121188402175903,9.548409998387797e-05,1.279881946847963e-05,1.1649984121322632,0.0027151988997502485,0.0002329100492203409,0.46384960412979126,0.00012423660027707228,1.4166941681955528e-05,-1.2228195667266846
2,1024,456,cuda,0.0001222876000610995,2.7184339238421523e-05,-0.005582243204116821,0.0003988342999946326,2.913981018009971e-05,3.650092840194702,0.0010707025998272003,2.6670378643931104e-05,1.1527655124664307,0.0003829425997537328,2.771483017388882e-05,6.2419633865356445,0.00010529899991524871,1.475279590552834e-05,1.8951066732406616,0.00107927369990648,2.767993662174902e-05,2.3055310249328613,0.00020757750007760478,0.0002614616867357364,1.6121187210083008,0.0001693878999503795,3.635970365528047e-05,1.1649985313415527,0.0012671580003370763,2.54410350316959e-05,0.46384957432746887,0.00023706700012553482,3.363065284743328e-05,-1.2228195667266846
4,1,42,cpu,4.570759992930107e-05,1.2174394206442643e-05,1.0623371601104736,0.00016542509983992205,2.6761866054878224e-05,15.250575065612793,0.00010065060014312621,1.5029625917361354e-05,2.0316662788391113,0.00013604729992948704,1.972280968083282e-05,0.5218333005905151,4.1020000207936394e-05,1.1446376019732075e-05,4.811864852905273,0.00011258249996899394,2.8472220330217234e-05,8.126665115356445,3.9614900015294555e-05,1.1575993692713561e-05,2.124584436416626,6.649229981121607e-05,1.2374776333036555e-05,2.749673366546631,0.00019185169967386173,1.917200480755853e-05,1.1600919961929321,8.87506001163274e-05,3.1886109873834544e-05,-22.577314376831055
4,1,42,cuda,0.00011109859988209792,1.587812409714689e-05,1.0623371601104736,0.0004702421001638868,3.4225759527244936e-05,15.250577926635742,0.0004964880001352868,2.3083826481068875e-05,2.0316665172576904,0.0004053418002513354,2.5030753465844684e-05,0.5218333005905151,9.730199999467005e-05,1.4312679913284854e-05,4.811865329742432,0.0004952591005348949,2.320300042076482e-05,8.126666069030762,0.00011455929998192005,2.405352051423071e-05,2.124584436416626,0.00015904420015431243,1.5023844877918098e-05,2.7496731281280518,0.0006899764997797319,4.6878778507058265e-05,1.1600918769836426,0.00021401129979494726,2.4554662600462042e-05,-22.577314376831055
4,1,123,cpu,4.286489966034424e-05,1.0997123969307498e-05,1.9652615785598755,0.0001453963002859382,1.567371863298754e-05,6.723849773406982,9.098809987335698e-05,1.3122832380861475e-05,1.231292724609375,0.00013525879967346555,2.9085934082614788e-05,636.67138671875,3.824249979516026e-05,1.0747892265816688e-05,3.124119520187378,9.516139944025781e-05,1.3234993062086145e-05,4.9251708984375,3.766759982681833e-05,1.0541954445598554e-05,1.2401621341705322,6.185489983181469e-05,1.0759330069915716e-05,0.8000745177268982,0.00017221919952135068,1.721339012220364e-05,0.9922459125518799,8.424940024269745e-05,2.810715011988859e-05,6.808199405670166
4,1,123,cuda,0.00010197789997619111,1.3874575540143243e-05,1.965261697769165,0.0004430096998476074,2.6581638091663344e-05,6.723849296569824,0.000486576699950092,3.588702509394764e-05,1.2312922477722168,0.000391379299799155,2.8202323352943463e-05,636.67578125,9.374309993290809e-05,1.4073016078509786e-05,3.124119520187378,0.0004891954999038717,2.790659300910904e-05,4.925168991088867,0.00010572940027486766,1.4127968034041084e-05,1.2401621341705322,0.00015004610013420462,1.3355538093330803e-05,0.800074577331543,0.0006716769001286593,2.5699555760872218e-05,0.9922460317611694,0.0002069929001663695,1.7463686039427105e-05,6.808199405670166
4,1,456,cpu,4.3087199992442037e-05,1.0981920737746226e-05,0.8777511119842529,0.00014494200022454606,1.4864864429560839e-05,14.139303207397461,9.359880004922161e-05,1.5848042165995665e-05,1.9321986436843872,0.00014632540005550255,4.2372216886708856e-05,0.4726894497871399,3.8617399513896086e-05,1.0217334009206261e-05,4.517829895019531,9.936279984685825e-05,2.0155141703491483e-05,7.728794574737549,3.695079958561109e-05,1.0021025362678725e-05,1.805602788925171,6.405559979612007e-05,1.220082117923777e-05,2.0113918781280518,0.00018166949976148317,2.2967909315665278e-05,1.1979975700378418,8.192689983843593e-05,1.5294501707686293e-05,3.802412509918213
4,1,456,cuda,0.00010071670003526378,1.603656102532364e-05,0.8777511119842529,0.00044262739993428113,3.3621673546933446e-05,14.13930606842041,0.0004428296999321901,3.314108655727742e-05,1.9321988821029663,0.0003973505001340527,2.9189688797534558e-05,0.4726893901824951,9.369929994136328e-05,1.3971236108298254e-05,4.5178303718566895,0.00044726260002789784,2.0743067320113013e-05,7.728795528411865,0.00011234140019951155,2.279711748191027e-05,1.805602788925171,0.0001511778998974478,1.4949602694769163e-05,2.0113918781280518,0.0006355307001285837,3.4446018962367614e-05,1.1979975700378418,0.00021722560013586189,2.7863221969847217e-05,3.802412509918213
4,2,42,cpu,4.405780000524828e-05,1.0407769688245792e-05,2.626648426055908,0.00017055390017048922,2.267843939441797e-05,12.09238338470459,9.843120024015662e-05,1.8145416420704058e-05,1.792789101600647,0.00013481089990818873,1.4098162242948153e-05,1.2378954887390137,3.842310034087859e-05,1.040409629897527e-05,4.3226823806762695,0.00010852000013983343,2.8829598641032397e-05,7.171156883239746,3.739809963008156e-05,1.0016244942274078e-05,1.8724384307861328,6.80507997458335e-05,1.15463861011096e-05,2.134031295776367,0.00018267159994138636,1.679498595957804e-05,1.1145107746124268,8.818100013741059e-05,2.8572561898136476e-05,-9.966825485229492
4,2,42,cuda,0.00010237410006084247,1.4118033929743505e-05,2.626648426055908,0.0003484504002699396,2.1026655298958093e-05,12.092384338378906,0.0004593371000737534,1.862431431093209e-05,1.7927892208099365,0.00036612479998439086,3.139489512953427e-05,1.2378954887390137,9.901070006890222e-05,1.6287433441644893e-05,4.322682857513428,0.0004770725001435494,3.145348826570737e-05,7.171156883239746,0.00011190899986104341,1.528353916345327e-05,1.8724384307861328,0.00015801409990672254,2.1212446155923844e-05,2.134031295776367,0.0006753675999789266,2.7778554023367792e-05,1.1145107746124268,0.00022801159975642803,1.805707114258248e-05,-9.966825485229492
4,2,123,cpu,4.674899992096471e-05,1.21713021020466e-05,0.6579294800758362,0.00020202579962642632,2.8862751286025198e-05,9.003033638000488,0.00010479829979885835,1.920720130962747e-05,1.639148473739624,0.00014191819991538068,1.4844443644009195e-05,319.53057861328125,4.093779971299227e-05,1.252371871660566e-05,3.942263126373291,0.00011135209988424321,1.6402062300958957e-05,6.556593894958496,4.188360016996739e-05,1.7735665778183658e-05,1.600193977355957,8.259230016847142e-05,2.490348298920602e-05,1.6129192113876343,0.00020809110046684509,2.6547922038245517e-05,1.0583174228668213,8.341630000359146e-05,1.4616213389088292e-05,1.6483896970748901
4,2,123,cuda,0.00012457919983717148,3.2316616720128566e-05,0.6579294800758362,0.00038878619980096116,3.2688171495017144e-05,9.003035545349121,0.0004837150998355355,2.0635133477819616e-05,1.639148473739624,0.0003670119998787413,2.4638221507716155e-05,319.53277587890625,0.00010290770005667582,1.5512448320023022e-05,3.942263126373291,0.0004827766999369487,1.878635698804548e-05,6.556593894958496,0.00012444819967640796,2.070959001358353e-05,1.600193977355957,0.0001628912999876775,1.4056813471126464e-05,1.6129190921783447,0.0006934179997188039,3.834620594475487e-05,1.0583175420761108,0.00023541049977211516,2.973797608249311e-05,1.6483896970748901
4,2,456,cpu,4.711339988716645e-05,1.1443358145717985e-05,0.8455228805541992,0.00017883760010590778,1.664664611752777e-05,10.998100280761719,0.00010511390009924071,1.609613335195233e-05,1.7120062112808228,0.00014759980003873353,2.147430605964719e-05,0.5323774814605713,4.101910017197952e-05,1.246552554388478e-05,4.016902446746826,0.00011349100004736102,1.960222518254825e-05,6.848024845123291,4.006160052085761e-05,1.3258892281773251e-05,1.594741702079773,7.191580025391885e-05,1.2851759011772683e-05,1.6834672689437866,0.00020482510026340606,2.9522210252657467e-05,1.1912693977355957,8.393269963562489e-05,1.3924597974341763e-05,4.390929222106934
4,2,456,cuda,0.00011134320011478849,1.550332243158531e-05,0.8455228805541992,0.00036422599987417925,2.3413181108436615e-05,10.998104095458984,0.00047521100004814797,1.636394745652386e-05,1.7120063304901123,0.00037638190005964136,2.619604013851456e-05,0.5323773622512817,0.00010291880007571308,1.5078061225457003e-05,4.016902923583984,0.0004957056995408493,3.104554782083403e-05,6.848025321960449,0.00011709759983205003,1.8655749883197245e-05,1.5947415828704834,0.0001802858998416923,3.915533573029572e-05,1.683467149734497,0.0006746600000042235,2.4541454781237064e-05,1.1912693977355957,0.0002272379999340046,1.8703489082078893e-05,4.390929222106934
4,4,42,cpu,4.697090043919161e-05,1.2160896113737084e-05,0.9185056686401367,0.00022095939984865254,7.383685246353722e-05,11.08632755279541,0.00011960840001847827,1.7378860560106053e-05,1.7194286584854126,0.00015247739993355934,1.7161819791095485e-05,6.438976287841797,4.102259990759194e-05,1.2982384437494619e-05,4.174843788146973,0.00012296510012674844,1.5013099806892778e-05,6.877715110778809,3.939640027965652e-05,1.1242128047318142e-05,1.7883434295654297,8.155659998010378e-05,2.104051315504326e-05,1.9428445100784302,0.0002154502000848879,2.2109435121694753e-05,1.094374418258667,8.405600037804106e-05,1.3822525007939054e-05,-1.5158122777938843
4,4,42,cuda,0.00011983349995716707,2.1245719133550842e-05,0.9185056686401367,0.00037275209979270585,2.9289472510795085e-05,11.08632755279541,0.00047623660011595346,1.89595617923747e-05,1.7194287776947021,0.00040226240016636436,0.0002849106383282584,6.4389543533325195,8.55930004036054e-05,1.3285363803625763e-05,4.174844264984131,0.0004294297004889813,1.6433160194716938e-05,6.877715110778809,9.01387000340037e-05,1.3849741885398784e-05,1.7883434295654297,0.00013285859968164003,2.6095174890712382e-05,1.9428445100784302,0.0005710718001864734,2.4616332238159374e-05,1.094374418258667,0.0001747410002280958,1.7813418565727065e-05,-1.5158123970031738
4,4,123,cpu,3.3990799784078264e-05,8.90597706921382e-06,0.3093329966068268,0.00015844139943510527,6.631842833693177e-05,9.387585639953613,8.311940055136802e-05,1.1395683658645173e-05,1.6718286275863647,0.00013598730001831427,5.7735107171081e-05,160.288330078125,2.9450299916788935e-05,8.7852170432756e-06,3.9869751930236816,8.73379000040586e-05,1.0793151688840323e-05,6.687314033508301,2.891889980674023e-05,9.505986636346314e-06,1.634047031402588,6.849249984952621e-05,3.4909117410265816e-05,1.5167365074157715,0.00016119869960675714,2.0701150584626427e-05,1.1033048629760742,6.211449981492478e-05,1.115333344341786e-05,0.44392985105514526
4,4,123,cuda,8.3906999680039e-05,1.3534103196559689e-05,0.3093329966068268,0.0003056605000892887,3.4868002790167706e-05,9.387588500976562,0.0004080557000634144,1.6847293008070223e-05,1.6718286275863647,0.0002684541997950873,2.8953399354766723e-05,160.2894287109375,7.980210048117443e-05,1.9188888469638755e-05,3.9869751930236816,0.0004374554997411906,5.2025741734310925e-05,6.687314510345459,8.844159947329899e-05,1.5667087808999503e-05,1.634047031402588,0.00011553280000953237,1.17976183301131e-05,1.5167365074157715,0.0005530578002435505,2.3963534027913335e-05,1.1033048629760742,0.00016210479971050517,1.5381949155099237e-05,0.44392985105514526
4,4,456,cpu,3.29612999848905e-05,9.586761865420785e-06,0.4760809540748596,0.00016470699993078596,7.396312470543665e-05,10.831094741821289,8.252539973909733e-05,1.0569330981067774e-05,1.7660861015319824,0.00012095570000383304,3.5289889219145515e-05,0.5971574187278748,2.9615400126203895e-05,1.206214786300128e-05,4.136204242706299,9.643439971114276e-05,2.108533984321398e-05,7.06434440612793,2.7488399973663034e-05,8.074474694135622e-06,1.6721806526184082,5.261289970803773e-05,1.000987969685181e-05,1.6179180145263672,0.0001526550999187748,1.915719945086104e-05,1.1832818984985352,5.792400024802191e-05,9.726455164120522e-06,15.474947929382324
4,4,456,cuda,8.559499965485884e-05,1.387180578253194e-05,0.4760809540748596,0.0002757336995273363,2.4446917355126638e-05,10.831099510192871,0.0004028994000691455,1.2827955597885719e-05,1.7660861015319824,0.000264602199968067,2.9836977823045807e-05,0.59715735912323,9.324710008513648e-05,3.2702224823900395e-05,4.136204719543457,0.00042363500015198954,2.7270522804355663e-05,7.06434440612793,9.091579995583743e-05,1.6498411325825773e-05,1.6721806526184082,0.0001143682000474655,1.2533585113478595e-05,1.6179181337356567,0.0005727063000449562,3.9516111582964e-05,1.1832818984985352,0.0001653894001719891,2.2949969970815507e-05,15.47494888305664
4,8,42,cpu,3.263409998908173e-05,8.61132057477628e-06,0.19376634061336517,0.00013689629995496943,1.2029122001536377e-05,9.588835716247559,9.609510016161948e-05,1.034112696381767e-05,1.5697476863861084,0.00016202470014832216,5.479425331000806e-05,6.247774600982666,2.82939001408522e-05,7.859098500182759e-06,3.790083885192871,0.00010170100013056072,1.1194968319740222e-05,6.278991222381592,3.4062300255754965e-05,1.7629555757901054e-05,1.566847801208496,5.100330035929801e-05,8.746153728707138e-06,1.4675238132476807,0.0001596728001459269,1.2672871042516635e-05,1.111841082572937,5.925299992668442e-05,1.1946296796360286e-05,44.354637145996094
4,8,42,cuda,7.929959992907243e-05,1.1741019746915232e-05,0.19376632571220398,0.00028039590015396245,3.138174836475266e-05,9.588837623596191,0.0003985065999586368,1.7940783492614727e-05,1.569747805595398,0.00027920539996557637,2.9293857125567183e-05,6.247755527496338,7.95801002823282e-05,1.8688159039058288e-05,3.7900843620300293,0.0004036158003145829,1.3371002865726002e-05,6.278991222381592,8.093399992503691e-05,1.0626276312827016e-05,1.566847801208496,0.0001180842002213467,1.8125054022169367e-05,1.4675238132476807,0.0005594561003817944,2.8951320431368923e-05,1.1118412017822266,0.0001598959997863858,1.4535928714663974e-05,44.35463333129883
4,8,123,cpu,3.2451300467073454e-05,8.12828124716448e-06,-0.5442358255386353,0.00013601590017060517,1.1565837590499537e-05,11.08377456665039,0.00010919929973169928,2.6636366771711964e-05,1.6574748754501343,0.00016703410001355222,8.206519527931753e-05,80.68963623046875,2.824160001182463e-05,8.4332366939238e-06,4.077106952667236,9.975669981940883e-05,1.0802634160848321e-05,6.629899024963379,2.7977299941994717e-05,7.988242899297956e-06,1.664620280265808,5.061139945610194e-05,9.274071695270997e-06,1.4720615148544312,0.00016858260005392367,2.9718268110305894e-05,1.0827232599258423,0.00013043900016782573,5.753253848281223e-05,-3.897325038909912
4,8,123,cuda,0.000108021200139774,1.5841057255238344e-05,-0.5442357659339905,0.00035632529979920944,2.468891901155152e-05,11.08377456665039,0.00048514240006625187,3.9620073859615496e-05,1.6574749946594238,0.000368489100219449,3.0194190093007696e-05,80.690185546875,0.00010922080036834814,2.0787040740478827e-05,4.077106952667236,0.0004852029998801299,2.4802589464799682e-05,6.629899978637695,0.0001153062001321814,1.642638179647327e-05,1.664620280265808,0.0001678195001659333,2.0836118671740334e-05,1.4720615148544312,0.0006858044003820396,2.390362062601548e-05,1.0827233791351318,0.00024007499978324632,2.589298739493901e-05,-3.897325038909912
4,8,456,cpu,4.981460006092675e-05,1.2127237770917541e-05,0.20296359062194824,0.000297435799438972,5.996777051826102e-05,10.326859474182129,0.00016065700037870556,4.033605800183009e-05,1.7196515798568726,0.00021735270020144525,4.0852134314662814e-05,0.7060063481330872,4.394650022732094e-05,1.2336594836852233e-05,4.030358791351318,0.00016189440048037796,1.807718824455681e-05,6.878605842590332,4.2364000000816306e-05,1.183377477431161e-05,1.623009204864502,7.770510001137154e-05,1.4875625740286308e-05,1.5148499011993408,0.00025778789986361514,3.054715981325116e-05,1.1719022989273071,9.015639952849596e-05,1.4398745928300649e-05,6.065676689147949
4,8,456,cuda,0.00011653300007310463,1.6916139950426202e-05,0.20296359062194824,0.0003947606999645359,5.215101921986746e-05,10.326864242553711,0.0004977328000677517,2.731890374517498e-05,1.719651460647583,0.0004138745998716331,4.75325358517692e-05,0.7060061693191528,0.0001229164003234473,4.127632775605667e-05,4.030359268188477,0.0005173175000891206,4.100309004697232e-05,6.878605842590332,0.00012693369990302017,2.1390932314433043e-05,1.6230093240737915,0.00018099929966410854,1.4097306657241196e-05,1.5148499011993408,0.0007353275997957099,4.321070351102896e-05,1.1719022989273071,0.0002623067000968149,4.401325233721581e-05,6.065677165985107
4,16,42,cpu,5.9362699539633466e-05,2.161670372948278e-05,0.07437141239643097,0.000271033000171883,5.171671374907214e-05,9.652673721313477,0.00021260399971652079,2.371807193215622e-05,1.6355489492416382,0.0002806572998451884,4.551260857321471e-05,6.406546592712402,4.511050010478357e-05,1.3189223598809605e-05,3.911553382873535,0.00021942910007055616,2.2121812558934828e-05,6.542196273803711,4.425249971973244e-05,1.2444784918380682e-05,1.611092448234558,8.003330040082802e-05,1.3816907794190008e-05,1.477857232093811,0.0003130645003693644,3.4663651587631876e-05,1.1207700967788696,0.00010359959978814003,3.0250670159606015e-05,21.346662521362305
4,16,42,cuda,0.00011677820002660155,1.709096867911035e-05,0.07437143474817276,0.00039492199994128896,2.7398982821292874e-05,9.65267562866211,0.0005194420997213456,4.794177669126185e-05,1.6355490684509277,0.0004062821997649735,5.4705171708037754e-05,6.406519412994385,0.00011268470007053111,1.656552828021563e-05,3.911553144454956,0.0005099678999613388,3.546183799792333e-05,6.542196273803711,0.00013689939969481203,3.304955436252294e-05,1.611092448234558,0.00019044590007979422,3.125593799059187e-05,1.4778571128845215,0.0007330831002036575,4.564351741730042e-05,1.12076997756958,0.00025776900019991444,2.7490237694250305e-05,21.346660614013672
4,16,123,cpu,5.204680001043016e-05,1.3443699379396173e-05,-0.15343308448791504,0.00028317840005911423,6.004084866515757e-05,10.389776229858398,0.0002079758000036236,1.762370388554966e-05,1.6379507780075073,0.00027513980003277536,2.8758869688320147e-05,40.656532287597656,4.372909970697947e-05,1.2399706862016884e-05,3.9419174194335938,0.00022185749985510484,3.0300529795310007e-05,6.551802635192871,4.339420029282337e-05,1.2150784240312648e-05,1.6023318767547607,8.033379999687895e-05,1.3554806633198512e-05,1.4848010540008545,0.0003453222998359706,7.047790308559769e-05,1.131844162940979,9.290929956478067e-05,1.489144013670657e-05,-3.4289708137512207
4,16,123,cuda,0.00013009919966862072,2.3313051721499017e-05,-0.15343305468559265,0.00039546869993500877,3.940404219541348e-05,10.389776229858398,0.0004983410997738246,2.1126244802117322e-05,1.6379507780075073,0.0004121132000364014,3.145382728232788e-05,40.656803131103516,0.00011851620001834817,3.7654493404902014e-05,3.9419169425964355,0.0005133116006618366,4.3099120981501315e-05,6.551803112030029,0.0001387742004226311,3.9766040781615645e-05,1.6023318767547607,0.00019704119986272418,2.978662972325158e-05,1.484800934791565,0.0007188873998529744,2.5575301241798374e-05,1.131844162940979,0.0002491276001819642,2.8609346699904788e-05,-3.4289708137512207
4,16,456,cpu,5.081440012872917e-05,1.2406335430778742e-05,0.08506089448928833,0.0002689744002054795,7.434461179875642e-05,10.002776145935059,0.0002091274996928405,3.528249582433205e-05,1.6418836116790771,0.0002799612000671914,3.851748700344322e-05,1.6649653911590576,4.3213799835939425e-05,1.1647195260314364e-05,3.91729736328125,0.0002098492999721202,2.1329819610187887e-05,6.56753396987915,4.204910001135431e-05,1.1748166798264855e-05,1.5785102844238281,8.009230041352566e-05,1.4239424871228515e-05,1.4868459701538086,0.00030063899994274833,2.1492765942020587e-05,1.1385740041732788,9.182929989037802e-05,1.769199642512494e-05,-1.611382246017456
4,16,456,cuda,0.0001113923000957584,1.5047517477739809e-05,0.0850609615445137,0.0003750616999241174,2.8488897132212058e-05,10.002779006958008,0.0004824412002562894,2.640036680901931e-05,1.641883373260498,0.0003824129000349785,2.9302105528322163e-05,1.6649653911590576,0.00010204299996985355,1.5178367298974914e-05,3.917297601699829,0.00048309020039596364,2.5859537123943122e-05,6.56753396987915,0.00011564659998839489,1.4991429351659363e-05,1.5785104036331177,0.00016017159978218843,1.4823435952728776e-05,1.4868459701538086,0.0006911272999786888,4.1223655791008785e-05,1.1385738849639893,0.0002308360000824905,2.5965144048611777e-05,-1.6113827228546143
4,32,42,cpu,5.0435700359230395e-05,1.2547909962974416e-05,0.15527454018592834,0.0003003154999532853,4.899495878269334e-05,9.261747360229492,0.0003111709000222618,2.558280230949671e-05,1.6073728799819946,0.0003519767004036112,3.285772774620246e-05,4.571486473083496,4.269050023140153e-05,1.1424424676574467e-05,3.8328869342803955,0.0003212985002392088,2.1577157831403038e-05,6.4294915199279785,4.266160012775799e-05,1.3264955682156596e-05,1.5621289014816284,7.611110031575663e-05,1.133956977270831e-05,1.365927815437317,0.00042024819977086735,5.139038909429423e-05,1.1310969591140747,9.837609977694228e-05,2.0232500767901726e-05,7.530608177185059
4,32,42,cuda,0.00010849659993255046,1.515352267270137e-05,0.15527455508708954,0.0003652536996014533,1.92360607915305e-05,9.261749267578125,0.0004764525003338349,2.23488482813076e-05,1.6073729991912842,0.0003802822999205091,3.401373764672939e-05,4.57147216796875,0.0001090908002879587,2.4576382941685333e-05,3.8328866958618164,0.0004949180003677612,2.905840351064597e-05,6.429491996765137,0.00011538780017872341,1.534225163488798e-05,1.5621287822723389,0.00017013389988278503,2.423516191941478e-05,1.3659279346466064,0.000682487100129947,2.789117483215597e-05,1.1310970783233643,0.0002326731004359317,2.5639966981802166e-05,7.530608177185059
4,32,123,cpu,4.902199998468859e-05,1.1110904598399607e-05,0.3560527265071869,0.0003080664999288274,6.140701652098048e-05,9.812094688415527,0.0003071708997595124,1.7702272270054468e-05,1.6689625978469849,0.00034681289998843566,3.698855579468271e-05,20.890859603881836,4.289189982955577e-05,1.1210228440334563e-05,3.9313430786132812,0.0003306032000182313,2.477271714921725e-05,6.6758503913879395,4.2677400051616134e-05,1.2928037911854868e-05,1.5821876525878906,0.00010695679939090041,4.422542779463744e-05,1.5720282793045044,0.00042874449954979357,3.3363617230881666e-05,1.1614601612091064,0.00010167420023208252,2.834677925938656e-05,-0.785682201385498
4,32,123,cuda,0.00011262819989497075,1.7297772493334898e-05,0.3560527563095093,0.00037510650017793525,3.1440869425829606e-05,9.812095642089844,0.0004950555998220807,5.180374762859429e-05,1.6689627170562744,0.0003828202001386671,3.234624293034016e-05,20.890995025634766,0.00010966830013785512,2.9682587249298734e-05,3.931342840194702,0.0004925840999931097,2.6093542185210003e-05,6.675850868225098,0.00011766969964810414,1.6521514100679626e-05,1.5821874141693115,0.0001690525001322385,2.2334296131581455e-05,1.572028398513794,0.0007247292000101879,8.695162923185153e-05,1.1614601612091064,0.00023822620023565831,3.129826481913396e-05,-0.7856823205947876
4,32,456,cpu,4.880299984506564e-05,1.1614254608663226e-05,0.26418155431747437,0.00030011450035090094,4.04759410192186e-05,10.180232048034668,0.0003251454001656384,3.2642152298230434e-05,1.62158203125,0.00035704219953913707,4.3909911971816894e-05,1.6777098178863525,4.363119987829123e-05,1.313545388639087e-05,3.8977599143981934,0.00032982689990603833,2.6801708807406462e-05,6.486328601837158,4.510240014496958e-05,1.2901552951010162e-05,1.5518581867218018,9.351410008093808e-05,3.068338153534823e-05,1.4500133991241455,0.00042527180048637094,3.6799087550789777e-05,1.1327400207519531,9.401930001331493e-05,2.073445344336581e-05,-4.3137593269348145
4,32,456,cuda,0.00011857269983011065,2.4758339783125002e-05,0.26418158411979675,0.0003727597000761307,2.7742740186291734e-05,10.180234909057617,0.0004938698999467306,3.873521196255129e-05,1.6215821504592896,0.00041969990033976503,8.120087146256926e-05,1.6777098178863525,0.00010481050012458581,1.6454452947272793e-05,3.8977599143981934,0.0004977170001438935,3.0915933618998054e-05,6.486328601837158,0.00012395290032145566,2.643610698240508e-05,1.5518583059310913,0.0001635644000998582,1.7279237538238765e-05,1.450013279914856,0.0007134072002372704,8.189050732881145e-05,1.1327400207519531,0.0002327407997654518,2.2154447200222578e-05,-4.3137593269348145
4,64,42,cpu,5.828469948028214e-05,3.249266793959626e-05,0.07613395899534225,0.00041525160031596897,4.9975596952319304e-05,9.96043586730957,0.0005480578003698611,2.5497799089960536e-05,1.6678779125213623,0.0005051037995144724,4.030127337760426e-05,3.019008159637451,4.708779997599777e-05,1.3548113584401031e-05,3.9539589881896973,0.0005597499995928957,3.5204835565841286e-05,6.671511650085449,4.5112500083632766e-05,1.2893145711958177e-05,1.6044955253601074,8.71661000928725e-05,2.4958631356814625e-05,1.498945951461792,0.00066223239973624,4.342846549782451e-05,1.1463724374771118,0.00010382499986008042,3.3493595533108544e-05,19.994976043701172
4,64,42,cuda,0.0001133255002059741,1.781715321140989e-05,0.07613395154476166,0.00040400099987891736,4.8324453630679935e-05,9.960437774658203,0.0005417022002802696,3.0000794392721096e-05,1.6678780317306519,0.0003701673997056787,2.326314490031661e-05,3.01900053024292,0.00010541799983911914,1.78776214529786e-05,3.9539589881896973,0.0005524217995116487,5.2745131505704076e-05,6.671512126922607,0.00017143740005849396,3.437895927528472e-05,1.6044955253601074,0.0002602228998512146,3.332933331465281e-05,1.498945951461792,0.0007583132999570807,5.709475798135394e-05,1.1463723182678223,0.00023265669988177252,2.0008267209785557e-05,19.994976043701172
4,64,123,cpu,5.082580009911908e-05,1.205430979740453e-05,0.21914012730121613,0.00043131639995408477,8.80824026018865e-05,9.880390167236328,0.0005476414002259844,5.087610199647877e-05,1.6416499614715576,0.0006659848999333917,0.0002611109473820567,11.756629943847656,4.944590000377502e-05,1.468485415112357e-05,3.898996591567993,0.0005585524999332847,4.405385895627694e-05,6.566600799560547,4.378300000098534e-05,1.1452701715604607e-05,1.562684416770935,8.502700002281927e-05,1.4517108207574056e-05,1.5261772871017456,0.0006630788002439658,3.934560312336878e-05,1.150091290473938,9.907279982144246e-05,1.6788036713969815e-05,0.9222991466522217
4,64,123,cuda,0.00010842400024557719,1.676506127518277e-05,0.21914014220237732,0.0003711874998771236,3.3927269026791196e-05,9.880390167236328,0.0005303025000102934,2.4483679379190453e-05,1.6416500806808472,0.00038704340004187544,4.616828241630007e-05,11.756704330444336,0.00011303960000077495,2.827902262431271e-05,3.898996591567993,0.0005470558000524762,3.235976459829609e-05,6.566600322723389,0.000115486299728218,1.6168329088028816e-05,1.562684416770935,0.0001632699999390752,3.266723672190164e-05,1.5261772871017456,0.0007324739000978298,2.5848222381917694e-05,1.1500914096832275,0.00022662720020889538,2.2734252252055764e-05,0.9222991466522217
4,64,456,cpu,4.96122002004995e-05,1.1713617592792505e-05,0.29473766684532166,0.0004421911002282286,0.00012833826784833515,9.950920104980469,0.0005312878998665838,4.153682549548861e-05,1.61162269115448,0.0005251333997875918,8.289793938939512e-05,1.535765290260315,4.39772999015986e-05,1.0563122757355938e-05,3.8519840240478516,0.0005373627003791625,2.619894336066576e-05,6.446491241455078,4.942920004396001e-05,1.9750319551626095e-05,1.548555612564087,7.868730026530101e-05,1.1396879419953874e-05,1.401033878326416,0.0006304549997366848,2.599540195235525e-05,1.1381852626800537,9.46840998949483e-05,1.240421506784773e-05,1.6852651834487915
4,64,456,cuda,0.00011725520034815418,2.2869285966268017e-05,0.29473769664764404,0.0003607400003602379,2.460758058329765e-05,9.950921058654785,0.000513550300092902,2.1835802016363685e-05,1.61162269115448,0.00039361029994324783,5.8064520193548696e-05,1.5357656478881836,9.871130005194573e-05,1.4951638222961228e-05,3.8519840240478516,0.0005162555997230811,2.228101556669479e-05,6.44649076461792,0.00011805989997810684,2.1997099998924878e-05,1.548555612564087,0.00015355549985542893,1.3930415506031973e-05,1.401033639907837,0.0007228078999105492,4.3501443811518754e-05,1.1381852626800537,0.00022552129994437564,1.9806755988497528e-05,1.685265064239502
4,128,42,cpu,5.857109990756726e-05,1.958410653547846e-05,-0.14299088716506958,0.0006751284003257751,6.316409041807333e-05,9.873601913452148,0.0010736185000496334,0.0001765029944456376,1.6386688947677612,0.0008931578999181511,6.327882475437581e-05,2.3056602478027344,4.842460020881845e-05,1.613595256911181e-05,3.8907413482666016,0.0010116346997165238,2.4446182037320692e-05,6.554675579071045,4.837319975194987e-05,1.4983381730084005e-05,1.581371784210205,9.04897999134846e-05,1.3654582118588547e-05,1.4716306924819946,0.0011481751997052924,5.253327799906165e-05,1.151328206062317,0.0001174131000880152,1.7710237468546673e-05,21.424470901489258
4,128,42,cuda,0.00014389539992407663,5.352827617329092e-05,-0.14299090206623077,0.0004267474001608207,4.576582725157336e-05,9.873603820800781,0.0007193863000793499,5.394983712542027e-05,1.6386690139770508,0.0004198738997729379,3.10602386860631e-05,2.305657148361206,0.0001301630003581522,2.1242571404575407e-05,3.8907413482666016,0.0007145077004679478,3.1424960146370006e-05,6.554676055908203,0.00013122420004947345,2.0625077642824902e-05,1.5813720226287842,0.00019458490023680498,2.6364071763095768e-05,1.471630573272705,0.0009555154994814075,3.710100051989707e-05,1.1513283252716064,0.000264197599972249,2.531497025298352e-05,21.424470901489258
4,128,123,cpu,5.639570008497685e-05,1.5592200842070052e-05,0.08675746619701385,0.000756569499935722,0.0001631602067893394,9.986629486083984,0.001089870300347684,4.9982590633107e-05,1.6502214670181274,0.0010598022001431673,5.78731966347541e-05,6.867288112640381,5.054380017099902e-05,1.4622569444774292e-05,3.9322640895843506,0.0011033143002350699,6.089466737993442e-05,6.60088586807251,5.4229800298344344e-05,1.7948432998937447e-05,1.5802046060562134,9.784040012164041e-05,1.8786999940104547e-05,1.5579006671905518,0.0012520122998466831,6.811280475299631e-05,1.14093017578125,0.0001678391998211737,6.428264308680761e-05,0.616318941116333
4,128,123,cuda,0.00015502349997404964,4.891402578619539e-05,0.08675748109817505,0.0005329218998667784,7.938325702621416e-05,9.986631393432617,0.0007835234000594937,0.00013713934522885157,1.650221586227417,0.00040968610028357944,3.469591802545356e-05,6.8673248291015625,0.0001224661999003729,2.182957225456071e-05,3.9322640895843506,0.0006865184996058815,2.7985614473937408e-05,6.600886344909668,0.00012628280001081293,1.9209776803214864e-05,1.580204725265503,0.00018970040018757573,3.781552487351677e-05,1.5579005479812622,0.0009252144003767171,4.3593948420572927e-05,1.14093017578125,0.00024994609975692583,2.256027260514796e-05,0.6163194179534912
4,128,456,cpu,5.49786003830377e-05,1.2848277420860242e-05,-0.02547384798526764,0.0007818868998583639,0.00022125645487663508,10.18272876739502,0.0010315742998500354,0.00010397961947597976,1.6660232543945312,0.0010644122003213852,0.00025782448497664535,1.7973483800888062,4.865099981543608e-05,1.4219459299518752e-05,3.9567720890045166,0.0010179635997701552,8.646187737586388e-05,6.664092540740967,4.5364300058281513e-05,1.171923553173344e-05,1.5994172096252441,9.425129974260926e-05,1.9149422625695012e-05,1.5298998355865479,0.0011283667001407594,0.00010040741041209228,1.1462055444717407,0.0001048040998284705,1.4041837849036947e-05,8.95598316192627
4,128,456,cuda,0.00011236999998800456,1.673492814216091e-05,-0.025473840534687042,0.0004010783000921947,4.5572787642371365e-05,10.182729721069336,0.0006806491992392694,3.416113022073993e-05,1.6660231351852417,0.000390800999593921,3.106604082895822e-05,1.7973484992980957,0.00011426149994804291,2.066676995199848e-05,3.9567723274230957,0.0006910415999300312,2.43569757023339e-05,6.664092540740967,0.0001404802000251948,2.8528525947744085e-05,1.5994172096252441,0.00017859710005723172,1.9182366277751842e-05,1.5298998355865479,0.0010812467000505422,0.00022914621968828135,1.1462055444717407,0.00024541249986214097,3.877543343391896e-05,8.95598316192627
4,256,42,cpu,6.0505300280055965e-05,1.4205908195440885e-05,-0.031646743416786194,0.0010653057997842552,6.163080725381943e-05,10.087925910949707,0.0018739386001470847,4.3119566587893124e-05,1.6532691717147827,0.0016623370998786412,4.740974208113639e-05,2.906813144683838,5.538609984796494e-05,1.286155738469567e-05,3.929793357849121,0.0018622828996740282,2.8956534389880727e-05,6.613076686859131,5.076380002719816e-05,1.1833346102019132e-05,1.5952986478805542,0.00010990190003212774,1.9940199577327147e-05,1.5141711235046387,0.0020006243994430406,4.084481090811658e-05,1.1506969928741455,0.00012707610003417357,1.4905501181272046e-05,9.938309669494629
4,256,42,cuda,0.00011750350004149367,1.6939545617479567e-05,-0.0316467359662056,0.0003944328003854025,3.636946043376547e-05,10.087926864624023,0.0008885752999049146,2.993722329240589e-05,1.6532692909240723,0.0003916324996680487,3.156418962825956e-05,2.9067795276641846,0.0001083510993339587,1.5015981550590673e-05,3.9297938346862793,0.0008916370003134944,2.4478903738915766e-05,6.613076686859131,0.00012015980046271579,1.6247699798539916e-05,1.5952987670898438,0.00017960300010599894,2.2316831117878127e-05,1.5141711235046387,0.001128486699963105,4.5021138951402496e-05,1.1506969928741455,0.0002503806003005593,2.4609856031766252e-05,9.938308715820312
4,256,123,cpu,5.870139993930934e-05,1.3027434898555628e-05,0.13727551698684692,0.0010558792004303542,0.00010561545819747882,10.175528526306152,0.0018616912002471508,2.577878365705724e-05,1.6624809503555298,0.0016583956003159983,5.959153056128701e-05,4.467718124389648,5.2548799794749355e-05,1.18789584434688e-05,3.966395139694214,0.0018595088000438408,2.8649933086569405e-05,6.649923801422119,4.992640024283901e-05,1.1474593887327181e-05,1.5946247577667236,9.932699940691236e-05,1.2655012584688085e-05,1.5801904201507568,0.0019866631997501826,3.391949402737732e-05,1.1378024816513062,0.0001992056000744924,4.494840837999089e-05,-36.314884185791016
4,256,123,cuda,0.0001269861995751853,2.4037870972373495e-05,0.13727551698684692,0.0004080697000972577,3.104522891846018e-05,10.175529479980469,0.00093318810013443,4.583859724059963e-05,1.6624810695648193,0.0005099483001686167,0.00016586997769942513,4.467737197875977,8.577360022172797e-05,1.3430482181379971e-05,3.966395139694214,0.0008387964002395165,2.2508950306703973e-05,6.649924278259277,9.152519996860064e-05,1.3514164117539323e-05,1.5946247577667236,0.0001338877997113741,1.8213665976118853e-05,1.5801904201507568,0.0009910397999192354,3.37951104718133e-05,1.1378023624420166,0.00016884779997781152,1.5840573382327015e-05,-36.31488037109375
4,256,456,cpu,4.032120014016982e-05,8.79297757959306e-06,-0.12488524615764618,0.0007209561998024582,7.597122592714766e-05,10.325135231018066,0.00122763710005529,2.438941541861095e-05,1.6669609546661377,0.0016860403999089612,0.0001941175710150499,1.9276690483093262,4.243380008119857e-05,1.365793387166218e-05,3.97029972076416,0.0012354985996353208,2.8016886755266852e-05,6.667844295501709,3.5350100188225045e-05,8.465642180948986e-06,1.6121188402175903,9.289569989050506e-05,1.6064532525709687e-05,1.5913256406784058,0.0013170316999094212,2.366362461485811e-05,1.1421010494232178,8.538240017514908e-05,9.724998448169136e-06,6.892454624176025
4,256,456,cuda,8.277519991679582e-05,1.0585461171993896e-05,-0.12488526105880737,0.0002912277999712387,1.3224340077869949e-05,10.3251371383667,0.0008197031998861348,1.6359974938308237e-05,1.6669611930847168,0.0002721831004237174,2.0477376599202243e-05,1.9276713132858276,7.665810007893015e-05,1.0660435304875636e-05,3.97029972076416,0.0008167128997229156,1.1637863348534767e-05,6.667844295501709,8.691069997439627e-05,1.1481967978976153e-05,1.6121187210083008,0.00011969790029979777,1.1412352420995771e-05,1.5913256406784058,0.0009762778001459083,1.929431887912323e-05,1.1421010494232178,0.00016530529992451193,1.371125743314077e-05,6.892455101013184
4,512,42,cpu,5.005500024708453e-05,1.5631232541971088e-05,0.014394685626029968,0.001269053900068684,4.353608384086969e-05,10.137901306152344,0.002409027399517072,2.4048294210469353e-05,1.6566494703292847,0.0026100620998477098,5.5523021330721074e-05,2.811849355697632,4.2039800064230803e-05,8.766836060095447e-06,3.942659616470337,0.0024094187005175628,2.5915059122611332e-05,6.6265974044799805,3.980989986303029e-05,8.8907639473374e-06,1.6033391952514648,9.830850030994043e-05,1.0675501772484547e-05,1.5490583181381226,0.0025147313997877065,2.775034638735214e-05,1.1472300291061401,0.00010841760031325976,1.0074067872002234e-05,18.13170051574707
4,512,42,cuda,8.176609971997096e-05,1.0748743031671856e-05,0.014394689351320267,0.0003202788000635337,1.7285375376383665e-05,10.137903213500977,0.0012519457999587758,2.3789831049239792e-05,1.6566494703292847,0.00027423479987191967,2.9590907254016007e-05,2.811835289001465,8.076420017459896e-05,1.5167554521949133e-05,3.942659378051758,0.0012598178000189364,1.5519015426074895e-05,6.626597881317139,9.000680001918227e-05,1.996402204856845e-05,1.6033390760421753,0.00011860160011565313,1.0680115139631603e-05,1.549058198928833,0.0014435789002163802,6.261903320959434e-05,1.1472301483154297,0.00017330409991700435,2.2036274095014196e-05,18.131698608398438
4,512,123,cpu,4.7935699876688885e-05,9.867680940131413e-06,0.07186673581600189,0.0012843078000514651,5.056174942406765e-05,10.141029357910156,0.002433576300063578,0.00010362808942548207,1.6544721126556396,0.002500114299800771,0.0002801958135821749,3.8122758865356445,3.560249988368014e-05,7.777614568362609e-06,3.956432819366455,0.001973960299983446,3.825324495019519e-05,6.617888927459717,3.53269002516754e-05,7.520314668385892e-06,1.5944923162460327,9.787430008145748e-05,1.7162368582203674e-05,1.5509891510009766,0.0020901533998767263,0.00012350798918570944,1.1350241899490356,9.048569991136901e-05,9.449652574649412e-06,-20.364038467407227
4,512,123,cuda,6.961470025999006e-05,1.2252241851985816e-05,0.07186675071716309,0.0002930484004536993,2.5305312996675557e-05,10.141029357910156,0.0012324744002398802,2.4795768243936537e-05,1.6544723510742188,0.00022576770006708103,1.3831592333005733e-05,3.8123607635498047,7.646990015928168e-05,2.836159263659109e-05,3.956432819366455,0.0012329161998422932,2.0218873866931852e-05,6.617889404296875,7.53289001295343e-05,1.0229826119341853e-05,1.5944921970367432,0.00010105689962074394,9.384584180045174e-06,1.550989031791687,0.001386737900065782,5.7077640067287986e-05,1.1350241899490356,0.00014676999981020345,2.4666160679461897e-05,-20.364038467407227
4,512,456,cpu,3.6982900201110167e-05,6.882386629360759e-06,-0.018065612763166428,0.0015917267999611795,4.767906445969525e-05,10.292278289794922,0.003047551300187479,4.1064400784439014e-05,1.67052161693573,0.002788719999807654,0.00011502880491265526,1.990523099899292,5.741619988839375e-05,1.0666302536864556e-05,3.980151891708374,0.003578607099916553,4.437080981497898e-05,6.682085990905762,5.59307000003173e-05,1.0909145764710622e-05,1.6119134426116943,0.00012430219994712387,2.851552209089802e-05,1.579540491104126,0.0037490015998628222,3.568891492341026e-05,1.141821265220642,0.00016717720027372706,2.6062246683635957e-05,6.032062530517578
4,512,456,cuda,0.0001203095000164467,2.275720125192122e-05,-0.018065623939037323,0.0004233381003359682,2.6906670458180395e-05,10.292280197143555,0.0013362432002395508,2.9773904312803827e-05,1.6705217361450195,0.0004095408003195189,3.6959751413759654e-05,1.9905235767364502,0.0001130361000832636,1.7119722662406292e-05,3.980151891708374,0.0013565933000791119,2.315797654184284e-05,6.682086944580078,0.00012802560013369657,1.8511834383391514e-05,1.6119134426116943,0.0001857583005403285,2.5772515101434613e-05,1.579540491104126,0.0015812480996828526,3.8117574263334295e-05,1.1418213844299316,0.0002588412004115526,2.845298726240918e-05,6.0320634841918945
4,1024,42,cpu,8.362199987459462e-05,1.2869324920112717e-05,0.09278992563486099,0.003712825899856398,0.00032502734459534285,10.205828666687012,0.007140243999674567,0.000306356692927278,1.6589338779449463,0.006192901100075687,6.68060667367323e-05,3.2567076683044434,7.962200015754206e-05,1.3153996199480513e-05,3.9559543132781982,0.0071204250003575,3.737537981972283e-05,6.635735034942627,8.186580034816871e-05,1.418559571640472e-05,1.606209635734558,0.00020100999990972922,4.435531630144201e-05,1.5493648052215576,0.007678053099880344,0.00018178136837252224,1.1435418128967285,0.0002499686997907702,3.6210744012664555e-05,41.29993438720703
4,1024,42,cuda,0.00013622140013467288,2.7968605974704786e-05,0.09278993308544159,0.0006539276999319554,0.00010444815203928553,10.205829620361328,0.002261945199825277,2.927336698378543e-05,1.6589337587356567,0.00040433559988741765,3.097848933411272e-05,3.256927490234375,0.00012013299965474289,2.9309771579450424e-05,3.9559545516967773,0.002268327699675865,2.5739394046886692e-05,6.635735034942627,0.00013641110017488246,2.8553954291995675e-05,1.6062095165252686,0.00018003550030698534,1.6863507002427357e-05,1.5493648052215576,0.0024986712998725123,2.8080142845251387e-05,1.1435418128967285,0.0002577537998149637,2.7369420046597882e-05,41.2999382019043
4,1024,123,cpu,8.376010009669699e-05,1.2550224964374937e-05,0.08226320892572403,0.0035283487002743643,3.485008001694881e-05,10.138023376464844,0.007268319700233406,0.0001573120756184791,1.651141881942749,0.006791384000098333,0.00024334113749443617,3.1739258766174316,8.112769974104595e-05,1.3241810132405422e-05,3.9476776123046875,0.007037207600296825,0.00012974738465198785,6.604567527770996,8.716510001249844e-05,2.0176233870433132e-05,1.5937614440917969,0.0001756906996888574,1.8225945755680912e-05,1.5476073026657104,0.007632445999661286,0.0003624263407429481,1.13564932346344,0.00024054799978330267,2.6634844347784835e-05,-12.633532524108887
4,1024,123,cuda,0.00013053940056124703,2.475688184507239e-05,0.08226319402456284,0.000474635999671591,2.099663712153213e-05,10.138025283813477,0.002239801600262581,2.7614405710880666e-05,1.651141881942749,0.0004024647994810948,3.6028404138462185e-05,3.17396879196167,0.00012403009950503474,3.790976230000619e-05,3.9476773738861084,0.002260553300220636,2.2605786880192754e-05,6.604567527770996,0.00013459389992931392,2.343320689941354e-05,1.5937613248825073,0.000182039699939196,2.3758383871877412e-05,1.5476073026657104,0.0024580030996730782,7.630690895119714e-05,1.13564932346344,0.00024263650011562276,2.2067311545454942e-05,-12.633532524108887
4,1024,456,cpu,8.443140031886288e-05,1.3432849813767782e-05,0.01983904466032982,0.003664758899867593,8.184298111354549e-05,10.06489086151123,0.0070498639002835265,5.466413986943121e-05,1.6389127969741821,0.006417341899941675,0.0001704938827701209,2.51192569732666,8.058690000325441e-05,1.280457432157771e-05,3.9180686473846436,0.007288536599662621,0.00027393267723774197,6.5556511878967285,8.769240012043155e-05,2.1287873395334247e-05,1.587311863899231,0.00017551760029164143,1.4629613466000716e-05,1.5371179580688477,0.007560064699646318,0.00017426427061390055,1.1365413665771484,0.0002402509997409652,2.590331290118213e-05,3.5501768589019775
4,1024,456,cuda,0.00012328669945418368,1.7432968441228488e-05,0.01983904093503952,0.00047720769962324996,2.8769355298068532e-05,10.064891815185547,0.002073089199984679,3.098365163483952e-05,1.6389127969741821,0.00045253819971549094,6.966573921201685e-05,2.5118978023529053,0.00012150570019002771,2.4588084821643398e-05,3.9180688858032227,0.0020747614000356405,3.551083552097326e-05,6.55565071105957,0.00012750809983117506,1.8036082595215367e-05,1.587311863899231,0.00019805089959845645,4.086193680356033e-05,1.5371179580688477,0.002408916500098712,0.00021631723770145894,1.1365413665771484,0.0002582925999377039,3.094751076177103e-05,3.550177812576294
8,1,42,cpu,5.170080003153998e-05,1.7455512799322755e-05,7.424185752868652,0.00021424490005301778,2.051429188193023e-05,28.91248893737793,0.00012065680020896252,1.6138050790513194e-05,2.4154279232025146,0.00017238209984498097,4.0728101327099374e-05,4.137474060058594,5.304649985191645e-05,2.3612798697301442e-05,8.397525787353516,0.00013324170013220282,2.1322138668221125e-05,19.323423385620117,4.394369989313418e-05,1.2618588077954567e-05,1.7883434295654297,8.631480050098616e-05,1.5595923926650314e-05,2.5364513397216797,0.00023682920036662835,4.782700075658392e-05,1.7808893918991089,8.926360005716561e-05,1.4345657139997439e-05,244.91859436035156
8,1,42,cuda,0.0001198208001369494,1.6783588773013384e-05,7.424185752868652,0.0005217352001636755,3.508174035946168e-05,28.912487030029297,0.0005927558997427696,5.2594352059956354e-05,2.415426731109619,0.0005328933999408037,0.00012833647534202982,4.137470245361328,0.00011274539992882638,1.661779514407402e-05,8.397525787353516,0.0005984379997244105,3.914162098351353e-05,19.323413848876953,0.00013102019984216894,2.340121951232847e-05,1.7883434295654297,0.00018620759965415346,2.6536450133337676e-05,2.5364513397216797,0.0008099158001641626,4.542238470581845e-05,1.7808895111083984,0.00024870119959814475,2.0474208367697693e-05,244.91859436035156
8,1,123,cpu,4.908689988951665e-05,1.3276748260507449e-05,-1.3715755939483643,0.0002232673001344665,3.482045651891117e-05,21.049144744873047,0.00011936840037378716,1.7326030620855874e-05,2.501647472381592,0.00015026590026536723,1.7594550086071696e-05,0.40243786573410034,4.4299600085651035e-05,1.3220633454216458e-05,8.068897247314453,0.00012808780011255294,1.939747273092614e-05,20.013179779052734,4.3165799797861834e-05,1.2219994955405197e-05,1.634047031402588,8.364339973923051e-05,1.5516519021887116e-05,2.284444570541382,0.00022426179984904592,2.7723673765110387e-05,1.8967403173446655,0.00010491100001672749,3.068601082741974e-05,-8.583847045898438
8,1,123,cuda,0.00012085719954484375,1.823342052315852e-05,-1.3715755939483643,0.0005420000999947661,3.9768346139740625e-05,21.04914665222168,0.0005708905002393295,3.365731150802124e-05,2.50164794921875,0.0004841706000661361,3.7857532081925415e-05,0.4024377465248108,0.0001315178000368178,4.0414945130805775e-05,8.068897247314453,0.0005771187999926042,3.761114381772397e-05,20.01318359375,0.00013840240007993997,2.816358229937076e-05,1.634047031402588,0.0001858478000940522,2.436085768817126e-05,2.284444570541382,0.0008108862000881345,5.456206800450892e-05,1.896740436553955,0.0002681536005184171,3.680435847493369e-05,-8.583847045898438
8,1,456,cpu,4.8113199954968874e-05,1.309255501511531e-05,1.6186579465866089,0.00020699820033769355,2.0425566566386097e-05,28.597890853881836,0.00012801079992641462,2.5455896881727793e-05,2.4808881282806396,0.0001545929000712931,1.947783442881443e-05,0.29171672463417053,4.461799981072545e-05,1.3045246917166903e-05,8.309494018554688,0.00012406160039972746,1.5517880433712255e-05,19.847105026245117,4.30143998528365e-05,1.226779999762486e-05,1.6721806526184082,8.390620041609509e-05,1.4311325019345217e-05,2.525892496109009,0.00022017880000930746,2.8728426291173202e-05,1.8645496368408203,9.971640010917327e-05,2.6098544657540535e-05,14.297405242919922
8,1,456,cuda,0.00012002390030829702,1.6414847548945274e-05,1.6186579465866089,0.0005239419999270468,4.304830126949391e-05,28.5978946685791,0.0005725628001528093,3.1772628011463776e-05,2.4808883666992188,0.00046522459997504483,3.216322611578087e-05,0.29171672463417053,0.00011181849986314773,1.6007935102779644e-05,8.309494018554688,0.000573157600229024,2.2512347707276112e-05,19.84710693359375,0.00020155210040684324,0.00025762718880220425,1.6721806526184082,0.00014160600021568827,1.7936791080308013e-05,2.5258922576904297,0.0006677629000478192,2.4654339726430836e-05,1.8645493984222412,0.0001861195003584726,1.7294096288336124e-05,14.297405242919922
8,2,42,cpu,3.708749991346849e-05,1.0439102660243068e-05,5.2962965965271,0.00018238309985463275,1.4188911465192555e-05,23.133487701416016,9.943910008587409e-05,1.8189870292235123e-05,2.240450859069824,0.00012441559993021657,2.268385823124442e-05,2.234679698944092,3.158710042043822e-05,1.0225268947532942e-05,7.655488014221191,0.00010003139996115352,1.2039192111733945e-05,17.923606872558594,2.9711400384258013e-05,8.519468887333983e-06,1.566847801208496,6.208160011738073e-05,1.0350285664855614e-05,2.068209409713745,0.00017060929985746043,1.8867593876605462e-05,1.82526433467865,6.323829966277117e-05,1.1613844430602239e-05,114.34929656982422
8,2,42,cuda,8.650460003991611e-05,1.237811907385506e-05,5.2962965965271,0.0003231266000511823,1.6143906644778772e-05,23.133493423461914,0.00045923199977551123,2.1057235142554508e-05,2.2404513359069824,0.00027858880002895603,2.474642359974674e-05,2.234677314758301,7.851890040910803e-05,1.1359824852474587e-05,7.655488014221191,0.0006652797001152067,0.000608166660566425,17.92361068725586,8.628559971839423e-05,1.2827335122429059e-05,1.566847801208496,0.00012023469989799195,1.1606190990991157e-05,2.068209409713745,0.0006104097996285418,2.2734916976232436e-05,1.8252642154693604,0.00016762799987191102,1.3923152948691219e-05,114.34929656982422
8,2,123,cpu,3.474890017969301e-05,8.804017398985645e-06,-1.170473337173462,0.00017475860058766557,1.8582759424018533e-05,24.851499557495117,8.965729994088178e-05,1.2254063359325072e-05,2.487245559692383,0.00019390080015000422,0.00018888392326533456,0.37489455938339233,3.0237400278565473e-05,9.481632897178052e-06,8.228872299194336,9.482599998591467e-05,1.1077152025762766e-05,19.897964477539062,2.9191099929448683e-05,8.311502222149588e-06,1.664620280265808,6.091959985496942e-05,9.599142826192023e-06,2.52567720413208,0.0001638194002225646,1.905033081927952e-05,1.868262767791748,6.106849959905958e-05,1.0760600563424305e-05,-10.83149242401123
8,2,123,cuda,8.33680003779591e-05,1.115442502066504e-05,-1.170473337173462,0.0003056039999137283,1.6751981706160455e-05,24.85150718688965,0.00045361630000115836,1.887176156846533e-05,2.487246036529541,0.00027212029981456,2.125695429074536e-05,0.37489449977874756,7.804560045769904e-05,1.0420290187038851e-05,8.228872299194336,0.00045907530020485867,2.1847037071120167e-05,19.897968292236328,8.499270006723236e-05,1.197019304454346e-05,1.664620280265808,0.00012521330008894438,1.745330452361555e-05,2.52567720413208,0.0006130259997007669,2.377401376731536e-05,1.8682630062103271,0.00017140589989139698,2.0490575107271337e-05,-10.83149242401123
8,2,456,cpu,3.485870001895819e-05,8.75504310449282e-06,2.1897406578063965,0.00018050290000246605,3.3420676634921055e-05,23.882184982299805,8.888029969966738e-05,1.1002425312899996e-05,2.4689829349517822,0.00011082929995609447,1.1131823102743354e-05,0.30904069542884827,3.0171199614414946e-05,8.70939852273744e-06,8.14026165008545,9.380439969390864e-05,1.1255655068213244e-05,19.75186538696289,3.1214499722409526e-05,8.639954646639896e-06,1.623009204864502,6.107769986556378e-05,9.42952884989532e-06,2.332829236984253,0.00015720470000815112,1.3438867939953851e-05,1.8787891864776611,6.071049992897315e-05,1.0234691966250852e-05,-0.3328375816345215
8,2,456,cuda,8.345229998667492e-05,1.139582965938529e-05,2.1897406578063965,0.00030665210015285994,1.5069184683705562e-05,23.882186889648438,0.00045467910003935683,1.6204867451113625e-05,2.468982696533203,0.00028042779977113243,2.0433569164820684e-05,0.3090406656265259,7.978029971127399e-05,1.1125657717015938e-05,8.14026165008545,0.00046227879993239186,2.225039137521853e-05,19.751861572265625,9.3010199998389e-05,1.844690171583546e-05,1.6230093240737915,0.00012238199979037746,1.023189142365605e-05,2.332829236984253,0.0006048053002814413,1.843420173574094e-05,1.8787891864776611,0.00016651890000503046,1.397579494485155e-05,-0.3328375816345215
8,4,42,cpu,3.492260020721005e-05,8.73236288637305e-06,5.164519786834717,0.0002199533995735692,3.7104207988967414e-05,23.517593383789062,0.00011050999964936636,1.2327065535205649e-05,2.332996368408203,0.00014218860014807432,4.2309229425906086e-05,1.28243887424469,3.012449997186195e-05,8.56347489943976e-06,7.885342121124268,0.00012281210019864374,2.074594034284349e-05,18.66396713256836,2.9602300128317437e-05,8.879423725876629e-06,1.611092448234558,6.767989998479607e-05,9.164531552965195e-06,2.256720542907715,0.0001847180001277593,2.101001481907017e-05,1.8418598175048828,6.154809998406562e-05,1.0824560367095723e-05,49.324501037597656
8,4,42,cuda,8.85355000718846e-05,1.7611602542346087e-05,5.164520263671875,0.00030816290018265136,1.2864760551637493e-05,23.517601013183594,0.0004577583998980117,2.2712354996114528e-05,2.3329968452453613,0.00027777440009231215,1.8181686619047237e-05,1.282437801361084,7.853280003473628e-05,1.0360020707211185e-05,7.885342121124268,0.0004599440002493793,1.769537660701249e-05,18.66397476196289,8.637169994472061e-05,1.113957476570945e-05,1.611092448234558,0.00012320950008870568,1.1198715593569501e-05,2.256720542907715,0.0006083656006012461,2.1879625620924652e-05,1.8418598175048828,0.0001724028003081912,1.8502337498474724e-05,49.324501037597656
8,4,123,cpu,3.480390005279332e-05,8.887175020917369e-06,-2.4552736282348633,0.00021491130028152838,2.971611348841057e-05,22.649465560913086,0.00011858219986606854,1.8369258764417384e-05,2.4333109855651855,0.00013087330007692798,1.4577267330892016e-05,0.5350799560546875,3.0456900094577578e-05,8.680200528137242e-06,8.021446228027344,0.00012015829979645787,1.1837258625800673e-05,19.46648597717285,2.9740499667241237e-05,8.923362108075762e-06,1.6023318767547607,6.76577998092398e-05,9.660395511581752e-06,2.431987762451172,0.00018803220009431243,1.9001977955787423e-05,1.873881220817566,6.139050037745619e-05,1.0776170036266303e-05,-6.183295726776123
8,4,123,cuda,8.317099964187946e-05,1.1731632478912795e-05,-2.4552736282348633,0.00030677570011903297,1.726793582485583e-05,22.64947509765625,0.00045813700035068905,1.932945815127181e-05,2.4333109855651855,0.00027021979967685185,1.5696236926372056e-05,0.5350799560546875,7.893339989095693e-05,1.1352643334520795e-05,8.021446228027344,0.00045523219978349516,1.651149138318293e-05,19.466487884521484,8.671289961057483e-05,1.1602504096850329e-05,1.6023318767547607,0.00012689150007645368,1.7213385143048794e-05,2.431987762451172,0.0006110428999818396,2.4147236947722752e-05,1.8738813400268555,0.0001723733999824617,1.5691842924230598e-05,-6.183295726776123
8,4,456,cpu,3.428750060265884e-05,9.55145877793902e-06,0.5603334307670593,0.00021450790009112098,1.9327470771219072e-05,22.722923278808594,0.00011353960017004283,1.2092518249171618e-05,2.3590753078460693,0.00012986029978492297,1.4443356658040543e-05,0.5634415745735168,2.928909998445306e-05,8.850329581277261e-06,7.897852420806885,0.00011759389981307322,1.2090250603925767e-05,18.872604370117188,2.994839960592799e-05,8.54048122198175e-06,1.5785102844238281,7.334100009757095e-05,1.6621872183731327e-05,2.1560401916503906,0.00018118290026905015,1.4178454682207465e-05,1.8533644676208496,6.621499960601795e-05,2.2830892905081016e-05,-4.567840576171875
8,4,456,cuda,8.31205003123614e-05,1.1694017537748257e-05,0.5603334903717041,0.00030386760008696003,1.9041073290032805e-05,22.722930908203125,0.00045211760043457617,1.3312521420376625e-05,2.3590753078460693,0.00027777979976235657,2.1563611412551898e-05,0.5634415149688721,8.192690020223382e-05,1.6718334053212258e-05,7.897851943969727,0.0004576015000566258,1.7273781770796088e-05,18.872602462768555,8.886679970601107e-05,1.2525843664341216e-05,1.5785104036331177,0.00012182140017102938,1.142960958290836e-05,2.1560401916503906,0.0006023440995704732,1.4890704616616957e-05,1.8533645868301392,0.00016569640047237044,1.3823208678250384e-05,-4.567840576171875
8,8,42,cpu,4.001929992227815e-05,1.3396977648858291e-05,1.2636969089508057,0.00028676469992205966,2.2956960812945578e-05,23.240415573120117,0.0001552052000988624,1.2527105946256316e-05,2.2889187335968018,0.006757124600153474,0.0019189791034448377,0.9154451489448547,4.8648599840817044e-05,1.3954696978571022e-05,7.74013614654541,0.00024041559991019312,1.7186127249226124e-05,18.31134796142578,4.877239971392555e-05,1.8334390218818386e-05,1.5621289014816284,0.00012923119957122253,2.3874866293487712e-05,2.1720046997070312,0.0003450084999712999,3.100521267735576e-05,1.8437820672988892,0.00010198930012847996,2.4751718773544533e-05,27.003774642944336
8,8,42,cuda,0.00011995500008197269,1.766043488074245e-05,1.2636973857879639,0.0004171820000919979,2.9090686846298113e-05,23.240427017211914,0.0005442062001748127,2.9724614027128553e-05,2.288918972015381,0.000392189500053064,3.9381785562098506e-05,0.9154446125030518,0.00010906299994530854,1.56994889184796e-05,7.74013614654541,0.0005375647995606414,2.4983575114265193e-05,18.311349868774414,0.0001197318997583352,1.771714771737253e-05,1.5621287822723389,0.0001752378000674071,2.969188104745548e-05,2.1720046997070312,0.0007429715997204767,3.637640349552759e-05,1.8437821865081787,0.0002274956003020634,2.0718590334344532e-05,27.003774642944336
8,8,123,cpu,4.8642699948686643e-05,1.1670488281446638e-05,-2.221867799758911,0.006742257100086135,0.002224878476486268,25.166719436645508,0.0002668034003363573,7.399555190400158e-05,2.3492331504821777,0.005300627800170332,0.000451046138292386,0.6879342794418335,6.256719971133861e-05,1.7951596663777933e-05,7.994145393371582,0.00025825930024439005,6.747920391157947e-05,18.793865203857422,4.4436400276026686e-05,1.1844278849438181e-05,1.5821876525878906,0.00014834520006843377,5.471316735717903e-05,2.365821599960327,0.0003410325000004377,3.225683860825306e-05,1.8292391300201416,9.812749940465437e-05,2.695937292002981e-05,-0.23843997716903687
8,8,123,cuda,0.0001241245998244267,2.7495546236317205e-05,-2.221867799758911,0.00043884049973712534,0.00011576864614964263,25.166725158691406,0.0005194519002543529,2.755750304028141e-05,2.3492331504821777,0.00036944680050510215,2.765088728940653e-05,0.6879347562789917,0.00011118070015072589,1.9349752490353862e-05,7.994145393371582,0.000524087200028589,2.768586194437583e-05,18.793867111206055,0.00012108479986636667,1.7561940590278285e-05,1.5821874141693115,0.00016579050043219468,3.078787016012569e-05,2.365821361541748,0.0007300219001990626,2.529237743825076e-05,1.8292391300201416,0.00023409439982060575,2.6023709090411878e-05,-0.23844003677368164
8,8,456,cpu,4.903949975414435e-05,1.2316184036917469e-05,-0.5308963060379028,0.0003955050995500642,4.310094328962752e-05,22.182199478149414,0.00023249140012922,2.5722182009805474e-05,2.334662914276123,0.004807478400289255,0.0008771447941211862,1.0742461681365967,4.92154003950418e-05,2.248989495640956e-05,7.921660423278809,0.00023555629995826167,2.3233317870739658e-05,18.677303314208984,4.2428299639141184e-05,1.0927079118409975e-05,1.5518581867218018,0.00011476370000309543,1.3082369290777377e-05,2.1108500957489014,0.000327599499723874,2.4024310282295055e-05,1.8238376379013062,8.769340020080563e-05,1.3285650408307872e-05,-14.79514217376709
8,8,456,cuda,0.00011596190015552565,3.3064049914992265e-05,-0.5308963060379028,0.0003877085000567604,2.4512878589994535e-05,22.182207107543945,0.0005137847998412326,2.084498109214316e-05,2.334662914276123,0.0003719029997228063,2.7319093758033903e-05,1.0742459297180176,0.00010193619946221588,1.4803367003328617e-05,7.921660423278809,0.0005239811000137707,2.0863668974619505e-05,18.677303314208984,0.00011607039996306412,1.538020157692904e-05,1.5518583059310913,0.00016885330005607103,2.2301863681935397e-05,2.1108500957489014,0.0007261518001541844,3.6198307429564974e-05,1.8238377571105957,0.00022881339991727146,2.0678537889932926e-05,-14.795143127441406
8,16,42,cpu,4.909959989163326e-05,1.176118074849189e-05,0.9199826717376709,0.006351012099912623,0.002432897090781895,24.787290573120117,0.00036242300029698526,2.5938055809339983e-05,2.3817367553710938,0.0049071009998442605,8.10049460304211e-05,0.6752208471298218,4.128769978706259e-05,1.1341234963008882e-05,8.013617515563965,0.000364419600009569,2.2743700165424624e-05,19.05389404296875,4.248719978932059e-05,1.0973283316697498e-05,1.6044955253601074,0.0001590072000908549,2.9407746733101516e-05,2.2669425010681152,0.00046194570022635163,4.0610358014608816e-05,1.8485139608383179,9.06798002688447e-05,1.9190193770169216e-05,39.55073928833008
8,16,42,cuda,0.00011294019986962667,2.3447750900410625e-05,0.9199828505516052,0.0003750848998606671,2.3664312186870856e-05,24.787303924560547,0.0005076665998785757,1.8499697421413372e-05,2.381737232208252,0.0003588527997635538,2.5281993472433257e-05,0.6752206087112427,9.792689997993876e-05,1.3773046321047967e-05,8.013617515563965,0.0005168193998542847,2.755690384977466e-05,19.053897857666016,0.00011960809952142882,2.1270626747207343e-05,1.6044955253601074,0.00016006979985832003,1.2474050424104212e-05,2.2669425010681152,0.0007069547002174659,3.332137220503941e-05,1.8485140800476074,0.00021821329992235405,1.9382252857108903e-05,39.55073928833008
8,16,123,cpu,4.77482999485801e-05,1.1182147405672154e-05,-1.075924277305603,0.0005837353995957528,0.0001411646116727508,24.311691284179688,0.0003594695001083892,2.4143569774388595e-05,2.343003034591675,0.0037019931001850636,0.0009309781782853238,0.5688886046409607,4.109750007046387e-05,1.0924587009292305e-05,7.920340061187744,0.0003677860997413518,2.2421192124383183e-05,18.74402618408203,4.222090010443935e-05,1.0610789643321207e-05,1.562684416770935,0.00015898090059636162,1.852728342815026e-05,2.252589464187622,0.00045910989992989923,3.681368545183181e-05,1.8408410549163818,8.581189977121539e-05,1.2426716797966497e-05,8.044137954711914
8,16,123,cuda,0.0001143434001278365,2.0983265620977113e-05,-1.075924277305603,0.0003765815999940969,2.3908326799949287e-05,24.31169891357422,0.0005124684001202695,1.6961945786024668e-05,2.343003273010254,0.0003510224003548501,2.2577979077527793e-05,0.5688888430595398,0.000102392000007967,1.447981363838916e-05,7.920339584350586,0.0005159073998584063,1.841565818425826e-05,18.74402618408203,0.00012093229997844901,2.6232639088188622e-05,1.562684416770935,0.00015446739962499123,1.3406768717453313e-05,2.252589464187622,0.0007113159002983593,2.001008466527232e-05,1.8408409357070923,0.0002248169999802485,2.6971340784742246e-05,8.044137001037598
8,16,456,cpu,4.815289976249915e-05,1.0785108049488386e-05,0.2678288519382477,0.0005727553998440271,0.000123407479360085,22.674423217773438,0.00035786370008281663,2.6123336506399948e-05,2.3197948932647705,0.005024204199980886,0.000694416163823062,8.80086612701416,4.6174399722076485e-05,1.650341174478792e-05,7.820468902587891,0.00036170519997540395,2.2220571163324824e-05,18.558361053466797,4.23652003519237e-05,1.1121349065086397e-05,1.548555612564087,0.00015788549990247702,2.8412708553429103e-05,2.12359881401062,0.00046041079967835686,4.1449292142999065e-05,1.8385039567947388,8.57256998642697e-05,1.2382095158868433e-05,-5.598974227905273
8,16,456,cuda,0.00011270450031588552,2.0051200918038353e-05,0.26782888174057007,0.0003938610998375225,4.384753395857592e-05,22.67443084716797,0.0005161873999895761,2.580109609903776e-05,2.3197948932647705,0.00036907849953422557,2.6341372632448224e-05,8.800698280334473,9.788000006665243e-05,1.3771458010021947e-05,7.820468902587891,0.0005170329000975471,2.364870774152557e-05,18.558359146118164,0.00011218279996683123,1.604318773594459e-05,1.548555612564087,0.00016164649987331358,2.174196018038689e-05,2.123598575592041,0.0007170661998316064,3.164424195262532e-05,1.8385040760040283,0.00021713329988415353,1.6852950324163923e-05,-5.598974227905273
8,32,42,cpu,5.0945100156241097e-05,1.0953187723514669e-05,0.06812477111816406,0.0031748723004056956,0.003132858312666977,24.532800674438477,0.0004252218001056463,1.960391823924108e-05,2.343362808227539,0.004830674699769588,0.0005979462402501037,0.6899929046630859,3.0439199690590613e-05,8.249612372321688e-06,7.88289737701416,0.00042819519967451924,1.7135047440953988e-05,18.746902465820312,3.110250017925864e-05,8.375041376844303e-06,1.581371784210205,0.00016395900001953123,1.5360423320775632e-05,2.1716504096984863,0.0004987743002857314,1.8662550725465518e-05,1.848100185394287,6.217749978532083e-05,9.328779083274118e-06,60.627098083496094
8,32,42,cuda,7.845339987397893e-05,1.0599736409407837e-05,0.06812489032745361,0.0002940521999335033,1.351839871880621e-05,24.532814025878906,0.0004438019994267961,1.5244213402294837e-05,2.343363046646118,0.0002541015002861968,1.7047945382897737e-05,0.6899928450584412,7.985600022948347e-05,1.5494017386318907e-05,7.88289737701416,0.0004443842000910081,1.55666898979704e-05,18.746904373168945,8.821729934425094e-05,2.268761220700553e-05,1.5813720226287842,0.00011513980043673656,1.4833283758776616e-05,2.1716504096984863,0.0005824683006721898,1.7140528664807066e-05,1.848100185394287,0.00015642340022168356,1.2619917747226373e-05,60.627098083496094
8,32,123,cpu,3.430920023674844e-05,8.29527098778001e-06,-0.5554986000061035,0.005224391299998387,0.0021819875998471904,24.324989318847656,0.0004185832001894596,1.6301363044796098e-05,2.367143392562866,0.007334976399761217,0.00070898797642253,0.6918237209320068,2.857170002243947e-05,8.962789977000852e-06,7.978218078613281,0.0004033965999042266,1.7428066975215097e-05,18.937149047851562,2.8224700145074166e-05,7.928533402064223e-06,1.5802046060562134,0.00015458559992111986,1.2043856757546845e-05,2.225893259048462,0.00046613379981863545,1.7418067918329443e-05,1.843291997909546,6.0774500343541146e-05,1.3337489068685411e-05,6.028140544891357
8,32,123,cuda,7.421889968100004e-05,2.0027491566580673e-05,-0.5554986000061035,0.0002776918998279143,1.401698134407014e-05,24.325000762939453,0.0004270639996320824,1.2059825671705839e-05,2.3671436309814453,0.00023375570017378778,1.5251014517213925e-05,0.6918249130249023,6.734940016031032e-05,9.918328935333333e-06,7.978218078613281,0.0004351326999312732,2.0924430091505614e-05,18.937149047851562,7.577719989058097e-05,1.0539534032592856e-05,1.580204725265503,0.00011077770013798727,1.565398556334991e-05,2.225893497467041,0.0005689315001291106,2.1091382178812087e-05,1.843291997909546,0.00014532109998981467,1.1235359451217396e-05,6.028139591217041
8,32,456,cpu,3.152210010739509e-05,7.108100830070262e-06,0.026962876319885254,0.005829621200064139,0.0031861537817271194,24.14531707763672,0.00040686620013730135,3.32621631908248e-05,2.383455753326416,0.007861375700122153,0.00029377534349841366,5.673439025878906,4.284270016796654e-05,1.4911519078135906e-05,8.0159330368042,0.0006300500997895142,2.39866174837539e-05,19.067646026611328,4.215300032228697e-05,1.0304046662627887e-05,1.5994172096252441,0.0002487970999936806,4.9226650963119007e-05,2.300628423690796,0.0007189490004748222,3.812687284019971e-05,1.8407139778137207,8.65949999933946e-05,1.147256905757117e-05,22.913232803344727
8,32,456,cuda,0.00010175610022997717,1.3891598129087012e-05,0.02696290612220764,0.00036554669968609234,2.1402605179761517e-05,24.14532470703125,0.000502412099558569,2.033743688128147e-05,2.383455753326416,0.00034856669990404046,2.7705603805357062e-05,5.673355579376221,0.0001000448999548098,2.7817329705318983e-05,8.0159330368042,0.0005092117997264722,1.712925554939676e-05,19.067646026611328,0.00010783049983729143,1.4338407394453823e-05,1.5994172096252441,0.00015368870008387604,1.3024867980118306e-05,2.300628423690796,0.0006970903001274565,2.8602052595480876e-05,1.8407139778137207,0.0002157373999580159,2.605464063101119e-05,22.91323471069336
8,64,42,cpu,4.855690003751079e-05,1.0036808832543397e-05,0.12724894285202026,0.005300138900020101,0.0032758371777258035,24.379154205322266,0.001168339500145521,3.049089160863421e-05,2.3498010635375977,0.01065489560023707,0.007206226563969491,1.0431163311004639,4.507729991019005e-05,1.0837825566436017e-05,7.945009231567383,0.0011646632998235872,3.0231640956517437e-05,18.79840660095215,5.324659978214186e-05,1.785733436545886e-05,1.5952986478805542,0.00040039670002443015,1.927467377141169e-05,2.1809818744659424,0.001293172699661227,7.217156091661742e-05,1.8362935781478882,0.0001488570998844807,4.6533775979720025e-05,101.0067138671875
8,64,42,cuda,0.00010500129992578877,1.4265752023471847e-05,0.12724900245666504,0.0003721537001183606,2.722412146437847e-05,24.379165649414062,0.0005804590995467151,3.0351403039892518e-05,2.3498013019561768,0.0003550428999005817,3.917234775793462e-05,1.0431160926818848,0.00010388200025772676,3.396306489610165e-05,7.945008277893066,0.0005749766000008094,3.216282951428947e-05,18.798410415649414,0.00011275809974904405,2.1576297210057748e-05,1.5952987670898438,0.00014947960025892825,1.3155574521051247e-05,2.1809821128845215,0.0007653810002011596,2.5506928636372016e-05,1.8362936973571777,0.00021538870005315401,3.106908973779902e-05,101.0067138671875
8,64,123,cpu,4.879119969700696e-05,1.0336931403265812e-05,-0.25846219062805176,0.0012762410999130225,0.00034410975420203415,24.860177993774414,0.0006910411000717431,1.5916650098694798e-05,2.375723361968994,0.005090491100054351,0.00041885182221321454,1.2221739292144775,2.7512699671206064e-05,6.617589128828529e-06,8.035543441772461,0.0006948921003640862,1.608716455614044e-05,19.00579071044922,2.9937300132587553e-05,6.38381218943013e-06,1.5946247577667236,0.00024542170012864517,1.205712524222403e-05,2.2382473945617676,0.0007594511005663662,2.3950572047877776e-05,1.8369898796081543,5.6417000087094495e-05,8.686759253901815e-06,12.721793174743652
8,64,123,cuda,6.873740021546837e-05,8.737609801032072e-06,-0.25846219062805176,0.0002780177999738953,1.3907436289093899e-05,24.860191345214844,0.0005177585002456908,1.3608760279262636e-05,2.3757238388061523,0.00022310380009002984,1.3911727002147847e-05,1.2221720218658447,6.542799983435543e-05,9.201299845715286e-06,8.035543441772461,0.0005228306001299643,1.1500351457567688e-05,19.00579071044922,7.171620036388049e-05,8.96472760077225e-06,1.5946247577667236,0.00010062000019388506,8.998285785316731e-06,2.2382473945617676,0.000643299900002603,1.7442566609228825e-05,1.8369898796081543,0.00013756369990005623,1.0878926779153842e-05,12.721793174743652
8,64,456,cpu,3.04462002532091e-05,7.086792511876648e-06,0.7610243558883667,0.0010774618000141344,0.00010104813193432463,24.96422576904297,0.000686251499428181,1.7929724227965163e-05,2.3835270404815674,0.005112637400088715,0.000786393767714249,3.2137343883514404,2.7616599982138724e-05,6.766338750901662e-06,8.058857917785645,0.0006953436002731905,2.3530848468841518e-05,19.068218231201172,2.915009972639382e-05,6.207101245463116e-06,1.6121188402175903,0.00024050320007518167,8.693366885536669e-06,2.2570765018463135,0.0007575349001854193,1.928061058045667e-05,1.834486961364746,5.6597200273245105e-05,7.857551891422168e-06,2.1779332160949707
8,64,456,cuda,6.837719993200154e-05,8.87016085592298e-06,0.7610243558883667,0.00027473790014482803,1.3893827363906347e-05,24.964237213134766,0.0005196453001190093,1.4245566508471327e-05,2.3835272789001465,0.0002280509997945046,1.6037451137486715e-05,3.2136924266815186,6.377410009008599e-05,9.038131747084204e-06,8.058858871459961,0.0005176738997761277,1.2208824891715246e-05,19.068220138549805,7.189270036178641e-05,9.443463084558541e-06,1.6121187210083008,0.000100919600117777,8.862439647683979e-06,2.2570765018463135,0.0006442943998990813,2.6978094186486567e-05,1.8344871997833252,0.00014245659986045212,1.569268582328194e-05,2.177933931350708
8,128,42,cpu,3.29956999848946e-05,6.645569959819148e-06,0.2538835406303406,0.0026355426005466144,0.001381088092122375,24.21482276916504,0.0013258355998914339,1.791388005381757e-05,2.3681740760803223,0.005052514600538416,6.662107117029229e-05,1.1389408111572266,3.0067199986660853e-05,7.35369985784879e-06,7.971329689025879,0.0013307225002790802,2.1326181724240777e-05,18.945390701293945,3.396980009711115e-05,6.835405105853992e-06,1.6033391952514648,0.00043935859994235214,2.011698893523655e-05,2.2009830474853516,0.0014490553994619404,3.9657838341596925e-05,1.8424782752990723,6.232579980860464e-05,8.455063037377177e-06,39.368324279785156
8,128,42,cuda,7.698690005781827e-05,1.992627393456108e-05,0.2538835108280182,0.00046785209997324273,0.0001874055858087031,24.21483612060547,0.0007533341002272209,1.3623176693258088e-05,2.3681740760803223,0.00021176250011194496,1.653559901838463e-05,1.1389391422271729,6.870909983263118e-05,2.1060704193921143e-05,7.971329212188721,0.0007935297000585706,5.6814598491283674e-05,18.945392608642578,7.073710003169253e-05,1.3296909817956084e-05,1.6033390760421753,9.308310018241173e-05,7.743287152921413e-06,2.2009828090667725,0.0008620274998975219,1.0545007805871609e-05,1.8424782752990723,0.00013581609982793452,1.6925261987879875e-05,39.368324279785156
8,128,123,cpu,3.037349979422288e-05,6.354620333681899e-06,-0.27982020378112793,0.0017592747000890086,5.3705932696179847e-05,24.660062789916992,0.0012011931998131332,1.9837779719322596e-05,2.372575044631958,0.00782631659985782,0.00016808728158165925,1.0952166318893433,2.760900024441071e-05,6.91770325100877e-06,8.006339073181152,0.0012250680003489834,1.4380052047412962e-05,18.980600357055664,3.323620003357064e-05,6.87955760343782e-06,1.5944923162460327,0.0004072656001881114,1.5930280158304912e-05,2.2410717010498047,0.0012918686003104084,1.865780334100042e-05,1.8393399715423584,5.542070030060131e-05,7.550425311683262e-06,17.00510597229004
8,128,123,cuda,6.590420016436838e-05,9.978040721380801e-06,-0.27982020378112793,0.00027221819982514717,1.1864657587807922e-05,24.66007423400879,0.0007533359001172357,1.0897820806612614e-05,2.372575283050537,0.0002210538001236273,1.9858714898715755e-05,1.0952162742614746,5.9702000180550384e-05,9.4820700011298e-06,8.006339073181152,0.0007525838998844847,1.0403001219004934e-05,18.980602264404297,6.70660003379453e-05,8.746297969922418e-06,1.5944921970367432,9.488300001976313e-05,9.671892847396412e-06,2.2410717010498047,0.0008887955997124664,3.5202954063126705e-05,1.8393399715423584,0.00013314899952092673,1.3173453866449892e-05,17.00510597229004
8,128,456,cpu,3.021930024260655e-05,6.709623614893781e-06,0.28293687105178833,0.00397610350028117,0.0026670630392917967,24.867956161499023,0.0012765784000293933,8.141096215144655e-05,2.388049364089966,0.01162838149957679,0.007843846507272035,3.896829605102539,4.712910013040528e-05,1.049072469866336e-05,8.058998107910156,0.0022627392998401776,5.083091974796709e-05,19.104394912719727,5.762030014011543e-05,2.5201070250731405e-05,1.6119134426116943,0.0007255298000018229,2.9557723396868125e-05,2.265913724899292,0.002355965700371598,5.769720844080375e-05,1.8378630876541138,9.581530011928407e-05,1.2769368887295362e-05,2.3319928646087646
8,128,456,cuda,0.00010437379987706663,1.6244985585188456e-05,0.28293687105178833,0.0003813033001279109,2.8779126233673833e-05,24.867965698242188,0.0008412829998633242,1.971453509555446e-05,2.3880491256713867,0.0003443702000367921,2.5483626551941047e-05,3.8968124389648438,9.449769986531464e-05,1.281639462156866e-05,8.058998107910156,0.0008574233997933334,3.371604527208934e-05,19.104393005371094,0.00011029229954147013,1.4152752315110029e-05,1.6119134426116943,0.00016945140032476047,3.375870678241224e-05,2.265913486480713,0.0010752772999694572,4.499711793218604e-05,1.8378632068634033,0.00022012760036886901,2.5254292623681165e-05,2.3319928646087646
8,256,42,cpu,5.7424600163358265e-05,1.0170529956122496e-05,0.15930013358592987,0.005745906899937836,0.0023846254837038426,24.36083221435547,0.00255855090017576,0.00018016129623620898,2.37809681892395,0.010125960100231169,0.0021912207813343156,1.197623372077942,3.8997399860818406e-05,1.1949525984726908e-05,8.002283096313477,0.0023866808000093443,2.9032990097223662e-05,19.0247745513916,3.989350025221938e-05,5.930103107418273e-06,1.606209635734558,0.0007692210996538051,3.01073570345183e-05,2.2308802604675293,0.002759883200087643,0.00027268579763149937,1.843569040298462,0.0001095899004212697,3.041278553448408e-05,14.568166732788086
8,256,42,cuda,7.585419989482034e-05,1.5940921176908028e-05,0.15930013358592987,0.00034175759992649546,9.755827618414488e-05,24.360841751098633,0.001154050900004222,2.719113478282604e-05,2.37809681892395,0.00024412399980064948,1.616520881751032e-05,1.1976211071014404,7.418470013362822e-05,1.420619995532099e-05,8.002283096313477,0.0011623746999248397,4.0767585317822305e-05,19.024776458740234,8.025679981074063e-05,1.0070715276127663e-05,1.6062095165252686,0.00011702550018526381,1.4741045800829675e-05,2.2308802604675293,0.0013007667002966627,3.5772634289699745e-05,1.843569040298462,0.0001593874005266116,2.401552626049445e-05,14.56816577911377
8,256,123,cpu,4.99400002809125e-05,1.9417975366732646e-05,-0.380881130695343,0.004412693700032833,7.452614226453706e-05,24.782100677490234,0.0028108811999118188,4.839975927468262e-05,2.3683054447174072,0.008064915400427707,0.00015913859491168095,0.9901262521743774,5.781529998785118e-05,1.241445317023907e-05,7.989857196807861,0.004486168100265786,0.00011234667207810802,18.946443557739258,7.351129988819594e-05,1.3200992675177444e-05,1.5937614440917969,0.0014365133998580858,3.365939867395872e-05,2.219271183013916,0.004934626399881381,0.0004402151825126417,1.841738224029541,0.0001234564002515981,2.0405261056965584e-05,14.572881698608398
8,256,123,cuda,0.00014343399980134563,4.772661567616217e-05,-0.38088107109069824,0.00044306059990049105,2.3673733536855852e-05,24.782114028930664,0.001281461200051126,8.91755536163694e-05,2.3683056831359863,0.0004280365001250175,3.9957844018724415e-05,0.9901270270347595,0.00016653119964757935,5.43035860012454e-05,7.9898576736450195,0.0014798751997659565,0.0003930917169910743,18.946443557739258,0.00013647600026160943,3.7247589316117584e-05,1.5937613248825073,0.00019029150007554563,3.143100697439738e-05,2.219271183013916,0.0015291535000869771,5.381844868384548e-05,1.841738224029541,0.0002604400999189238,2.751925010979675e-05,14.572881698608398
8,256,456,cpu,6.645409976044903e-05,1.2060567446775811e-05,0.06265880167484283,0.0073707293002371445,0.0012440977789814098,24.211721420288086,0.0027452215997982423,5.778922636785484e-05,2.3541576862335205,0.011411018400031026,0.0018688433122283831,2.618683338165283,5.81628002692014e-05,1.2040990471149303e-05,7.929318904876709,0.005037144699963391,0.0010378144636853889,18.833261489868164,7.713550003245473e-05,1.5865905762139653e-05,1.587311863899231,0.001379759900009958,2.051260346545799e-05,2.183467149734497,0.004538507400138769,0.0001980872629771415,1.842059850692749,0.00011217839983146405,1.2774105367468375e-05,-798.1455078125
8,256,456,cuda,0.00011848480007756735,2.6409229819401852e-05,0.06265875697135925,0.0004580152997732512,9.66992882331665e-05,24.211732864379883,0.0012288713000089047,2.524133983263911e-05,2.3541579246520996,0.00038007319999451284,3.1465067296536946e-05,2.61867094039917,0.0001105515000745072,2.3173959755517976e-05,7.929318904876709,0.001245075299993914,3.3221473635968274e-05,18.833263397216797,0.00012443649993656435,1.7311444553799e-05,1.587311863899231,0.00017075730011129053,1.628367876604417e-05,2.183466911315918,0.0014663948999441346,2.7893455170333403e-05,1.842059850692749,0.00024892120018193964,2.8196101838103257e-05,-798.1455078125
8,512,42,cpu,7.551279995823278e-05,1.1210037802542508e-05,-0.012391246855258942,0.011553040999933728,0.0001527642767617136,24.39306640625,0.008585176400083583,2.0746379191684844e-05,2.376457691192627,0.011553618000289135,0.000445417859254369,1.214120864868164,4.8206600149569566e-05,7.741932728828509e-06,8.00436019897461,0.005729958199844986,2.5930257600322896e-05,19.011661529541016,8.665259992994834e-05,1.257183074769494e-05,1.6038644313812256,0.0019623381000201333,0.00015983201092322646,2.2220728397369385,0.00715920910006389,0.0017545186776185568,1.8421814441680908,8.544939992134459e-05,9.818634954546782e-06,4.895197868347168
8,512,42,cuda,8.481709992338437e-05,1.3567331158986591e-05,-0.01239122822880745,0.0003812418999586953,4.6012665453437647e-05,24.393077850341797,0.001806102300179191,2.1279857493294877e-05,2.376458168029785,0.0002661526001247694,1.8894745689281494e-05,1.2141145467758179,7.508649960072944e-05,1.0142859009972058e-05,8.004359245300293,0.0018029207001745817,1.38721138896349e-05,19.01166343688965,8.332669985975372e-05,1.1071545977145763e-05,1.603864312171936,0.00012648430038098013,2.1062756624015485e-05,2.2220726013183594,0.0019507485996655305,2.2319109438184813e-05,1.8421814441680908,0.0001613520000319113,1.3471547627913938e-05,4.895198822021484
8,512,123,cpu,4.951929968228796e-05,7.594943326137964e-06,-0.2069840431213379,0.007851656100137916,0.00010855102686179218,24.585161209106445,0.004709472800095682,0.00014800290947782521,2.371554136276245,0.008774940599869297,0.00028135117343277557,1.2188163995742798,3.91108003896079e-05,5.981503553240989e-06,7.982798099517822,0.004784235700572026,8.68061893081552e-05,18.972434997558594,7.19639001545147e-05,7.105450701613806e-06,1.5965092182159424,0.00153148509998573,6.542009495884907e-05,2.216008186340332,0.0065482759000587976,0.0008349305896374948,1.844147801399231,6.716839998262003e-05,7.3497709254878e-06,9.875027656555176
8,512,123,cuda,6.744800011802e-05,1.1198059384628385e-05,-0.2069840282201767,0.0003109476996542071,1.3170157500655304e-05,24.58517074584961,0.0017478970001320703,1.3067790457775351e-05,2.371554374694824,0.00021168159964872756,1.3721003116916155e-05,1.218815565109253,6.141829999251058e-05,9.481802122843073e-06,7.982798099517822,0.0017559481000716914,1.6283122505405352e-05,18.972434997558594,7.80117001340841e-05,2.0807382850821272e-05,1.5965092182159424,9.733139977470273e-05,7.411027453461417e-06,2.216007947921753,0.0018785422998917056,1.3771164300155059e-05,1.8441479206085205,0.0001398166999933892,1.4404911106043678e-05,9.875025749206543
8,512,456,cpu,4.112200040253811e-05,6.276542021814339e-06,-0.032956283539533615,0.007351525699959893,0.00031231568360732295,24.352294921875,0.004664997200052312,2.642893740546908e-05,2.360271692276001,0.010240616999908525,0.006366324936038377,2.401068687438965,6.808729976910399e-05,1.0796103516661902e-05,7.958970546722412,0.00858282360004523,0.0001275930762441836,18.882173538208008,0.00011557129964785417,1.199955192298213e-05,1.5941001176834106,0.002739414500138082,4.130075436602168e-05,2.1986682415008545,0.011106934000054025,0.0007096280006258765,1.8400977849960327,0.00011275439992459723,1.5825072117162538e-05,-495.138671875
8,512,456,cuda,0.00010782529971038457,2.320780841999861e-05,-0.03295630216598511,0.0004223988999001449,2.978098933755536e-05,24.352304458618164,0.001757314400128962,2.489580050163968e-05,2.360271692276001,0.0003554761999112088,3.603636797805726e-05,2.4010419845581055,0.00011756029962270987,4.679639238111047e-05,7.958970546722412,0.0017813952003052692,5.718047199772539e-05,18.882173538208008,0.00011393060012778732,2.179245079100617e-05,1.5941001176834106,0.00014924949955457122,1.287009635540527e-05,2.1986680030822754,0.0019392005000554492,4.1083065093177924e-05,1.8400979042053223,0.00021299689997249515,1.750446999730545e-05,-495.138671875
8,1024,42,cpu,8.383180011151126e-05,9.466808570393993e-06,0.018313858658075333,0.02286926449960447,0.0002806943699918646,24.696796417236328,0.017101352699683048,0.00018695872106050282,2.3775410652160645,0.04548131069986994,0.005412551306844999,1.79848313331604,0.007920987099896592,0.0017191423010873444,8.015835762023926,0.010470353700293344,0.0005713256715865649,19.020328521728516,0.00010440749992994825,1.0149556852739684e-05,1.604736328125,0.0033144589000585257,3.693786870694821e-05,2.2289209365844727,0.010462979300245933,7.616719935924904e-05,1.8414307832717896,8.8592500287632e-05,9.12239867521134e-06,5.666200637817383
8,1024,42,cuda,7.401420007226988e-05,1.0158642229157059e-05,0.018313882872462273,0.00044908610034326556,5.122896985837557e-05,24.696809768676758,0.0030029178997210693,1.3846835814515888e-05,2.3775415420532227,0.0002456569998685154,1.8205262908102098e-05,1.79841148853302,6.865960003779036e-05,9.548800814020584e-06,8.015835762023926,0.003002279699830979,1.2972853640947157e-05,19.02033233642578,7.952690011734376e-05,9.784632419087203e-06,1.604736328125,0.0001124890999562922,1.384479540002622e-05,2.2289206981658936,0.0032091734998175524,0.0002631926508932066,1.8414306640625,0.00013670520038431278,1.2492877902119885e-05,5.666201114654541
8,1024,123,cpu,5.284310045681195e-05,6.365251091132048e-06,-0.06543369591236115,0.013987314400037577,0.0001247379169584918,24.789522171020508,0.010765164000076766,0.004142612686585039,2.3682892322540283,0.021880250299909677,0.011857023972205647,1.3752946853637695,0.007501356200009468,6.989053001371972e-05,7.986660480499268,0.009740851299648056,0.00028830030938543574,18.94631004333496,0.00011110629984614206,2.3893640283808222e-05,1.5979669094085693,0.003070670800298103,0.00022281990854704095,2.2127115726470947,0.009703743100180873,0.00013136982812198166,1.8417316675186157,7.998410019354197e-05,8.471907797730832e-06,8.094754219055176
8,1024,123,cuda,6.89278997015208e-05,1.493110276163486e-05,-0.06543368101119995,0.0004010886001196923,1.9629452460632364e-05,24.789531707763672,0.002890333400318923,1.9298466829184088e-05,2.3682892322540283,0.00021588319996226346,1.2186880272559079e-05,1.3752959966659546,6.326670009002556e-05,1.9500740372602117e-05,7.986660480499268,0.002917530400009127,4.8817411801252376e-05,18.94631576538086,9.231339972757269e-05,1.2905376028701763e-05,1.5979669094085693,0.00013245120026113,1.0839322030151883e-05,2.2127113342285156,0.0031455449998247786,2.2917175398131038e-05,1.8417316675186157,0.00018532770009187515,1.6736204824345216e-05,8.09475326538086
8,1024,456,cpu,7.535859986091964e-05,9.120250776762413e-06,-0.005192399024963379,0.024382698799672652,0.0009762950062185336,24.431367874145508,0.017217327400067005,0.00016088190823932655,2.360775947570801,0.02800902529979794,0.01425929716921888,1.9459134340286255,7.093979984347243e-05,1.7485903123679214e-05,7.959850311279297,0.014687137900364178,0.00012053152215470084,18.88620948791504,0.0001138863997766748,1.1030654710467841e-05,1.5953103303909302,0.0029250348001369276,1.7147223622634015e-05,2.1893951892852783,0.009489138100070705,1.4897148695685415e-05,1.8407739400863647,8.172060024662642e-05,7.710159996679273e-06,-248.92254638671875
8,1024,456,cuda,7.130190006137127e-05,1.599710454383752e-05,-0.005192413926124573,0.0003947897999751149,2.1286960479736424e-05,24.431381225585938,0.0028934698000739447,1.761029694637387e-05,2.360776424407959,0.00023767869988660094,3.723442969385419e-05,1.9459052085876465,6.7624999974214e-05,1.2863273155000377e-05,7.959850311279297,0.002905958500377892,1.3230226939885302e-05,18.886211395263672,7.095450018823612e-05,9.625202581093026e-06,1.5953103303909302,0.0001009579003948602,1.4035836678655534e-05,2.1893951892852783,0.00300991400017665,1.2547378733383368e-05,1.8407739400863647,0.0001332374002231518,1.1683014042842752e-05,-248.92250061035156
16,1,42,cpu,2.6869999965128953e-05,6.953602052777544e-06,8.162118911743164,0.00017343709987471811,2.4537455042126805e-05,54.636077880859375,7.976689994393382e-05,9.479671565181149e-06,3.291841983795166,9.823200016398915e-05,1.2738281149793676e-05,0.3341875374317169,2.3747199520585127e-05,6.860001285174155e-06,15.821500778198242,8.286999982374255e-05,9.683046483579166e-06,52.669471740722656,2.7804599812952802e-05,1.0676699150220615e-05,1.611092448234558,4.6459199984383305e-05,7.1890527116620405e-06,3.393805503845215,0.0001341374998446554,1.3649757567772226e-05,2.516411304473877,5.285909992380766e-05,1.1053633321379097e-05,-16.21999740600586
16,1,42,cuda,6.559189987456193e-05,9.05313010965957e-06,8.162118911743164,0.0003494137999950908,1.2714806429696833e-05,54.63605499267578,0.0005357898000511341,1.4619224626255225e-05,3.291844367980957,0.00025182249974022854,1.180639051982284e-05,0.33418723940849304,6.549979989358689e-05,1.86658939608725e-05,15.821500778198242,0.0005458953999550431,3.0227236931139493e-05,52.66950988769531,6.9333600004029e-05,9.518408711817426e-06,1.611092448234558,9.64627999564982e-05,7.545129728337826e-06,3.393805503845215,0.0006587347999811755,1.687558875692438e-05,2.516411542892456,0.0001323024000157602,1.0954281777255375e-05,-16.21999740600586
16,1,123,cpu,2.6800900195667053e-05,6.664753533370796e-06,-3.033700466156006,0.00014722929990966803,9.966053739797416e-06,58.37519836425781,8.531999974366044e-05,1.3761338451647406e-05,3.4460461139678955,0.00012717830031760968,7.976463883943898e-05,0.21635574102401733,2.3706399770162533e-05,6.6525866957956335e-06,16.054218292236328,8.350420030183159e-05,1.009129066000958e-05,55.13673782348633,2.35988998610992e-05,6.50615603299355e-06,1.6023318767547607,4.6060699787631165e-05,7.4224748107436055e-06,3.453113079071045,0.00013701210009458008,1.5645908121758595e-05,2.5838396549224854,4.759760013257619e-05,7.943384057648572e-06,-12.554717063903809
16,1,123,cuda,6.598430009034928e-05,8.81100894322001e-06,-3.033700466156006,0.0003503129997625365,1.3158535614893131e-05,58.37519073486328,0.0005439073996967636,4.670256249017964e-05,3.446047782897949,0.00025159609995171193,1.4266520142425e-05,0.21635587513446808,6.185979982546997e-05,8.45099584196626e-06,16.054218292236328,0.0005303626998284017,1.1335419454906924e-05,55.13676452636719,7.055169971863507e-05,9.434584279577694e-06,1.6023318767547607,9.891030003927881e-05,1.2376331357957576e-05,3.453112840652466,0.0006510025999887148,1.9668626485475698e-05,2.5838394165039062,0.0001445561001673923,2.384918161091917e-05,-12.554717063903809
16,1,456,cpu,2.7062200206273702e-05,6.925326129618344e-06,-6.046189308166504,0.00015186030013865094,1.380665603548677e-05,50.723358154296875,7.966639986989321e-05,9.132872939288988e-06,3.388507604598999,0.00010570809936325532,5.048948084525863e-05,0.2973889112472534,2.3903199507913087e-05,6.827380761794487e-06,15.806824684143066,8.364770001207944e-05,9.625221301874678e-06,54.216121673583984,2.401450019533513e-05,6.6229919893398495e-06,1.5785102844238281,5.081899962533498e-05,1.2876143564246484e-05,2.9948863983154297,0.00013215639992267825,1.165095094651353e-05,2.5717785358428955,5.933329994149972e-05,7.912417755435e-06,-56.8028678894043
16,1,456,cuda,6.675770000583726e-05,9.127380026225052e-06,-6.046189308166504,0.00034995820005860877,1.4690796674180183e-05,50.72333526611328,0.0005343863998859888,1.6681110151148072e-05,3.388510227203369,0.00025080890009121504,1.7861971879016576e-05,0.29738885164260864,6.256329979805741e-05,8.526643552494128e-06,15.806824684143066,0.0005294583001159481,1.5412417812603255e-05,54.216163635253906,7.051830034470186e-05,1.007881831407117e-05,1.5785104036331177,9.633730005589313e-05,7.967990197876087e-06,2.9948863983154297,0.0007524763001129031,0.0002309927365537449,2.5717782974243164,0.00015130890042200918,4.8270074171852034e-05,-56.8028678894043
16,2,42,cpu,2.8026599648001137e-05,7.000843037739855e-06,2.9997642040252686,0.006547383499855642,0.0025524685730611133,57.50056076049805,0.00011013659968739375,1.6244283414507336e-05,3.21944260597229,0.008177901700037182,0.0006451436688489688,1.0301440954208374,2.430829990771599e-05,7.879545154537568e-06,15.533637046813965,0.00012450340018403948,2.914544566723812e-05,51.511077880859375,2.4963699979707597e-05,6.353665325269795e-06,1.5621289014816284,5.023169997002697e-05,7.4336347775399205e-06,3.0935285091400146,0.00016508110002178,1.7419311970351093e-05,2.515565872192383,4.8982599764713086e-05,8.376545269377445e-06,2.7705888748168945
16,2,42,cuda,6.685300049866783e-05,8.62736346745012e-06,2.9997642040252686,0.0002799090001644799,1.1688340849914119e-05,57.500579833984375,0.0014588825000828366,0.002821234828740932,3.2194433212280273,0.00022972619972279064,2.179578229832686e-05,1.0301437377929688,6.249520010896959e-05,1.0588887681914857e-05,15.533638000488281,0.0009241417999874102,0.0009046788788979203,51.51109313964844,0.00011249530016357311,1.645983753372294e-05,1.5621287822723389,0.00015797060004842933,1.570305124818878e-05,3.0935287475585938,0.0008537234998584609,0.00010221136829175429,2.515566349029541,0.00022265120041993215,1.989593632975197e-05,2.7705888748168945
16,2,123,cpu,5.409499990491895e-05,1.98108778920277e-05,-1.3377102613449097,0.008682437499919616,0.0015998434134468719,58.41413116455078,0.00018268909989274106,2.2488786867937164e-05,3.3695127964019775,0.008323743799883232,0.008822032866229578,0.21970029175281525,3.989849992649397e-05,1.063420387842904e-05,15.99660873413086,0.00018783050018100766,2.1839803326960707e-05,53.91220474243164,3.9610799649381076e-05,9.408804949922766e-06,1.5821876525878906,8.213789988076314e-05,1.156554230404846e-05,3.2896714210510254,0.00026859369991143466,2.0438233719389447e-05,2.552147388458252,8.310640023410088e-05,1.1921457972704917e-05,91.96443176269531
16,2,123,cuda,0.00010336870036553591,1.425046231107633e-05,-1.3377101421356201,0.00118447360018763,0.002430397885102417,58.41419219970703,0.000604081300116377,2.3394226282905147e-05,3.369513988494873,0.0003441047003434505,2.145891649705035e-05,0.2197003960609436,9.451860005356138e-05,1.3273376359849894e-05,15.99660873413086,0.0018038514002910234,0.0035770930639909427,53.91222381591797,0.00010739360004663467,1.4257301662537072e-05,1.5821874141693115,0.00016032330004236428,2.5256332272729523e-05,3.2896711826324463,0.0006807624999055406,3.152296477290837e-05,2.552147388458252,0.00016103809994092445,3.0120124488305484e-05,91.96443176269531
16,2,456,cpu,3.1955600206856616e-05,7.746678834291669e-06,-3.573347806930542,0.0007218786004159483,0.0012523360342333617,57.79941940307617,0.00017865590016299392,1.6289852948787513e-05,3.3625106811523438,0.007542817699868465,0.00035469924486318766,0.2423427850008011,2.779499991447665e-05,7.749683164651318e-06,15.863480567932129,0.00012969310009793844,1.183085481974103e-05,53.8001708984375,3.424060014367569e-05,1.7440281386967345e-05,1.5518581867218018,5.7858999934978786e-05,8.342676355159197e-06,2.9549953937530518,0.00018951679976453306,1.4593995518415806e-05,2.5592174530029297,5.902230004721787e-05,9.377270507091416e-06,-22.034339904785156
16,2,456,cuda,7.502539974666434e-05,1.0040384105811782e-05,-3.573348045349121,0.000320385299710324,2.356195092438662e-05,57.79951858520508,0.0005341674996088841,1.3169152567282439e-05,3.3625123500823975,0.0002507821001927368,1.5269607768122243e-05,0.2423427551984787,7.48108999687247e-05,1.440957603025675e-05,15.863479614257812,0.0005539139003303717,1.2565494853977334e-05,53.80019760131836,7.896410006651422e-05,1.0160774506214953e-05,1.5518583059310913,0.00011250640000071144,1.5087788771811506e-05,2.9549951553344727,0.0007026330998996855,7.801310991910703e-05,2.559217691421509,0.00016245789975073422,2.4118872000244552e-05,-22.034339904785156
16,4,42,cpu,3.2339100107492415e-05,7.390344929050421e-06,0.043001338839530945,0.006667313000252762,0.0018942436194320299,59.104637145996094,0.00018355209977016784,1.216920240043525e-05,3.344974994659424,0.006992383099714061,0.0008494878628070132,0.7797704339027405,2.417310024611652e-05,6.944874256452035e-06,16.06266975402832,0.00017355409945594147,2.58950119477633e-05,53.519596099853516,2.4286299958475865e-05,6.48238584150328e-06,1.6044955253601074,6.149919991003117e-05,1.0302917490162612e-05,3.2172656059265137,0.00022033069981262088,1.4241866675686651e-05,2.5255398750305176,4.9755899999581744e-05,8.489865050846755e-06,4.814663887023926
16,4,42,cuda,6.429080021916889e-05,9.306287448032064e-06,0.04300129413604736,0.00027466959963931006,1.1017415575541212e-05,59.10467529296875,0.0005299174001265783,1.7934095939236442e-05,3.3449771404266357,0.00025455810009589186,3.3708343105204394e-05,0.7797709107398987,6.304230009845924e-05,8.56157213028306e-06,16.062671661376953,0.0005283172000417835,1.4525882729394115e-05,53.519630432128906,6.939289978618035e-05,9.444677853594612e-06,1.6044955253601074,0.00010046309998870128,1.4518083148949039e-05,3.2172651290893555,0.0006417324999347329,1.5089612263073026e-05,2.5255398750305176,0.00013253419965622015,1.0556272126333854e-05,4.814663887023926
16,4,123,cpu,2.7534000037121586e-05,6.931086907021997e-06,0.5319695472717285,0.006102681100310292,0.0027940717730801008,57.81278991699219,0.00016040579976106528,2.270698285977183e-05,3.36165189743042,0.007666859999881126,0.0006768086592889601,0.5113632678985596,2.567789997556247e-05,7.914086778297195e-06,15.878551483154297,0.0001587671000379487,1.1238667334426208e-05,53.78642654418945,2.4276600015582517e-05,6.367401405346315e-06,1.562684416770935,5.571599995164433e-05,8.123295382203362e-06,3.1065492630004883,0.00021642179981427035,1.6718112842458723e-05,2.5556747913360596,5.0891400314867495e-05,8.262610603988082e-06,50.315826416015625
16,4,123,cuda,6.956460001674713e-05,1.4320090751479446e-05,0.5319696664810181,0.0002727982000578777,1.8936916462994357e-05,57.812843322753906,0.0005259707999357488,1.457936259718859e-05,3.3616528511047363,0.0002196734003518941,1.6999040164541273e-05,0.5113623738288879,6.253269966691733e-05,9.209981890803378e-06,15.878552436828613,0.0005233929003225057,1.5167010265289914e-05,53.78644561767578,6.870260040159337e-05,8.673756897201548e-06,1.562684416770935,9.318689972133143e-05,7.712832680047331e-06,3.1065492630004883,0.0006378512000082992,1.256115585791437e-05,2.5556747913360596,0.00012934930000483292,1.0655475965204948e-05,50.315826416015625
16,4,456,cpu,3.084039999521337e-05,9.438143104422337e-06,-0.25230228900909424,0.006322850899960031,0.0014373181597129522,58.70811462402344,0.00015724349996162345,1.2806268589849062e-05,3.29300856590271,0.008192091099954269,0.0013664752904440532,0.435481458902359,2.4066299738478845e-05,7.281176494318904e-06,15.69357681274414,0.00016335080053977435,1.6374406680850233e-05,52.68813705444336,2.3709900233370718e-05,6.0522922375949815e-06,1.548555612564087,5.534340034500929e-05,7.3069750416125455e-06,2.961491584777832,0.0002125225999407121,1.5330564415550407e-05,2.5430407524108887,5.089260030217701e-05,9.488614868598388e-06,-17.185184478759766
16,4,456,cuda,6.45397003609105e-05,9.323132477383559e-06,-0.2523024082183838,0.00028399309994711077,1.4214144437379571e-05,58.70820617675781,0.0005352714000764536,2.6548255278752727e-05,3.2930099964141846,0.00022201939955266426,1.3609698028801633e-05,0.435479998588562,5.9930200040980705e-05,8.542310076117825e-06,15.693575859069824,0.0005300237997289514,1.37492431264079e-05,52.68816375732422,6.979399986448698e-05,9.816531914051502e-06,1.548555612564087,9.577080036251572e-05,9.587958184822849e-06,2.961491346359253,0.0006684766001853859,4.866468943849075e-05,2.5430407524108887,0.00013264270019135437,1.2808067393977258e-05,-17.185184478759766
16,8,42,cpu,2.7621100161923096e-05,6.9788109953330705e-06,0.4956281781196594,0.0074215891996573195,0.0023421074407789376,55.59864044189453,0.00045101969990355426,2.2009140663452297e-05,3.3067779541015625,0.010805714599882776,0.00010553236453039597,0.825309157371521,2.607609967526514e-05,7.109891001607507e-06,15.798896789550781,0.0002620017003209796,1.738979210399455e-05,52.90843963623047,2.59375001405715e-05,6.995145522337205e-06,1.581371784210205,7.595349998155144e-05,1.1985456548666434e-05,3.0683934688568115,0.0003191117997630499,1.9111962084723632e-05,2.5303385257720947,5.111820046295179e-05,8.705497005760981e-06,7.495887756347656
16,8,42,cuda,0.0004807849998542224,0.0012350767554006549,0.4956282377243042,0.0003044784994926886,2.315999366347294e-05,55.598697662353516,0.0005315693000738974,2.087432168298864e-05,3.306778907775879,0.00023548710014438258,1.9572563385551673e-05,0.8253105878829956,6.311739980446873e-05,9.608750503823198e-06,15.798896789550781,0.0005656002002069726,2.79514411782992e-05,52.90846252441406,7.341399978031405e-05,1.023234028845062e-05,1.5813720226287842,0.00010088510025525465,9.804698084385011e-06,3.0683934688568115,0.000674527999763086,6.3199399862472e-05,2.5303385257720947,0.00013871060000383295,1.264700669602396e-05,7.4958882331848145
16,8,123,cpu,3.6574799923982934e-05,1.2691179586281876e-05,0.4776298999786377,0.007715081600326812,0.0013632063289307245,55.04253387451172,0.00029390069976216183,6.186710916566015e-05,3.3991873264312744,0.012112183799945341,0.0002535787216999986,0.8821591138839722,8.096600013232091e-05,1.6015010704755484e-05,15.987678527832031,0.0010165553001570515,6.20825942099484e-05,54.38699722290039,8.488999992550816e-05,1.643479561626275e-05,1.5802046060562134,0.00027215890022489473,2.367006363879866e-05,3.1562843322753906,0.001200024700119684,7.596570704258299e-05,2.558527946472168,0.00017366899992339314,1.8791826483879053e-05,21.92273712158203
16,8,123,cuda,0.000202836299649789,2.7267782000919675e-05,0.4776299297809601,0.0006746191000274848,4.455448912478248e-05,55.0426025390625,0.0008512480000717915,4.565667052632926e-05,3.3991880416870117,0.0006983523000599235,4.7839411653131e-05,0.8821532726287842,0.00018429209994792474,2.1503806348210524e-05,15.987678527832031,0.0008609834998424048,4.094871488650754e-05,54.38701629638672,0.0002196341998569551,2.9285478098005347e-05,1.580204725265503,0.0003065615999730653,3.662933045723085e-05,3.1562843322753906,0.001041601899487432,0.00021260086973149347,2.558527708053589,0.0002263359994685743,2.4121947499824393e-05,21.92273712158203
16,8,456,cpu,4.898289989796467e-05,1.1076534257154852e-05,-0.7033472657203674,0.001081630599765049,0.0003019397061356319,59.785400390625,0.0005339113002264639,0.0001308998323522633,3.36991286277771,0.010479897900222569,0.0012658353772170366,0.3607613742351532,5.0119399929826614e-05,3.218445504663692e-05,16.09788703918457,0.00048715200027800166,3.1219405777936006e-05,53.918601989746094,4.659770056605339e-05,1.1380326894110828e-05,1.5994172096252441,0.00012616310013982,1.52182711661006e-05,3.2031350135803223,0.0005900101999941398,3.34977855102234e-05,2.5393588542938232,9.740810019138735e-05,1.8234384342248835e-05,21.800037384033203
16,8,456,cuda,0.00011515140013216297,3.052512465812439e-05,-0.7033473253250122,0.00043896970000787403,9.67106181514755e-05,59.785491943359375,0.0006390898997779004,3.5898900861526666e-05,3.3699145317077637,0.00041658149948489156,7.525065986671681e-05,0.3607606291770935,9.929620009643258e-05,1.5651713225118335e-05,16.09788703918457,0.000654191799731052,5.571354979200467e-05,53.91863250732422,0.00011309580022498267,1.6527521822518287e-05,1.5994172096252441,0.00016079999986686743,1.5824751175237348e-05,3.2031352519989014,0.0008339959997101687,4.149119863747026e-05,2.5393590927124023,0.00023299709955608704,3.732799649325171e-05,21.80003547668457
16,16,42,cpu,5.130380031914683e-05,1.1627296240214595e-05,0.02410602569580078,0.0012056193998432718,4.315835842425277e-05,55.18159484863281,0.0008774586000072304,7.634690747429362e-05,3.344667911529541,0.007526131100348721,0.0001675187885245812,1.9766563177108765,4.345249999460066e-05,1.0478002802175796e-05,15.928624153137207,0.0020177388001684448,0.0035173251136819206,53.51468276977539,4.7498000276391396e-05,1.074407070559592e-05,1.5952986478805542,0.0001715957001579227,1.3470924833856837e-05,3.130854845046997,0.0009408916001120815,3.304983802591504e-05,2.53680419921875,8.841569997457555e-05,1.4318404872505845e-05,-2.5579168796539307
16,16,42,cuda,0.00010819249982887413,1.4920799320385633e-05,0.024106085300445557,0.0008294374001707183,0.0013166050104698108,55.181663513183594,0.0007383003001450561,0.00011775670329353898,3.3446691036224365,0.000366253199899802,3.2253564011746105e-05,1.9768013954162598,0.00010081439995701658,1.536526484855737e-05,15.92862319946289,0.0006245181002668687,2.586972503339933e-05,53.514705657958984,0.00011295590047666337,1.5192886394966913e-05,1.5952987670898438,0.00015396039962070062,1.366827792887763e-05,3.130854606628418,0.0008219272996939253,3.389957088338821e-05,2.53680419921875,0.00022075279975979355,2.0584703366760205e-05,-2.5579164028167725
16,16,123,cpu,5.147650044818874e-05,1.2494163988931568e-05,1.549049735069275,0.0012469851000787458,3.1128202155859615e-05,55.89018249511719,0.000831760799883341,2.5489297143702584e-05,3.4026260375976562,0.007921402500141995,0.000311236606144607,0.9422566890716553,4.975020001438679e-05,1.9254530780466944e-05,16.10700798034668,0.000839297600032296,3.659402625561718e-05,54.44200897216797,4.809860001842026e-05,9.659363822256232e-06,1.5946247577667236,0.00017601430026843446,1.9867199514166664e-05,3.2669451236724854,0.0009425152997209807,2.633434166360883e-05,2.5467801094055176,9.559890004311456e-05,2.1505435354129017e-05,25.663972854614258
16,16,123,cuda,8.310660032293527e-05,1.2133237568998677e-05,1.549049735069275,0.00033366720017511395,2.063314715194062e-05,55.89023971557617,0.000573488199916028,2.076817400528213e-05,3.4026265144348145,0.0002743566003118758,2.261435193916172e-05,0.9422531723976135,7.587569962197449e-05,1.1107051323004664e-05,16.107006072998047,0.0005671183002050384,1.4546572535487437e-05,54.4420280456543,8.585340019635623e-05,1.111725575630557e-05,1.5946247577667236,0.00011899260025529656,1.0380205995238065e-05,3.2669451236724854,0.0007157773003200419,2.1029468931356065e-05,2.5467796325683594,0.00017055019998224452,1.9716288601204728e-05,25.663970947265625
16,16,456,cpu,3.647580033430131e-05,8.360729828989928e-06,-0.706994354724884,0.001079914000183635,0.00016296831902427262,57.19017028808594,0.0005901137999899219,1.8241521752641837e-05,3.385610342025757,0.008627634000004037,0.0008860962432710638,0.607096791267395,3.428029995120596e-05,1.2970970025718375e-05,16.166545867919922,0.0005968808000034187,1.708096162876804e-05,54.169769287109375,3.791279996221419e-05,8.44787342603e-06,1.6121188402175903,0.0001250736997462809,8.8001580873191e-06,3.1988472938537598,0.0006709548002618249,1.736932145132113e-05,2.5377213954925537,6.574159961019177e-05,1.0228282716657354e-05,9.039690017700195
16,16,456,cuda,8.268720011983532e-05,1.1342728147166768e-05,-0.706994354724884,0.0003317078002510243,1.6966236580536208e-05,57.190250396728516,0.0005685746000381187,2.0602892991850103e-05,3.3856122493743896,0.0003019838997715851,4.3896959342500494e-05,0.6070981621742249,8.322609992319485e-05,1.6256930198826126e-05,16.166547775268555,0.0005826440003147582,3.4142612474400155e-05,54.169795989990234,8.989350008050678e-05,1.2115025476489352e-05,1.6121187210083008,0.00012101689990231534,1.1853686731310115e-05,3.1988472938537598,0.0007433008004227304,3.849539308340427e-05,2.537721633911133,0.00016991460033750628,1.599176125784079e-05,9.039690017700195
16,32,42,cpu,4.034199992020149e-05,1.3739414545266287e-05,-0.10291704535484314,0.0032033019000664354,0.0029435783129102286,54.679080963134766,0.0011207179997654749,2.563045652949474e-05,3.3508799076080322,0.007667000500441645,0.00014380506793212065,2.445694923400879,3.4698700073931835e-05,8.74209233112564e-06,15.991315841674805,0.001124208299734164,2.8225131323064424e-05,53.614078521728516,4.232460014463868e-05,8.844846596181194e-06,1.6033391952514648,0.00019269019940111322,1.0233377309172262e-05,3.18239164352417,0.0012057725001795917,5.5244967456320454e-05,2.532674789428711,7.027089995972346e-05,1.0399486656427011e-05,10.49483585357666
16,32,42,cuda,8.320750021084677e-05,1.1464970555176862e-05,-0.10291700065135956,0.0003284231999714393,1.870413331800257e-05,54.67915725708008,0.0005644364000545465,2.4778460057121592e-05,3.350881338119507,0.0002765941002508043,1.928391008757734e-05,2.4458799362182617,7.6698100019712e-05,1.0621247566625507e-05,15.991315841674805,0.0005657117999362526,1.5348134011898522e-05,53.614097595214844,0.0001088862005417468,6.226343643134036e-05,1.6033390760421753,0.00012381129981804407,1.8784678200610788e-05,3.182391405105591,0.0007931456002552295,0.00023211248790782623,2.532674789428711,0.00013988149985380005,1.1181199770427385e-05,10.494836807250977
16,32,123,cpu,3.133810005238047e-05,7.585737092897532e-06,1.6184346675872803,0.0017927170998518704,0.0004579440881480838,54.66792297363281,0.0008998094001071877,3.5693344016157824e-05,3.398092269897461,0.006721650699728343,0.0006579876399328579,0.7731151580810547,2.716349990805611e-05,6.57889470531165e-06,16.063011169433594,0.0008783406001384719,1.694656870486237e-05,54.369476318359375,3.127170002699131e-05,6.250383042534222e-06,1.5944923162460327,0.00015255739981512306,9.3743431293892e-06,3.202627658843994,0.0009392242998728761,2.004425071938617e-05,2.5490241050720215,5.515970005944837e-05,1.0803614442951568e-05,12.596466064453125
16,32,123,cuda,6.698440010950435e-05,9.900248823814587e-06,1.6184345483779907,0.0002801623999403091,1.2430716889435835e-05,54.66797637939453,0.0005263745000775088,1.5954481858539953e-05,3.3980932235717773,0.00022909250019438333,1.4667196923053587e-05,0.7731124758720398,6.141909980215133e-05,9.572895151833687e-06,16.063011169433594,0.0005352478001441341,2.222478437328168e-05,54.3694953918457,6.847230015409878e-05,9.739872580697652e-06,1.5944921970367432,0.00010362070024712011,2.0376532523464262e-05,3.202627658843994,0.000660760899882007,3.333341705646342e-05,2.5490238666534424,0.0001379803998133866,1.8369015272932007e-05,12.596465110778809
16,32,456,cpu,3.109089957433753e-05,8.457852219947297e-06,-0.8411112427711487,0.002240644499397604,0.0014375512464065065,55.67120361328125,0.0008694225001818267,1.5947083661492856e-05,3.3976194858551025,0.009337723899989214,0.010889162468089918,0.7920781970024109,2.7372099793865345e-05,6.699383870205561e-06,16.162635803222656,0.0008640324000225519,1.874539541153736e-05,54.361915588378906,3.60084997737431e-05,1.6373801489131527e-05,1.6119134426116943,0.00015082980007719016,7.242800421605473e-06,3.2228286266326904,0.0009475700000621146,5.2062351996570506e-05,2.5391759872436523,5.585749986494193e-05,8.937469684805122e-06,12.625264167785645
16,32,456,cuda,6.699179975839797e-05,9.460730844005461e-06,-0.8411111831665039,0.0002871220998713397,1.0702235743446037e-05,55.67127227783203,0.0005710554998586304,1.737475192645872e-05,3.397620916366577,0.0002314100998773938,1.4091325127465055e-05,0.7920787334442139,6.431929978134576e-05,8.58996793870336e-06,16.162635803222656,0.0005699529996491037,1.1541626407526178e-05,54.36193084716797,7.098329988366458e-05,9.634831318057513e-06,1.6119134426116943,0.00010264850043313345,1.3358788612717109e-05,3.2228288650512695,0.0006914761997904861,2.5265413869088075e-05,2.5391762256622314,0.00013802370012854225,2.1967744945559898e-05,12.625264167785645
16,64,42,cpu,3.244710005674278e-05,6.527938987367228e-06,-0.37942710518836975,0.004030801500084636,0.002589664584419443,54.771846771240234,0.0016482491999340709,1.9062832238137276e-05,3.371413469314575,0.0018428679997668951,0.00014149879390512677,1.5324623584747314,2.9895600164309144e-05,5.9227012164667366e-06,16.051097869873047,0.0016543492001801496,1.6085237780199016e-05,53.94261169433594,4.787909983861027e-05,1.579991295084898e-05,1.606209635734558,0.00026595829986035823,1.4836438109577128e-05,3.1945996284484863,0.0017615847998968092,4.5410087458481376e-05,2.5370070934295654,6.082340005377773e-05,8.367940093972387e-06,2.947937488555908
16,64,42,cuda,6.468819974543294e-05,8.979314080910251e-06,-0.3794271647930145,0.00029122059986548267,1.672823480833038e-05,54.77191162109375,0.0006170473998281523,1.4201206068877912e-05,3.3714146614074707,0.0002267083000333514,1.793624542153582e-05,1.532555103302002,6.143339996924623e-05,9.044584438488948e-06,16.051097869873047,0.0006160379998618737,1.060741954871433e-05,53.94263458251953,6.814540010964265e-05,1.0147602468228e-05,1.6062095165252686,9.540640021441505e-05,8.501953811267375e-06,3.1945996284484863,0.0007522390002122848,2.3020395913517895e-05,2.5370068550109863,0.00013191970010666408,1.04728907368488e-05,2.94793701171875
16,64,123,cpu,3.7034500019217374e-05,1.1179339451134518e-05,0.8022348284721375,0.002990629799751332,9.334230026942573e-05,55.498008728027344,0.0016802826001367066,2.1893828902553016e-05,3.380528211593628,0.0097701077000238,0.0008447328707462597,1.846447467803955,5.26679003087338e-05,1.0237420408767884e-05,16.024322509765625,0.0032101445003718254,0.00012104852088266014,54.08844757080078,6.593060006707674e-05,1.075864710441896e-05,1.5937614440917969,0.0005227546000242001,8.620365916586348e-05,3.1781482696533203,0.0033709649003867527,0.00016397166253629363,2.5463037490844727,0.00010529090013733367,1.9012007652349214e-05,14.549115180969238
16,64,123,cuda,0.00010924850012088428,2.026646260528205e-05,0.8022348880767822,0.00038825919982627967,1.8957775456615656e-05,55.49807357788086,0.000722713799950725,5.914240075910449e-05,3.3805289268493652,0.00034415199988870884,3.1167630375148925e-05,1.8465012311935425,9.522560012555913e-05,1.5084170504828845e-05,16.024322509765625,0.0007049725994875189,1.7812372922205166e-05,54.088462829589844,0.00010833500018634368,1.6686380857291816e-05,1.5937613248825073,0.00018406120016152273,8.624112751735998e-05,3.1781485080718994,0.000982529500288365,0.00023692314578217894,2.5463039875030518,0.00021637290010403376,3.412746829844222e-05,14.549115180969238
16,64,456,cpu,5.281710054987343e-05,1.0359724061790907e-05,-0.038132816553115845,0.004726246199425077,0.00017995208930429848,54.93444061279297,0.0024232928999481373,3.7145668126802165e-05,3.3467485904693604,0.007781235499533068,5.7462818923426046e-05,0.6442508101463318,4.1306000093754845e-05,8.446908616545537e-06,15.9111967086792,0.002509543400083203,8.057458036090796e-05,53.547977447509766,5.430109995359089e-05,9.439721435965593e-06,1.587311863899231,0.00038228910034376895,3.099632305110042e-05,3.123351573944092,0.002588452999953006,7.318346218456214e-05,2.541212797164917,8.339420000993413e-05,1.0477435784825394e-05,-3171.822021484375
16,64,456,cuda,9.289089994126697e-05,1.790912612343118e-05,-0.03813282400369644,0.00034721800020633966,2.2167933453329633e-05,54.93450927734375,0.0006684054000288597,2.0591616901848998e-05,3.346749782562256,0.0002944423995359102,1.895398225751864e-05,0.6442508697509766,8.368239959963831e-05,1.3357023036766006e-05,15.911197662353516,0.0006744381002135924,3.358954534926171e-05,53.547996520996094,0.0001046414001393714,3.431423632245106e-05,1.587311863899231,0.00013109859992255224,1.7033191373324893e-05,3.123351573944092,0.0008896684999854188,7.325820582234903e-05,2.541212558746338,0.00019391570040170337,3.150358741355224e-05,-3171.82177734375
16,128,42,cpu,5.249109981377842e-05,1.105382178387301e-05,-0.785006046295166,0.007117858300080116,0.000172352272000305,54.602230072021484,0.00422410290047992,0.000756025927904748,3.3825507164001465,0.009354239799904462,0.0007449214658151205,1.571021318435669,3.593769997678464e-05,6.712646768062498e-06,16.055805206298828,0.0032471672000610853,1.5882668824865833e-05,54.120811462402344,7.224829951155698e-05,9.480327553583133e-06,1.6038644313812256,0.00047845720018813154,1.4197209944731225e-05,3.198781728744507,0.0033628947001488997,7.133296414876696e-05,2.5425078868865967,6.421059970307397e-05,8.28419868454796e-06,2.8523268699645996
16,128,42,cuda,6.515870027214987e-05,8.734966708753732e-06,-0.785006046295166,0.0002992254005221184,1.5167679066787765e-05,54.60230255126953,0.0009539389995552483,3.646719406597481e-05,3.382551908493042,0.0002245227002276806,1.0111716322747683e-05,1.5711952447891235,5.9321700064174365e-05,8.34601458923362e-06,16.055805206298828,0.0009671350999269634,3.32612510939801e-05,54.12083435058594,7.13323002855759e-05,2.6354484437643028e-05,1.603864312171936,9.361940010421677e-05,8.231512079447801e-06,3.1987814903259277,0.001116220699987025,1.8456892128428834e-05,2.5425076484680176,0.00016292769996653078,5.0970711753189496e-05,2.8523263931274414
16,128,123,cpu,3.658930017991224e-05,7.128258523988089e-06,0.6158032417297363,0.005579723400296643,7.010071177477064e-05,54.71263885498047,0.0032994164001138417,2.4528108792340255e-05,3.3778693675994873,0.007689106600264495,0.0009622866634350079,15.077310562133789,7.258049936353927e-05,1.9895226363760945e-05,16.013795852661133,0.0062222290000136125,0.00015591739655644333,54.04590606689453,0.00011897889999090694,1.6363280724064307e-05,1.5965092182159424,0.0008937093001804896,2.409052610065213e-05,3.174187421798706,0.006166779300110647,0.0001040463994484688,2.544261932373047,0.00010531440020713489,1.24526420569049e-05,-752.6080322265625
16,128,123,cuda,0.00010081130003527505,1.4184567267676993e-05,0.6158032417297363,0.0004034409997984767,3.967670910138083e-05,54.71270751953125,0.0010750134993941173,2.315840094743074e-05,3.3778700828552246,0.0003374363002876635,2.809401683486639e-05,15.10031509399414,9.389710012328579e-05,1.2993819760051201e-05,16.0137939453125,0.001089550599863287,3.090554218041027e-05,54.045921325683594,0.00012580440015881323,4.732569318048174e-05,1.5965092182159424,0.00016939480065047974,2.9855951067150586e-05,3.174187183380127,0.0012937010000314332,3.782062670339033e-05,2.544261932373047,0.0002118068998242961,1.724501401468161e-05,-752.6080322265625
16,128,456,cpu,5.8498900216363836e-05,9.561739785233729e-06,0.09254045784473419,0.007837142500284245,0.0007736967247390428,54.63426208496094,0.004799671500040859,8.46191723040286e-05,3.360074758529663,0.009838613100328075,0.0005904070102061899,0.6943682432174683,5.8725000053527764e-05,9.503637473440936e-06,15.966287612915039,0.005965311200270662,2.637550183131991e-05,53.761192321777344,0.00011209739986952627,1.1023572373089374e-05,1.5941001176834106,0.0008796632000667159,3.4981823897405204e-05,3.14178204536438,0.0064347250003265796,0.0002530604547179548,2.540999412536621,0.00010921089997282252,1.5013608329078402e-05,-1580.7012939453125
16,128,456,cuda,0.00010997379995387746,2.5095667199763224e-05,0.09254046529531479,0.00043598100000963314,5.910490417215923e-05,54.63433837890625,0.0011535978999745566,0.00010193573419155486,3.3600759506225586,0.00035679270022228595,2.557300236138296e-05,0.6943763494491577,9.64885995927034e-05,1.4587565161313356e-05,15.966286659240723,0.0010278838000886026,3.3120914567513736e-05,53.76121520996094,0.00011924370010092389,2.8217576189215028e-05,1.5941001176834106,0.0001562235998790129,1.2253014421992308e-05,3.141781806945801,0.0012224786998558557,2.9280319706600096e-05,2.540999412536621,0.0002244184999653953,2.471545662692133e-05,-1580.7012939453125
16,256,42,cpu,7.916169997770339e-05,1.8056714615451904e-05,-0.4456031620502472,0.01800471739989007,0.0008523967497243995,55.31592559814453,0.0119487656000274,0.00010264643855676925,3.3841497898101807,0.019057995799994388,0.0033819250968652307,1.5153394937515259,5.470529995363904e-05,1.2553742049239985e-05,16.0824031829834,0.010247176099801436,0.001890110246919492,54.146392822265625,0.0001096376994610182,9.896169429529483e-06,1.604736328125,0.0010819170996910544,3.705853400591729e-05,3.2008776664733887,0.007868470000175876,8.184269697121507e-05,2.540680170059204,9.141010013991036e-05,1.076978308967523e-05,-138.0610809326172
16,256,42,cuda,8.351399992534425e-05,1.680250253629952e-05,-0.4456031620502472,0.0003534670993758482,1.8362519774892873e-05,55.31599807739258,0.0014315492000605446,2.6393714936424206e-05,3.384150981903076,0.0002829728000506293,1.6315294509392207e-05,1.5154246091842651,8.317629963130457e-05,4.054293593141448e-05,16.08240509033203,0.001476296100008767,4.491644302265627e-05,54.14641571044922,9.466789997532032e-05,1.5877102674323102e-05,1.604736328125,0.000148971300041012,3.296979203513513e-05,3.2008774280548096,0.0016038321997257298,2.32067615794916e-05,2.540679931640625,0.00017521870013297302,4.3459792846679204e-05,-138.0610809326172
16,256,123,cpu,5.242200004431652e-05,7.864320966199309e-06,0.2051367312669754,0.01877943770014099,0.0023239379127293824,54.78767395019531,0.011940791599772637,6.534048006680796e-05,3.3770837783813477,0.05041298690011899,0.0033960826870971746,8.072271347045898,0.006902662900029099,0.0034405813534338003,16.020002365112305,0.008981146899532177,3.173964175651044e-05,54.03334045410156,0.00010864139967452502,9.807655613441568e-06,1.5979669094085693,0.0013975708001453314,0.00031536556184153224,3.1642277240753174,0.00945621589980874,0.00016910169806239278,2.5440564155578613,0.0001061877999745775,1.8714597056413404e-05,-380.7817077636719
16,256,123,cuda,8.850249996612547e-05,1.3342936645906825e-05,0.20513664186000824,0.0003885935997459455,3.0101435255488646e-05,54.78773880004883,0.0015013164998890715,3.1026691170495556e-05,3.3770852088928223,0.00031656940009270327,4.631655956526867e-05,8.083765029907227,9.145449967036256e-05,1.8698457157009642e-05,16.020002365112305,0.0014793203999943216,2.5659718852000118e-05,54.033363342285156,0.00010049810007330961,2.7332644078951138e-05,1.5979669094085693,0.0001345236001725425,2.265432381950023e-05,3.1642274856567383,0.0017506401003629436,0.00010905444150424593,2.5440566539764404,0.00017880120012705447,1.723953155834281e-05,-380.7817077636719
16,256,456,cpu,5.775089994131122e-05,8.95764987072622e-06,0.1853621006011963,0.01165744599984464,0.00022731856617875693,54.94442367553711,0.006784258500010765,0.0005145272083109027,3.3587992191314697,0.006890621300044586,0.001228910618811565,0.7369251847267151,6.641990039497614e-05,1.1068280890911182e-05,15.967057228088379,0.012757121499998903,0.0009669745258167091,53.74079513549805,0.0001325482002357603,1.3670850145962321e-05,1.5953103303909302,0.001735533400096756,0.00010360140862947169,3.133531332015991,0.012672157899578452,0.00016985814377383455,2.5405025482177734,0.00012116690031689359,1.3465991392237171e-05,-784.3323364257812
16,256,456,cuda,0.00011040400022466201,1.703979060634507e-05,0.1853620409965515,0.00044808429975091714,3.245340557967863e-05,54.94449234008789,0.0015785521994985175,6.526999015245183e-05,3.3588008880615234,0.00037793570027133683,3.626375633403516e-05,0.7369276285171509,0.00010748219974630047,2.5329722687318057e-05,15.967056274414062,0.0015418436001709778,6.753963108921405e-05,53.740814208984375,0.00011685629997373325,1.7992746943152265e-05,1.5953103303909302,0.00017226090021722485,3.0296092502763298e-05,3.133531332015991,0.0017880778996186564,3.709198948319769e-05,2.5405023097991943,0.00024706109979888424,4.161498174360516e-05,-784.3323974609375
16,512,42,cpu,0.0001030438999805483,2.3877929294030316e-05,-0.33345648646354675,0.03614694699972461,0.0006362071457189061,55.143035888671875,0.017822369300301944,0.003108240655727707,3.3785905838012695,0.04445387429987022,0.003475550036626758,1.260604739189148,0.007771534099811106,0.003867242003678704,16.05946159362793,0.022125030099778085,0.004209958198851515,54.05744552612305,0.00015296580022550188,2.0586799380047872e-05,1.602576732635498,0.0032843452998349678,5.8973205036257266e-05,3.184879779815674,0.019771763300013845,0.0026395680210516514,2.5402345657348633,0.00015010859988251468,2.41730366080382e-05,-68.30995178222656
16,512,42,cuda,0.00011598250002862188,1.775470983850596e-05,-0.33345648646354675,0.0006604072001209716,0.0002655716616550661,55.14311218261719,0.0024144362001607077,2.8388843200365413e-05,3.378591537475586,0.00043215230016357964,3.412815908214858e-05,1.2606480121612549,0.00010929090003628517,1.7303127608165727e-05,16.05946159362793,0.0024173851001251024,3.382250465530903e-05,54.057464599609375,0.00013532870034396182,1.858640141690547e-05,1.602576732635498,0.00018830159988283412,1.6027037973040078e-05,3.184880018234253,0.0026440450998052255,3.281462580282559e-05,2.5402345657348633,0.00024975729993457205,3.1043410686264666e-05,-68.30995178222656
16,512,123,cpu,9.973029955290258e-05,1.154205765261953e-05,0.13530239462852478,0.03484537749973242,0.004813662454492129,55.065887451171875,0.02375414450016251,0.00011816698312038895,3.374325752258301,0.043873277299826444,0.003670826393499991,4.4767560958862305,0.006362721300138219,0.0029695390696537504,16.01938819885254,0.026178244699440256,0.0028111035241584004,53.98921585083008,0.0001662382997892564,2.285894252306137e-05,1.5972089767456055,0.0034594828999615856,0.00033729236564248444,3.161541223526001,0.02505273250008031,0.0006835494796050115,2.542764902114868,0.00014832249980827327,1.6846320619798575e-05,-188.1802978515625
16,512,123,cuda,0.00012315290005062706,1.8447377497912458e-05,0.1353023499250412,0.0005882962001123815,3.323063853940329e-05,55.065956115722656,0.0024430796001979616,3.3157638175941394e-05,3.3743269443511963,0.0004308272003981983,3.324219357113133e-05,4.482503414154053,0.0001282699000512366,5.175219071496412e-05,16.01938819885254,0.002409389300009934,6.38935244840779e-05,53.989234924316406,0.00010493229983694618,1.4797997151479818e-05,1.5972089767456055,0.00015103550013009225,2.5816131716759134e-05,3.161541223526001,0.0025034263002453373,3.501842753716055e-05,2.542764902114868,0.0001706210003248998,1.5694237478483702e-05,-188.18031311035156
16,512,456,cpu,6.963010018807836e-05,7.930356238424515e-06,0.07634482532739639,0.03726379180025106,0.002005717615103103,54.634822845458984,0.02571218610028154,0.0023322663297913188,3.3614389896392822,0.011948592699991423,0.0006421788275264946,1.258857011795044,8.018690004973905e-05,1.4851875868283631e-05,15.960132598876953,0.02381984250023379,0.00043049582520943787,53.783023834228516,0.00016227149972110056,2.5147889412513577e-05,1.594124436378479,0.002557094599796983,0.0007050282300608523,3.1405234336853027,0.016213865400095527,9.997951888188878e-05,2.5422332286834717,0.00010626810017129173,1.990839120891976e-05,-387.24078369140625
16,512,456,cuda,8.218410002882592e-05,1.1487218807198687e-05,0.07634478062391281,0.00046173350001481593,1.821080946525432e-05,54.634891510009766,0.002335277999918617,1.6621001851267514e-05,3.3614401817321777,0.0003251423002438969,5.030880019635531e-05,1.2591440677642822,7.71420001910883e-05,1.1606788438223782e-05,15.960132598876953,0.0023350963996563224,1.4128957956975309e-05,53.783042907714844,9.66188001257251e-05,1.3242895944519295e-05,1.5941243171691895,0.00014677849994768622,3.020643411303059e-05,3.1405234336853027,0.0024886658999093924,1.8063098263580405e-05,2.5422332286834717,0.0001663373001065338,1.7914385837422367e-05,-387.24078369140625
16,1024,42,cpu,9.419469970453064e-05,8.522587604372465e-06,-0.28432321548461914,0.04564122429983399,0.0007537636499903432,55.0650634765625,0.02541007540003193,3.8892011203798204e-05,3.37178373336792,0.015827892599918413,0.0016890086303859673,1.1086180210113525,5.780510018666973e-05,9.251292489025052e-06,16.02080535888672,0.04337224570008402,0.006948976563281027,53.94853973388672,0.00018222719991172197,2.054719977617766e-05,1.598746657371521,0.0051477048000379,5.222391235824817e-05,3.1611335277557373,0.028639695400124766,0.0035930687935475645,2.5414044857025146,0.00013578959988080896,1.709158193689617e-05,-28.246479034423828
16,1024,42,cuda,7.199499996204394e-05,9.823330019317213e-06,-0.28432321548461914,0.0006146805997559567,1.6786981443601527e-05,55.06513214111328,0.004191639900273003,1.1855806136975006e-05,3.3717851638793945,0.000314722800249001,1.971864625505899e-05,1.1086487770080566,6.7183599639975e-05,9.428919868512782e-06,16.02080535888672,0.004198152600292815,2.1730408802347294e-05,53.94856262207031,8.38714006022201e-05,1.0660846670880298e-05,1.5987467765808105,0.00011270330014667707,1.0110489634569126e-05,3.161133289337158,0.0043359103003240305,2.050428255086863e-05,2.5414044857025146,0.00014359499964484713,1.2098710381063013e-05,-28.246479034423828
16,1024,123,cpu,8.25319999421481e-05,7.2744873490106245e-06,0.14006075263023376,0.0682339947006767,0.004667909883092559,54.97425842285156,0.02983569760035607,0.00030502438675084564,3.3732357025146484,0.023296530100196833,0.003955631058976942,3.136662244796753,0.00854121210068115,0.00450071413961075,16.01468849182129,0.040860200499810165,0.004783682719861855,53.971771240234375,0.00017911919985635905,1.9630861199825862e-05,1.5979410409927368,0.00577220089999173,0.0007914782613935924,3.1607654094696045,0.048107404300026246,0.0005428119116687381,2.5426721572875977,0.00016723690005164825,2.3336618661614473e-05,-86.65479278564453
16,1024,123,cuda,0.000125203100105864,3.7922614425153734e-05,0.14006073772907257,0.000734708399977535,3.929051721947443e-05,54.974327087402344,0.00433752730004926,2.3248704299670774e-05,3.373236656188965,0.0004608698001902667,4.063206289658316e-05,3.1395397186279297,0.00012355199978628662,3.3352253588334625e-05,16.014690399169922,0.004382938199705677,4.361781517790648e-05,53.97178649902344,0.00014021860024513444,1.9748194690258576e-05,1.5979411602020264,0.00019460610001260649,2.6011337972712227e-05,3.1607654094696045,0.004586081199704495,6.343329865573724e-05,2.5426721572875977,0.0002343830999961938,2.9414510214665378e-05,-86.65479278564453
16,1024,456,cpu,0.00013767550044576637,1.3658587701818797e-05,0.05730881541967392,0.0747835642998325,0.005051208114442074,54.72925567626953,0.04789520210015326,0.006040200946387943,3.36517596244812,0.019661746199562912,0.0007275924149968909,1.2498112916946411,8.95247001608368e-05,1.7289821514529018e-05,15.979706764221191,0.03636220909957046,0.0014104313182678344,53.84281539916992,0.0001990677003050223,2.900558796000348e-05,1.5953121185302734,0.0043285740999635895,0.0007177251335656119,3.1516213417053223,0.04560636149963102,0.0035402326564442635,2.5421996116638184,0.0001429114996426506,1.4599463874773908e-05,-190.36033630371094
16,1024,456,cuda,0.00010251879975839984,2.0398172163573627e-05,0.05730882287025452,0.0006957038998734788,3.028451689805943e-05,54.72932434082031,0.004243783699894266,1.996675739760377e-05,3.3651771545410156,0.0003867548999551218,2.2398459387543998e-05,1.2499525547027588,9.649220010032877e-05,2.2797577347007793e-05,15.979705810546875,0.0042529702997853745,2.003144397830974e-05,53.84283447265625,0.000109402899761335,1.4670832231857012e-05,1.5953121185302734,0.0001482485000451561,1.3127742361565007e-05,3.1516213417053223,0.004461826799888513,6.088591237387464e-05,2.5421996116638184,0.00019929930022044573,2.3805148373367788e-05,-190.3603515625
32,1,42,cpu,3.9230599759321195e-05,9.363766992560459e-06,11.20211410522461,0.00045400620001601055,9.152982520740479e-05,118.86724853515625,0.00022652960014966084,2.5434961323379513e-05,4.765288352966309,0.00016701409986126238,2.108129534815509e-05,0.11164094507694244,3.511909999360796e-05,1.0013368715485758e-05,32.147003173828125,0.00024114749994623707,3.5594046970592155e-05,152.48922729492188,3.573419999156613e-05,9.823201514732805e-06,1.6044955253601074,7.085510042088572e-05,1.1287386643282138e-05,4.49398136138916,0.0003036528001757688,1.933351570003613e-05,3.23569655418396,6.952660023671343e-05,1.1271172867107858e-05,-80.02694702148438
32,1,42,cuda,9.204480011248961e-05,1.3082128411523818e-05,11.20211410522461,0.0008876244004568434,2.8253667932604532e-05,118.8676986694336,0.000739150499975949,2.2513932256010903e-05,4.765293598175049,0.00045523009976022877,2.9650683370755622e-05,0.11164097487926483,8.778029987297487e-05,1.6503774691729024e-05,32.147003173828125,0.0007438525000907248,2.0406966059043316e-05,152.48939514160156,0.0001000203998046345,1.8013089598337178e-05,1.6044955253601074,0.00013467989974742524,1.3061647124436715e-05,4.49398136138916,0.0008974114001830457,2.2002720362275233e-05,3.235696315765381,0.0001800144000299042,1.5097993363986714e-05,-80.02694702148438
32,1,123,cpu,4.210370043438161e-05,1.6519960342877993e-05,-8.897163391113281,0.00033716110010573175,3.5587502487980245e-05,112.43043518066406,0.0002178155997171416,2.0127673755155727e-05,4.775120735168457,0.00014982100019551582,1.5055939529219351e-05,0.2332039624452591,3.3388499832653903e-05,9.527134040022226e-06,31.758390426635742,0.0002233576997241471,1.67295606860289e-05,152.80386352539062,3.457399998296751e-05,8.869420811131071e-06,1.562684416770935,7.003639948379713e-05,1.0724123903727106e-05,4.48797082901001,0.00029484779988706575,2.3259022854001e-05,3.248086929321289,6.81592997352709e-05,1.1104270297090566e-05,16.417673110961914
32,1,123,cuda,8.779559993854491e-05,1.2154648778076041e-05,-8.897162437438965,0.0008863702996677603,3.902810518188449e-05,112.4307861328125,0.0007433146000039414,2.0279541449260332e-05,4.775123119354248,0.00045311539979593364,2.2934526405371984e-05,0.2332039475440979,8.534990029147593e-05,1.1844828214968518e-05,31.758392333984375,0.0007952253001349164,0.0002512915585110802,152.80393981933594,7.850099973438773e-05,2.0480666698129037e-05,1.562684416770935,0.00010118869977304712,8.839931533181693e-06,4.487971305847168,0.0008131678001518594,2.2716207507876117e-05,3.2480874061584473,0.00014280600007623434,1.6114453500344054e-05,16.417673110961914
32,1,456,cpu,2.7412199779064393e-05,7.173244511130657e-06,0.5938671827316284,0.0002586390002761618,2.6253178088682596e-05,113.41064453125,0.00016027550009312108,1.690983090289725e-05,4.656029224395752,0.00011506860028021038,1.045138518685689e-05,0.23267820477485657,2.5161300618492534e-05,8.022545994963829e-06,31.39844512939453,0.0001596625001184293,1.312173522563233e-05,148.99293518066406,2.5428700064367148e-05,7.498302913112698e-06,1.548555612564087,5.266490024951054e-05,7.720125088673532e-06,4.424300193786621,0.00021333629993023351,1.3162212372000552e-05,3.232426881790161,5.4752299729443624e-05,1.5057042648789583e-05,16.079986572265625
32,1,456,cuda,6.930340041435556e-05,9.16180885349259e-06,0.5938680171966553,0.000754839899855142,1.2798461197872309e-05,113.41094970703125,0.0006967110000914544,3.0088097588354217e-05,4.656033992767334,0.00035011160016438223,2.0884999057968016e-05,0.23267798125743866,7.412350005324697e-05,1.919427258174094e-05,31.39844512939453,0.0007006125000771135,2.6484029343082213e-05,148.9930877685547,7.429460038110847e-05,9.634465056696869e-06,1.548555612564087,0.0001046248999045929,1.0052028847849554e-05,4.424300193786621,0.0008212341999751516,1.979170627583323e-05,3.232426404953003,0.00013923759997851447,1.1665827217885317e-05,16.079986572265625
32,2,42,cpu,2.90541003778344e-05,7.337686466602709e-06,6.792438983917236,0.00776467949981452,0.0016270590354849782,112.0963363647461,0.000258191500142857,2.2341171469797635e-05,4.6866936683654785,0.008813292100057879,0.002245458003077685,0.14215600490570068,2.5942800311895554e-05,7.854746194683998e-06,31.61629867553711,0.0002566676997957984,1.681419145365457e-05,149.97421264648438,2.690760029508965e-05,6.963657119566293e-06,1.581371784210205,5.917169983149506e-05,7.845403845666029e-06,4.273138046264648,0.000316710100560158,2.4629488267875127e-05,3.231293201446533,5.2348600365803574e-05,9.762321086526047e-06,-49.419044494628906
32,2,42,cuda,6.913799988979008e-05,9.600240595166895e-06,6.7924394607543945,0.0013092348004647646,0.0024921339817856,112.09666442871094,0.0015431982999871252,0.002429776295102228,4.686698913574219,0.0005337261003660387,3.752354829313061e-05,0.14215603470802307,0.00010077099996124162,1.4646940163108645e-05,31.61629867553711,0.0007604307000292465,1.6182308141260963e-05,149.974365234375,0.00011313020004308783,1.5973163859784215e-05,1.5813720226287842,0.0001681448000454111,1.3558050307338002e-05,4.273138999938965,0.0009928890998708085,5.194366562412415e-05,3.231292963027954,0.00022820079993834952,2.8875953972942824e-05,-49.419044494628906
32,2,123,cpu,5.467700029839762e-05,2.0121642600455458e-05,-0.1598811149597168,0.007718759899580619,0.0043386003460570075,108.36949920654297,0.00026478959953237793,3.205712790690923e-05,4.809842109680176,0.008004929700109641,0.0006702610514850493,0.18717055022716522,2.467460035404656e-05,6.768340891990312e-06,31.98055648803711,0.0002456022000842495,2.1964327022216457e-05,153.91494750976562,2.847520026989514e-05,1.618699525955245e-05,1.5802046060562134,5.585839971899986e-05,7.684075839957496e-06,4.461150646209717,0.00030983680007921064,2.0386827509762883e-05,3.2479724884033203,5.36663997991127e-05,1.2716195047679825e-05,-7.427380561828613
32,2,123,cuda,6.631460018979851e-05,9.292753465822483e-06,-0.1598801612854004,0.0004151597999225487,1.2702799094652176e-05,108.36979675292969,0.001475644699530676,0.0024117800852163853,4.809845924377441,0.0004899907997241825,6.003387926373659e-05,0.18717053532600403,9.781629996723496e-05,1.832159060707828e-05,31.98055648803711,0.0007616345001224545,2.9050223002816772e-05,153.91506958007812,0.00010983049960486824,1.9134308043946677e-05,1.580204725265503,0.00014575280001736247,1.883615809785617e-05,4.461150646209717,0.0009925040003508911,9.714061628202846e-05,3.2479729652404785,0.0002222760997028672,3.6150402753949784e-05,-7.427380561828613
32,2,456,cpu,5.437159961729776e-05,2.0372757353650135e-05,0.8364855647087097,0.00449546339968947,0.0012287406035563376,118.02938079833984,0.000425712200194539,2.8735376345867073e-05,4.8013763427734375,0.0090039616001377,0.0011811931970004336,0.6639643907546997,4.144950034969952e-05,1.0945590455546457e-05,32.238014221191406,0.0004339621997132781,3.0166350625276794e-05,153.64401245117188,4.387890021462226e-05,1.0419173318353852e-05,1.5994172096252441,9.581569975125603e-05,1.1616113050326055e-05,4.6134233474731445,0.0005356558000130463,2.6580913382228246e-05,3.2372870445251465,8.505039968440543e-05,1.2966647915087016e-05,3.5079898834228516
32,2,456,cuda,0.00010728130018833326,1.5247434714961317e-05,0.8364856243133545,0.0005773897004473838,0.00011011307691568712,118.02959442138672,0.0007676268996874569,3.350979102281542e-05,4.8013811111450195,0.0005583009002293693,2.9065262821250166e-05,0.6639623641967773,9.98762003291631e-05,1.49826318845705e-05,32.238014221191406,0.0007658792996153352,1.5164656421075859e-05,153.64419555664062,0.00014421279993257486,5.756756487005792e-05,1.5994172096252441,0.00016222489994106583,1.3867649376040114e-05,4.6134233474731445,0.0009736026995597058,3.6777131626153055e-05,3.2372870445251465,0.0002258647995404317,3.6819275543191855e-05,3.5079898834228516
32,4,42,cpu,5.8298700059822296e-05,2.1143134317737536e-05,0.28577375411987305,0.0059168565998334085,0.0012322764962382122,110.65328979492188,0.0007688530002269544,2.715148991359015e-05,4.744156837463379,0.0077014441998471735,0.00036084281918442044,0.3917493224143982,4.972960032318951e-05,1.8573985429029223e-05,31.868974685668945,0.0007842701001209207,6.040528625638391e-05,151.81301879882812,4.8898800014285373e-05,1.1360463383862082e-05,1.5952986478805542,0.00012120829997002147,1.0955298097495215e-05,4.398174285888672,0.0008641065998745035,3.6651153583689595e-05,3.235157012939453,8.839189995342167e-05,1.3125845926596846e-05,-42.75633239746094
32,4,42,cuda,0.00011443410003266762,1.9165695651735466e-05,0.28577375411987305,0.0005969721998553724,6.773954589695536e-05,110.65361022949219,0.000776767900242703,3.4470373004835495e-05,4.7441606521606445,0.0005529659998501302,4.3652637406772046e-05,0.3917466998100281,0.00010835669963853434,2.0909102506608154e-05,31.868974685668945,0.0007746758001303533,3.282914946813123e-05,151.81312561035156,0.0001149789999544737,1.5666247859537347e-05,1.5952987670898438,0.00016515829993295482,2.1509190749316194e-05,4.3981733322143555,0.0009767177998583065,2.4500967865762924e-05,3.235157012939453,0.0002192803003708832,2.426856082821699e-05,-42.75633239746094
32,4,123,cpu,4.795830027433112e-05,1.1516446097117897e-05,0.08305823802947998,0.005730512299669499,0.0012516945932034228,111.934814453125,0.0008079121995251626,7.870631117211718e-05,4.830717086791992,0.007063765699786018,0.0012546394507529837,0.7178968787193298,3.081699996982934e-05,8.15031104096798e-06,32.22565841674805,0.0005441689998406218,5.115800011599254e-05,154.58294677734375,3.443980021984316e-05,8.482330570103329e-06,1.5946247577667236,0.00010664060027920641,3.758106135903439e-05,4.591987609863281,0.0006324703001155286,7.484287230113802e-05,3.2432968616485596,6.271880029089516e-05,1.093209144308193e-05,-12.895200729370117
32,4,123,cuda,8.430029993178323e-05,2.2860905965367455e-05,0.08305883407592773,0.0004752961998747196,1.748844658626132e-05,111.93515014648438,0.0007173740003054263,3.668155365077837e-05,4.830722332000732,0.00039671009999437957,6.022056833721244e-05,0.7178940773010254,7.378100053756498e-05,1.4040204516086313e-05,32.22565841674805,0.0007137389000490657,3.925816517514679e-05,154.58311462402344,0.00010690859962778632,7.031069335580235e-05,1.5946247577667236,0.00012081270015187328,1.9004112830151204e-05,4.5919880867004395,0.0008724640003492823,3.5275201922144705e-05,3.2432968616485596,0.0001611554002010962,1.9501919362329313e-05,-12.895200729370117
32,4,456,cpu,3.40981996487244e-05,7.693304969911147e-06,3.3358283042907715,0.003887558099995658,0.0022419590866690296,117.90861511230469,0.0005407700999057851,7.33729096793921e-05,4.820201873779297,0.007275620200198318,0.0011604147674037558,0.9783809781074524,4.364309988886816e-05,1.0652330174304237e-05,32.382476806640625,0.0007597594998514978,2.766745700418525e-05,154.2464599609375,5.454559995996533e-05,2.525014268920197e-05,1.6121188402175903,0.00011569660018722061,1.065670992793438e-05,4.676273822784424,0.0008790923999185907,3.2597441461891016e-05,3.2363219261169434,8.817539983283496e-05,1.3421873831481624e-05,6.7233381271362305
32,4,456,cuda,0.00010438549979880918,1.5447524635109817e-05,3.3358283042907715,0.0005471053998917341,2.181550760418067e-05,117.90895080566406,0.0007940022996990592,5.630845872257584e-05,4.820207595825195,0.0005240361000687699,3.138807876059298e-05,0.9783869981765747,9.639819982112385e-05,1.4153949267934882e-05,32.38247299194336,0.0007674489994315081,1.5952204262881832e-05,154.2466278076172,0.00011198420015716693,1.9237243562752746e-05,1.6121187210083008,0.00017114889960794243,3.2115081303332515e-05,4.676273345947266,0.0009820957000556518,4.765059527398608e-05,3.2363224029541016,0.00022194640023371904,2.6351372619095836e-05,6.7233381271362305
32,8,42,cpu,5.029569947510026e-05,1.204371594834718e-05,0.9843111634254456,0.003950813600022229,4.743842812186958e-05,117.82233428955078,0.001495846399666334,0.00011533281352019828,4.775662422180176,0.00550585119981406,0.0008834816456984384,0.7783950567245483,5.0878399815701417e-05,1.9252273164721418e-05,32.00611877441406,0.001527199100019061,8.738689917913586e-05,152.82122802734375,5.333289991540369e-05,1.0963019818168594e-05,1.6033391952514648,0.0001982363002753118,4.811955570936797e-05,4.458685874938965,0.0016583504002483096,0.00013592027706387178,3.23940372467041,9.879970002657501e-05,1.883538254627281e-05,-28.038984298706055
32,8,42,cuda,0.000163272800091363,3.511478802269695e-05,0.9843112826347351,0.0005651274001138518,4.8643989281575355e-05,117.82264709472656,0.0008013568996830145,7.048164182008566e-05,4.775667667388916,0.0005576570001721848,8.451646848615584e-05,0.7783958911895752,9.566879998601507e-05,1.813262542664635e-05,32.00611877441406,0.000786474099913903,3.3703026606839466e-05,152.82135009765625,0.00011968669987254544,2.3335984108205245e-05,1.6033390760421753,0.00017163009979412892,2.3669946070056426e-05,4.458686351776123,0.0010248638998746173,0.0001014604436838004,3.23940372467041,0.0002203961999839521,3.1885137719843305e-05,-28.038982391357422
32,8,123,cpu,4.9547300295671445e-05,1.115435505030908e-05,2.079888343811035,0.0036663414999566156,0.0001740085870679287,113.56617736816406,0.0015410924997922848,0.0001143488642615515,4.809479236602783,0.005439031299647468,0.0004947650200890189,0.6568747162818909,4.5272099850990347e-05,9.3984281942119e-06,32.14022445678711,0.0015453835998414434,0.00010410399423918694,153.9033203125,5.443379977805307e-05,1.0122261031603429e-05,1.5944923162460327,0.0001703726997220656,2.7767320667151287e-05,4.606306552886963,0.0016763018002166064,0.0001424122923675494,3.2415473461151123,9.899130018311552e-05,2.033755681440762e-05,-13.66157054901123
32,8,123,cuda,0.00012142939995101188,3.094140658424455e-05,2.0798885822296143,0.0005753358000220032,3.936633577630898e-05,113.5665512084961,0.0007913419995020377,3.683020939579837e-05,4.809484481811523,0.0005752187998950831,5.391911154576319e-05,0.6568746566772461,0.00010020450044976315,1.6722868503113235e-05,32.140228271484375,0.0008064302999628125,4.9443873612823034e-05,153.90350341796875,0.00011627610019786516,1.9192745526456537e-05,1.5944921970367432,0.00019915150005545001,3.8586623282820476e-05,4.606307029724121,0.00100872300008632,9.39093938885838e-05,3.241547107696533,0.0002317734002645011,4.757037920010352e-05,-13.661571502685547
32,8,456,cpu,5.0662600187934004e-05,1.0743631503984871e-05,-0.413424015045166,0.0034462150002582347,0.00024416584498013736,119.16577911376953,0.0010646458000337588,0.00016387858269535958,4.8289337158203125,0.007601167299799272,0.00010669563911792343,0.6972717046737671,3.111740006715991e-05,8.09290593254823e-06,32.361141204833984,0.0009923677002007026,4.832087645209431e-05,154.52587890625,4.3084900062240196e-05,1.3226357627158824e-05,1.6119134426116943,0.00013155209981050576,3.3392464699959693e-05,4.670319557189941,0.0010882985003263456,7.312595566630796e-05,3.2401089668273926,6.491260010079713e-05,1.0181723632290924e-05,1.378360629081726
32,8,456,cuda,7.97309001427493e-05,2.0499437855634946e-05,-0.4134237766265869,0.00045916589988337364,1.395637516107026e-05,119.1661376953125,0.0007722648000708432,5.421658887487742e-05,4.828938961029053,0.0004273579999789945,7.483219824067133e-05,0.6972746253013611,7.149150042096153e-05,1.4413547916871568e-05,32.36113739013672,0.0007531126000685617,3.2060246418280097e-05,154.5260467529297,8.220929958042688e-05,1.0456517907367472e-05,1.6119134426116943,0.00011059889966418268,1.0848048270848134e-05,4.6703200340271,0.0009361779000755632,8.096130769185043e-05,3.2401089668273926,0.00020182629978080513,6.843725252107363e-05,1.3783612251281738
32,16,42,cpu,3.4871300340455494e-05,8.067229551625818e-06,0.3006259500980377,0.00522923259959498,0.0002509315464158766,118.5161361694336,0.002691890399728436,3.5893145317331705e-05,4.803406238555908,0.007600287700188346,0.00040017344661561665,0.6497859954833984,4.934040007356089e-05,1.0602719017911817e-05,32.12282180786133,0.002703881199704483,4.9494271203164436e-05,153.70899963378906,6.580850003956584e-05,1.0022672413314988e-05,1.606209635734558,0.0002569320999100455,1.904528454807828e-05,4.484071731567383,0.0028330872000879026,8.816128418540891e-05,3.242941379547119,0.00010269380018144148,1.9371021030587734e-05,72.4691390991211
32,16,42,cuda,0.00010472769990883535,1.4847104183811172e-05,0.30062592029571533,0.0005410071002188488,2.1264423334650167e-05,118.51649475097656,0.0007505293004214763,1.9704000315741956e-05,4.803411960601807,0.0004989817000023323,2.718183777802742e-05,0.6497820615768433,0.00010029989989561728,1.8948447764621095e-05,32.12282180786133,0.0007600291997732711,2.826182261346284e-05,153.7091827392578,0.00010528490020078607,1.3991474922282945e-05,1.6062095165252686,0.0001495835997047834,1.2852571866463218e-05,4.484071731567383,0.0009453569993638667,2.3475472829163706e-05,3.24294114112854,0.00021192269978200783,3.362222407548844e-05,72.4691390991211
32,16,123,cpu,5.914069952268619e-05,2.8198734905907705e-05,-0.7637050151824951,0.004776869299712416,0.00011712225130685383,115.66551971435547,0.0027080374997240143,3.167960299894099e-05,4.799997329711914,0.007040292199963005,9.476572430383473e-05,0.43906939029693604,4.8474200048076456e-05,9.84348655709691e-06,32.064720153808594,0.0027530201998160917,9.753139654848076e-05,153.59991455078125,6.606070019188337e-05,9.462587256849471e-06,1.5937614440917969,0.00025870169993140734,1.8633717296916775e-05,4.555202007293701,0.0028254262999325873,4.967576893344469e-05,3.24379301071167,0.00010494650014152285,2.6671743879382354e-05,-1.6725821495056152
32,16,123,cuda,0.00010137910048797494,1.3732361653984678e-05,-0.7637048959732056,0.0005367915000533685,1.585036170308298e-05,115.66592407226562,0.000757217000136734,2.0498995300399768e-05,4.800002574920654,0.0004993396998543176,2.5648665496268108e-05,0.4390690326690674,9.911419947457034e-05,1.816079911692166e-05,32.064720153808594,0.0007652936003069045,2.613544687473023e-05,153.60008239746094,0.00010510459978831931,1.3455551126170356e-05,1.5937613248825073,0.00015542849996563746,2.0403163930159524e-05,4.555201530456543,0.0009865971998806345,8.862838671857477e-05,3.24379301071167,0.00020465199995669536,1.6010331385111647e-05,-1.6725821495056152
32,16,456,cpu,4.992659996787552e-05,1.1296782242293694e-05,0.3574961721897125,0.0046036073998038775,0.0002716585497859282,116.29058837890625,0.0017891338999106664,1.8729158615365742e-05,4.748411655426025,0.00949555369970767,0.0013715467216565422,0.9957446455955505,3.456999984337017e-05,7.453569866882478e-06,31.85175323486328,0.001795754400154692,2.569723879820935e-05,151.94918823242188,4.5963099910295566e-05,6.936683766417591e-06,1.587311863899231,0.00017235660016012844,8.016287190987933e-06,4.507560729980469,0.002065069599666458,0.0003999719859976065,3.2377994060516357,8.901160017558141e-05,3.8152841271214126e-05,-4.25526237487793
32,16,456,cuda,0.0001150190997577738,2.9386149947215648e-05,0.3574962615966797,0.0006084618997192592,0.00010677498754015728,116.29092407226562,0.0008370122999622253,3.7679327643956714e-05,4.748416423797607,0.0005270322997603216,3.4986903196044505e-05,0.9957600831985474,0.00010297290009475546,2.2641683822507424e-05,31.85175132751465,0.0007996947002538946,2.2274970348821877e-05,151.94932556152344,0.00010807249982462963,1.39668794014535e-05,1.587311863899231,0.00021970339985273314,3.537296593977951e-05,4.507559776306152,0.0009459451001021079,3.659238199403811e-05,3.237799644470215,0.00018942930018965852,2.0974611230795154e-05,-4.255263328552246
32,32,42,cpu,4.654209969885414e-05,8.989930889098588e-06,-0.45110809803009033,0.009190208800100663,0.00016315451068057873,116.07457733154297,0.004766222499893047,0.0003572921233032386,4.8059844970703125,0.012978443000065454,0.006901069948863252,0.5401145219802856,6.773929999326356e-05,2.3374961319744162e-05,32.12934494018555,0.006839598900114652,0.0016871863843918226,153.79150390625,0.00017731449988787063,2.501268824894599e-05,1.6038644313812256,0.0008775116999458987,3.1502158165411735e-05,4.498048782348633,0.004702879300020868,0.00012677956220630466,3.2432055473327637,8.876580013748026e-05,1.1256460453164106e-05,20.421350479125977
32,32,42,cuda,0.00010338229967601364,3.711387599817131e-05,-0.4511079788208008,0.000512603700190084,3.132048227577796e-05,116.07492065429688,0.0007481552001991076,5.199234333402192e-05,4.8059892654418945,0.0005016252000132227,2.5530850640150974e-05,0.5401135087013245,0.0001129292999394238,3.152395916988513e-05,32.12934875488281,0.0007342606999372947,1.9365656970401544e-05,153.79165649414062,9.309209999628366e-05,1.2979963301941221e-05,1.603864312171936,0.00014619850007875358,2.071550534030036e-05,4.498048782348633,0.0009157325001069693,7.01838463640357e-05,3.2432055473327637,0.00019160690026183148,2.6662934975749092e-05,20.421348571777344
32,32,123,cpu,4.584539983625291e-05,8.634904648012346e-06,-0.5742596983909607,0.01009869930021523,0.00026272771813932983,117.1857681274414,0.005312669499653566,3.296655526449231e-05,4.792418003082275,0.011049451599865279,0.0018624216779935896,0.4790269732475281,9.091990013985197e-05,2.4724821286456438e-05,32.046016693115234,0.005593975100055104,0.00021164638280746445,153.35739135742188,0.00012665579979511676,2.1153133095423845e-05,1.5965092182159424,0.0004682124001192278,2.6827106636891407e-05,4.508440971374512,0.005691962800119655,0.0006448543254894347,3.2432379722595215,0.00011651040040305816,1.5376574645372045e-05,-9.493776321411133
32,32,123,cuda,0.00012643089994526235,2.218899113890824e-05,-0.5742596983909607,0.0005238660003669792,3.465384151458619e-05,117.18616485595703,0.000766488099907292,3.1844614378047726e-05,4.792423248291016,0.0005452585999591974,6.430936925481395e-05,0.4790254831314087,8.6474500130862e-05,1.815132504841483e-05,32.0460205078125,0.0007476561004295945,3.203125268145585e-05,153.3575439453125,8.727499989618082e-05,1.3798860595284333e-05,1.5965092182159424,0.00012808370011043734,1.2562005218816413e-05,4.50844144821167,0.0009245556999303517,4.575220577328543e-05,3.2432374954223633,0.00016410200005338992,1.5908085154667247e-05,-9.493776321411133
32,32,456,cpu,4.336139991210075e-05,8.941549372583749e-06,0.10205338895320892,0.007257419499728713,0.00038746133450973276,117.0027847290039,0.004982290900079534,0.00020384868780379966,4.7635064125061035,0.007849603300201125,0.00036795945593786955,0.7127446532249451,6.729390006512403e-05,1.1683386028657012e-05,31.95934295654297,0.00555973560003622,0.00010928509715947821,152.4321746826172,0.0001495221000368474,3.289711876586859e-05,1.5941001176834106,0.0004991409005015157,3.721412727786343e-05,4.5071210861206055,0.006232479699974647,0.0010921095458295321,3.2374255657196045,0.00012108879946026718,1.5077995932572479e-05,4.071414947509766
32,32,456,cuda,0.00012872710012743483,2.6086471469281293e-05,0.10205346345901489,0.0005972203001874732,3.177775673178055e-05,117.00314331054688,0.0008513160999427782,2.668412219650093e-05,4.763510704040527,0.0006751852002707892,3.7686613061526456e-05,0.7127538919448853,0.000128545799634594,3.0572425555344e-05,31.95934295654297,0.0009238332002496463,8.874616937681599e-05,152.43234252929688,0.0001313697997829877,2.177870328031168e-05,1.5941001176834106,0.0001977357000214397,2.866235587611489e-05,4.5071210861206055,0.0011024658000678756,7.47853979171924e-05,3.2374253273010254,0.00025664500008133474,2.8529221945742164e-05,4.071414470672607
32,64,42,cpu,8.261179973487743e-05,2.5395778735274686e-05,-0.3540302515029907,0.021017939900593773,0.005455690191754366,118.12958526611328,0.01022555809977348,0.0007813572174524535,4.811529636383057,0.00886912170026335,0.0004428940082099701,0.7573515176773071,5.940040045970818e-05,9.256012965098193e-06,32.18410110473633,0.009179202500672546,0.00016781576141461715,153.96893310546875,0.00012143899984948803,1.1798827666316752e-05,1.604736328125,0.0007205171001260169,4.808327187990393e-05,4.502063751220703,0.009336149100090552,6.769343743645543e-05,3.2426021099090576,0.00011199759974260815,2.833601970266907e-05,250.62362670898438
32,64,42,cuda,0.00010429600006318651,1.9531888150340426e-05,-0.3540301024913788,0.0007402572000501095,0.00010179155087308188,118.12996673583984,0.0010512211998502607,4.7980385972561907e-05,4.811534404754639,0.0005864853999810293,4.003724996463975e-05,0.7573461532592773,9.381370036862791e-05,1.3987202433948726e-05,32.184104919433594,0.001044817799811426,2.253336136888742e-05,153.96910095214844,0.00010380209987488342,4.05799944167458e-05,1.604736328125,0.00014515349994326243,6.970764007973165e-05,4.502063751220703,0.0011189010998350567,2.8010012581154903e-05,3.2426018714904785,0.00015087949996086535,2.5989939606897314e-05,250.62362670898438
32,64,123,cpu,4.332579992478713e-05,6.97406638017675e-06,0.6512979865074158,0.018187070700150798,0.0009885451759439647,117.63129425048828,0.007661691800058179,0.0024534520519416394,4.788967609405518,0.026782079199983856,0.016417226467335923,0.4576267600059509,0.007466306700007408,6.384739967825871e-05,32.06000900268555,0.007005874299647985,0.001186279399390106,153.24696350097656,8.355660011147848e-05,7.871433159585297e-06,1.5979669094085693,0.000665358099831792,0.00018349716044699087,4.490243911743164,0.006436614499943971,4.983171292954883e-05,3.2413651943206787,7.147720043576555e-05,8.867008147429415e-06,-8.831470489501953
32,64,123,cuda,6.715300023643067e-05,9.03912486947351e-06,0.6512980461120605,0.0005821301996547845,1.440661776700051e-05,117.63169860839844,0.0009527715001240722,1.1236295407387736e-05,4.788972854614258,0.00038777509998908497,1.7933018786537e-05,0.45762544870376587,6.28019997748197e-05,9.03075711621732e-06,32.06001281738281,0.0009582386997863068,1.0033399122651975e-05,153.2471160888672,0.000110109100023692,6.069613576496937e-05,1.5979669094085693,0.00010850420003407634,1.8594699938272562e-05,4.490243911743164,0.001089089699962642,1.6307441804309013e-05,3.2413649559020996,0.0001418309002474416,1.2874572700037422e-05,-8.831470489501953
32,64,456,cpu,4.067119989485946e-05,6.997214389188847e-06,0.16707941889762878,0.015919993600073214,0.0007819543223461881,116.22981262207031,0.01034336259963311,0.0005086484165391132,4.769598007202148,0.009277144699990459,0.0003262057800671685,0.9690945148468018,7.23935998394154e-05,2.4476270791903987e-05,31.95783233642578,0.010667824099982681,0.0001791202494142571,152.6271209716797,0.00014270270021370378,2.9179303708212364e-05,1.5953103303909302,0.0008365150999452454,2.2289922656653224e-05,4.486319541931152,0.010087286700218101,0.0016801072822035278,3.2391698360443115,8.491699991282075e-05,1.1640011647009263e-05,-7.730190753936768
32,64,456,cuda,8.223390013881727e-05,1.1467121457182249e-05,0.167079359292984,0.0006058637998648919,1.717693530634609e-05,116.23018646240234,0.0010082232998684048,4.843943330865665e-05,4.7696027755737305,0.00046857849993102717,1.6024248864755722e-05,0.9691128134727478,8.197979987016879e-05,1.6102284303811893e-05,31.95783042907715,0.0010050513001260697,3.453580799196525e-05,152.62728881835938,0.00012419899994711158,3.6829557936946565e-05,1.5953103303909302,0.00012146809967816807,1.1446457817006268e-05,4.486319541931152,0.0011591846001465455,3.8091580506547364e-05,3.2391695976257324,0.00016708610000932823,1.507178386011004e-05,-7.730192184448242
32,128,42,cpu,5.766809990745969e-05,8.777560320128616e-06,-0.4075327217578888,0.02250424110061431,0.000310695771524418,117.82784271240234,0.012099806100013665,0.001162918550111032,4.805190086364746,0.038334195500283386,0.0022418950672499723,0.7387996912002563,0.005269677700016473,5.7952246238038426e-05,32.13810348510742,0.011916968499826907,0.0007918499297602427,153.76608276367188,9.600900029909099e-05,1.1825410039592381e-05,1.602576732635498,0.0008827524998196168,3.64801797481605e-05,4.504790306091309,0.011598540499835507,0.0002135669070434514,3.2426414489746094,7.565140040242114e-05,7.268036969990392e-06,135.6929168701172
32,128,42,cuda,6.470920034189476e-05,8.853869383824498e-06,-0.4075326919555664,0.0007157887999710511,1.0499675154793178e-05,117.82821655273438,0.0013618081999084096,1.1369729638486032e-05,4.805194854736328,0.0003798638001171639,1.750540595061618e-05,0.7388265132904053,6.522789972223109e-05,1.2660245758674867e-05,32.13810729980469,0.0013620274998174865,1.0734566515507002e-05,153.7662353515625,7.380749939329689e-05,9.34738780020528e-06,1.602576732635498,0.00010264980010106228,1.1540401572374025e-05,4.504790306091309,0.0014795750996199786,1.800526760024588e-05,3.242640972137451,0.00012668559975281823,1.0773408673624489e-05,135.6929168701172
32,128,123,cpu,4.251350019330857e-05,6.10642004621305e-06,0.3106552064418793,0.03191458890014474,0.0028659559348649757,118.01753234863281,0.026203330699718207,0.0027555088763918023,4.788149356842041,0.010782150399973035,0.0026144614350093664,1.1605281829833984,6.746489980287151e-05,1.0972445714376642e-05,32.0615234375,0.02085622680006054,0.0009138120806861476,153.2207794189453,0.00018227500022476305,4.80266512066892e-05,1.5972089767456055,0.0015564818000711965,4.0434977054150036e-05,4.503444671630859,0.014283084499948018,0.0003802657703370165,3.240875720977783,9.631530028855195e-05,1.0088825889727388e-05,-11.052750587463379
32,128,123,cuda,8.920399995986373e-05,1.699102904653804e-05,0.31065529584884644,0.0008295435001855367,3.460343211887582e-05,118.01792907714844,0.0015528709000136587,2.9443310048832043e-05,4.788154602050781,0.0004919620005239267,1.897392816394966e-05,1.1604957580566406,7.883870021032635e-05,1.3350119872695367e-05,32.0615234375,0.0015582049998556613,2.469150629996117e-05,153.220947265625,9.61715999437729e-05,1.242177349882448e-05,1.5972089767456055,0.00013673539979208726,1.5882230338626805e-05,4.503444194793701,0.001714408600128081,2.3903034091847246e-05,3.240875720977783,0.00016797699991002445,1.4944320359843758e-05,-11.052750587463379
32,128,456,cpu,5.811630016978597e-05,7.92044830910663e-06,-0.1212795078754425,0.03935796539990406,0.0013782409248047083,116.11334991455078,0.022696228699896893,0.0016117191896531467,4.772006034851074,0.04722180999979173,0.009230272198364815,0.7968288660049438,7.579110024380498e-05,1.9193652288566023e-05,31.942983627319336,0.017342551199726587,0.0036484326494252493,152.70420837402344,0.00010965649998979643,1.6113463577171133e-05,1.594124436378479,0.0010803632003444363,0.00013921526417004843,4.47498893737793,0.013363341900003434,9.001762099683073e-05,3.240631580352783,0.00013997059995745075,4.7662715429600536e-05,-2.1895196437835693
32,128,456,cuda,0.00010483309997653124,2.0353985161084668e-05,-0.12127956748008728,0.0008601153997005895,6.189973474191089e-05,116.11372375488281,0.0015493850003622355,6.409160789440974e-05,4.7720112800598145,0.000662924199605186,6.2851292589877e-05,0.7968382239341736,0.00010244270015391521,1.6176249430980023e-05,31.942981719970703,0.0015443108002727967,3.042087501275861e-05,152.704345703125,0.00013326160042197442,1.6904915942487583e-05,1.5941243171691895,0.00019416790000832408,3.7207477532373126e-05,4.47498893737793,0.0017737943000611267,4.264739194010576e-05,3.240631580352783,0.0002494736996595748,2.9591566880042414e-05,-2.1895196437835693
32,256,42,cpu,0.00010737869997683447,1.139704462024995e-05,-0.28123629093170166,0.059614989199690174,0.0024558850208786956,117.83782196044922,0.04195932200036623,0.0022083134520889895,4.790144920349121,0.046625058600147894,0.008852936052683667,0.7472531795501709,0.006250186300349014,0.001412433737656733,32.06334686279297,0.02630550690009841,0.0005905774999994704,153.2846221923828,0.00014866310011711902,8.57478066711927e-06,1.598746657371521,0.0019064977999732947,3.381651891397043e-05,4.493762493133545,0.023267766099888832,0.00028107028441526035,3.2417945861816406,0.0001551921999634942,1.4441962390157258e-05,67.0106201171875
32,256,42,cuda,0.00013085949976812116,3.090191867632561e-05,-0.28123629093170166,0.001266163400032383,0.00010365324804240158,117.83821868896484,0.0022636889001660166,2.937656143e-05,4.790149688720703,0.0006929796998520032,4.233242763301869e-05,0.7472949028015137,0.00010776700019050622,1.620546045519118e-05,32.063350677490234,0.0022767158994611235,2.2943294955376835e-05,153.2847900390625,0.00014045939988136525,1.8027028172097002e-05,1.5987467765808105,0.00020126589988649356,3.4814979589917845e-05,4.493762016296387,0.0025163122003505124,3.1222711837707974e-05,3.2417945861816406,0.0002493644997230149,2.174660047613908e-05,67.0106201171875
32,256,123,cpu,0.00011420930040912935,1.202065583500765e-05,0.029305577278137207,0.05723387979960535,0.0016557462055982524,117.56843566894531,0.029470855799991112,0.006863402254886391,4.78860330581665,0.0398939230999531,0.0013930202101476003,1.1131904125213623,0.007871260000501933,0.002581247615502207,32.05099868774414,0.0250771832999817,0.0009221361168200022,153.23529052734375,0.00014466169996012467,7.63752253183302e-06,1.5979410409927368,0.001809399199737527,1.9706273830378478e-05,4.508266448974609,0.024137856300148995,0.0011073277440356113,3.241407632827759,0.00010398710019217105,1.3192442874944137e-05,7.2208147048950195
32,256,123,cuda,6.892189994687215e-05,9.516017345495844e-06,0.029305651783943176,0.0010651265998603775,2.4368408310019023e-05,117.56883239746094,0.0020981192998078767,3.0038894614689223e-05,4.788608074188232,0.00043799389986816096,3.164802413429441e-05,1.113478660583496,6.492159991466906e-05,1.0128977529511472e-05,32.051002502441406,0.0021075054000903037,2.8089967333660955e-05,153.23545837402344,7.832889987184899e-05,1.1064647968905756e-05,1.5979411602020264,0.00010740739980974467,1.002068071610543e-05,4.508266448974609,0.0022238266998101607,2.189706629094455e-05,3.241407632827759,0.00014974870027799624,2.8160360460250513e-05,7.220813274383545
32,256,456,cpu,5.9210300059930886e-05,7.1407679248386765e-06,0.23220254480838776,0.060101380299965965,0.01050741857990368,116.40504455566406,0.037805757699970854,0.005703973580300819,4.779051780700684,0.011472915799822658,0.0008506656230111385,0.763027012348175,6.729189954057802e-05,9.554525217808108e-06,31.982614517211914,0.02591132759971515,0.003508365554092024,152.92965698242188,0.0001449390001653228,1.830133026050405e-05,1.5953121185302734,0.0016324655996868386,2.3833752252658812e-05,4.478586196899414,0.022681793000265314,0.0003089784927332949,3.241312026977539,0.0001009521001833491,7.9351691379046e-06,-15.8358736038208
32,256,456,cuda,7.030199976725271e-05,1.3452903689744427e-05,0.23220248520374298,0.001056485899607651,1.8608994078241437e-05,116.4054183959961,0.002081642600205669,1.2927098230988783e-05,4.779056549072266,0.0004280847002519295,2.1351804650129905e-05,0.7630394101142883,6.784390061511658e-05,1.482709427522783e-05,31.98261260986328,0.0021180945999731194,0.00010583957702082262,152.9298095703125,8.337030012626201e-05,1.7834786562861697e-05,1.5953121185302734,0.00010775609971460653,9.015363608691876e-06,4.478586196899414,0.0022270860001299296,6.157594311713976e-05,3.24131178855896,0.00013990280040161452,1.797329225605449e-05,-15.835872650146484
32,512,42,cpu,8.748090021981625e-05,6.512405757858057e-06,-0.12906497716903687,0.10638426180048555,0.016437958973933447,117.08580780029297,0.07465671019981528,0.012486261381239861,4.7876057624816895,0.020440052000049037,0.001420673839140578,0.9083177447319031,0.00011066299994126894,1.541066638545914e-05,32.04515075683594,0.07845850249959767,0.012415057949811197,153.2034149169922,0.0003137077999781468,4.165150777144262e-05,1.598217487335205,0.005979873199976282,5.503630994396412e-05,4.4916157722473145,0.0522197917000085,0.008042008113954028,3.2416305541992188,0.0001362917999358615,8.770458709611244e-06,37.10991668701172
32,512,42,cuda,6.958259982638992e-05,1.0145678484001604e-05,-0.12906493246555328,0.0018292393000592711,1.879161944104979e-05,117.08619689941406,0.0038779043998147245,1.858332401462124e-05,4.78761100769043,0.0005674453001120128,1.4458168718949239e-05,0.9079225063323975,6.14850996498717e-05,9.3936956945426e-06,32.04515075683594,0.003878017699935299,1.5876825912372485e-05,153.20355224609375,7.806739977240795e-05,9.486039020380684e-06,1.598217248916626,0.00012728910005534999,8.596095411552e-06,4.491616249084473,0.00401067159982631,1.5930659902229847e-05,3.2416305541992188,0.00015514049991907086,2.850787903114994e-05,37.10991668701172
32,512,123,cpu,0.00014032509989192476,1.7374115430726385e-05,-0.13081464171409607,0.10833156819971919,0.017759700986857453,116.9844970703125,0.05211195970005065,0.01287933886771323,4.78460168838501,0.021494300500125973,0.0015188064025519058,1.0271016359329224,0.00011361100023350445,1.1641597309509531e-05,32.0146484375,0.054178929999761746,0.00613589823156818,153.10726928710938,0.0016470871998535586,0.00010360548314916072,1.596301794052124,0.005485315000260016,5.686421398416506e-05,4.494727611541748,0.04482867590049864,0.000275892695745709,3.2417471408843994,0.00013332220005395355,7.948411058117814e-06,64.11949920654297
32,512,123,cuda,6.662610030616634e-05,9.818411042787254e-06,-0.1308145970106125,0.001819046400487423,1.9363225198647955e-05,116.98487854003906,0.003871882400198956,1.4535927759852842e-05,4.78460693359375,0.0005378502995881717,1.1568115890087352e-05,1.0273406505584717,5.82757000302081e-05,1.3702432357770436e-05,32.0146484375,0.0038865866996275144,2.169952415958279e-05,153.107421875,6.843159990239655e-05,6.389849954580662e-06,1.5963016748428345,0.00012583039933815597,6.714545109271548e-06,4.494727611541748,0.003980435899939039,1.2932887192758878e-05,3.2417473793029785,0.00011755929990613368,9.595003475746365e-06,64.11949920654297
32,512,456,cpu,7.226870020531351e-05,5.1414736152094335e-06,0.27880859375,0.0894491855000524,0.013979915813307884,116.70457458496094,0.04495225730024686,0.0004687445204109169,4.779090881347656,0.017908872999942104,0.0006489745421986378,0.6705183386802673,0.00011300299993308727,1.6352595303948232e-05,31.99059295654297,0.06796168099972419,0.013092869715205797,152.930908203125,0.00041632550019130574,2.4299822275695144e-05,1.596049189567566,0.00402480420016218,4.071832712129054e-05,4.478695392608643,0.045736509700145686,0.0010216310291819401,3.241248369216919,0.00017919400015671273,1.1373829150766388e-05,-21.97258758544922
32,512,456,cuda,6.897540006320924e-05,9.11237086982946e-06,0.2788085341453552,0.0018312578000404755,2.4031854522802962e-05,116.70497131347656,0.0038956148997385752,1.8508430425840643e-05,4.779096603393555,0.0005717061998439021,1.710052099049527e-05,0.6705249547958374,6.429229979403317e-05,9.20961205621719e-06,31.99059295654297,0.0038972743994236227,1.243356238029036e-05,152.93109130859375,8.130260011967039e-05,9.312777270300022e-06,1.596049189567566,0.00012195609979244182,6.877993560906018e-06,4.478695869445801,0.004034030100046948,1.415482820024476e-05,3.241248369216919,0.00014053680042707127,1.226600905062007e-05,-21.972585678100586
32,1024,42,cpu,0.00010760229979496216,8.004635506533434e-06,-0.20247097313404083,0.1798432841003887,0.0281745581393887,116.6827163696289,0.14552644639970821,0.02745056734369757,4.780267715454102,0.043000909399961526,0.020789949921747725,0.8590736985206604,0.0001628513999094139,1.1331607883972834e-05,31.996986389160156,0.14549826340007713,0.024561086945756948,152.96856689453125,0.003141860800133145,6.645148891206058e-05,1.5961114168167114,0.010994791600387544,0.00020216980300383062,4.480830669403076,0.08075401399983093,0.005671143167792611,3.241407871246338,0.0001976496998395305,2.09961336849754e-05,26.02864646911621
32,1024,42,cuda,5.882410023332341e-05,8.136612317337642e-06,-0.20247097313404083,0.003309153900045203,3.254945260719827e-05,116.68310546875,0.007121498899869039,9.51479065196066e-06,4.780272483825684,0.00072489289996156,1.630909498893888e-05,0.8588481545448303,6.017459963914007e-05,2.8073899643543032e-05,31.996986389160156,0.007109296200178505,8.50847517747314e-06,152.96871948242188,8.765829988988116e-05,6.064308952388577e-06,1.5961112976074219,0.00018373070033703698,7.0042619627502585e-06,4.480831146240234,0.007205677500314778,2.2730530313718175e-05,3.241407632827759,0.00011374749992683064,1.1837906039533884e-05,26.028644561767578
32,1024,123,cpu,7.301260011445265e-05,2.4579434782542217e-05,-0.16034865379333496,0.2506655540000793,0.057789514292520675,117.04176330566406,0.07621387530016363,0.002377072186994803,4.7851362228393555,0.026940824300072563,0.00169146711423041,1.0360441207885742,0.0001635231001273496,1.065297286872249e-05,32.028377532958984,0.12135659029991075,0.0290644899124226,153.1243438720703,0.0035116001999995206,4.5713456841757296e-05,1.597158670425415,0.019098720100009813,0.00042845765136531225,4.494441032409668,0.15474996880002437,0.0205436913292125,3.241283416748047,0.00030531019929185276,3.144718769155296e-05,-139.04161071777344
32,1024,123,cuda,0.00024866129970178006,0.00013387824480981257,-0.16034862399101257,0.003453609999996843,5.532874377974239e-05,117.04214477539062,0.007253388799472305,3.5904040801850255e-05,4.785140514373779,0.0009379482999065658,0.00011579929033296018,1.0360697507858276,0.00010771060060505988,1.697596691923097e-05,32.02837371826172,0.007273907799935841,2.664828036968751e-05,153.12451171875,0.00013853629934601486,2.2383009048139373e-05,1.597158670425415,0.00022170719985297181,9.182886899732247e-06,4.494441032409668,0.007507683400035603,2.6472432563631134e-05,3.241283416748047,0.0002496354001777945,2.2469351451601875e-05,-139.0416259765625
32,1024,456,cpu,0.000117264599975897,1.9232989640928e-05,0.188320130109787,0.18253844779974315,0.01900813989846385,117.03675842285156,0.09315927800016652,0.007868353243152154,4.780170440673828,0.049208557999736516,0.02106856571032255,0.6941419839859009,0.00015629520003130893,1.1155104340410194e-05,32.00286865234375,0.14204985630021838,0.027281200537000977,152.9654541015625,0.0004214206999677117,1.0566349090018718e-05,1.5965412855148315,0.006545985299999302,6.493091741596052e-05,4.478493690490723,0.11528483219972259,0.033693909568470126,3.2410948276519775,0.00021220790022198345,1.0481135138423811e-05,11.789112091064453
32,1024,456,cuda,7.597830008307938e-05,1.074179452038533e-05,0.1883200854063034,0.0037016619002315566,1.7424016687469123e-05,117.03714752197266,0.00795416020009725,2.2675101850750282e-05,4.78017520904541,0.0008348175002538483,1.608910921186771e-05,0.6941558122634888,7.449340009770821e-05,1.1046385942276343e-05,32.00286865234375,0.007682554699931643,0.00027540079764392224,152.96560668945312,0.0001347108996924362,1.775327619093344e-05,1.596541166305542,0.00022606529964832588,1.0491648867729153e-05,4.478493690490723,0.007595537399902241,9.818222326340115e-05,3.2410950660705566,0.00025839569989329905,3.202890757923313e-05,11.789111137390137
64,1,42,cpu,4.9347599997418e-05,1.2878380086293493e-05,11.939054489135742,0.0014708455999425496,0.000509159876116121,250.60992431640625,0.0007165541999711422,4.2171549541951766e-05,6.7424187660217285,0.00028415170017979106,2.839739224138699e-05,0.09255217015743256,4.702259993791813e-05,1.3147346121695313e-05,63.74437713623047,0.0007319413996810908,4.0603652534782824e-05,431.5148010253906,6.272159971558722e-05,2.411703929941954e-05,1.5952986478805542,0.0001229402003446012,1.3545478084778299e-05,6.361555576324463,0.0008259645001089666,2.9370245985896195e-05,3.9353506565093994,0.00010057050021714531,2.2122476921554748e-05,-18.811145782470703
64,1,42,cuda,0.00012089599986211396,1.8090617647546662e-05,11.939054489135742,0.0017290267003772896,3.4730364947391e-05,250.6127166748047,0.002328800099894579,2.8850634457251435e-05,6.742440700531006,0.0005625686000712449,3.894417771384791e-05,0.09255216270685196,0.0001119770002333098,1.797512996348431e-05,63.7443733215332,0.0023556160000225645,3.920276338561591e-05,431.5162048339844,0.00012805899987142766,1.8804609644905035e-05,1.5952987670898438,0.00018038230009551626,1.5175476650933485e-05,6.361556053161621,0.002580989399757527,3.998133804284511e-05,3.935350179672241,0.0002454775998558034,2.1613481546508575e-05,-18.811145782470703
64,1,123,cpu,4.9391399625164925e-05,1.4025432987532891e-05,8.00881576538086,0.001108105699859152,0.00020824201246743586,252.30130004882812,0.0007202648999736994,2.4818084400764432e-05,6.766376495361328,0.0002843045005647582,2.419042377842239e-05,0.24807576835155487,4.740149997815024e-05,1.2481321546716478e-05,64.46829986572266,0.000724390499999572,2.5296489721358866e-05,433.048095703125,5.2011200023116547e-05,1.2480802650294037e-05,1.5946247577667236,0.00012370660006126853,1.413101167765626e-05,6.464697360992432,0.0008297746999232913,2.8990906175172218e-05,3.923381805419922,9.307820018875646e-05,1.5322929039923842e-05,-31.27243423461914
64,1,123,cuda,0.00013004060019738972,2.3005804936985624e-05,8.008816719055176,0.0017258896999919672,3.214200608958281e-05,252.3039093017578,0.00232968720010831,3.142941406745199e-05,6.766396522521973,0.0005557914000746678,4.1459714122851935e-05,0.24807482957839966,0.00011365550017217174,1.5836916530323254e-05,64.46829223632812,0.002236048600207141,2.851836410995746e-05,433.04937744140625,0.00010084939967782702,1.4309689473916279e-05,1.5946247577667236,0.00014194050036167027,2.2093020463827742e-05,6.46469783782959,0.0023713410997515893,2.799372936848108e-05,3.9233815670013428,0.00018376469997747336,1.5834468175180344e-05,-31.27243423461914
64,1,456,cpu,4.2671200208133084e-05,1.6849580884940078e-05,6.505618095397949,0.0008174314998541377,0.0001265458792922804,242.23501586914062,0.0005301752004015725,1.4643259937003908e-05,6.862364768981934,0.00021540279976761667,1.743909456602625e-05,0.46971288323402405,3.547280048223911e-05,9.321629920121457e-06,64.78034210205078,0.0005410006999227335,2.2087652140528696e-05,439.19134521484375,3.817449996859068e-05,8.98139280685628e-06,1.6121188402175903,9.071140011656098e-05,1.0130896770553438e-05,6.532349586486816,0.0006179498999699717,2.3343357993683664e-05,3.9353044033050537,6.896719987707911e-05,1.0887488709584168e-05,-12.446391105651855
64,1,456,cuda,9.160659974440932e-05,1.2351161816626651e-05,6.505617141723633,0.001548611699763569,2.6275866042010944e-05,242.23731994628906,0.0021986325999023395,2.2207967183396366e-05,6.862382411956787,0.00040471769989380846,3.419004288623047e-05,0.4697110056877136,8.369819970539538e-05,1.2248357915273244e-05,64.78034973144531,0.002207902100053616,1.952997135919648e-05,439.1924743652344,9.574969972163672e-05,1.2878585511671117e-05,1.6121187210083008,0.00013244349975138903,1.3121436072595905e-05,6.532349586486816,0.0023816555003577378,4.220267355104282e-05,3.935305118560791,0.00018268349995196332,1.697687951652548e-05,-12.446391105651855
64,2,42,cpu,3.9810100133763626e-05,6.966301497951846e-06,4.9169769287109375,0.009740901599980135,0.0024368660751213516,252.18435668945312,0.000984520100064401,3.0790781159063726e-05,6.762546062469482,0.011687537299985706,0.0013602975805091172,0.11507145315408707,3.23227999615483e-05,1.2691410569061226e-05,64.02105712890625,0.000724298000386625,1.9549830045407677e-05,432.802978515625,3.30508999468293e-05,6.8482099758203914e-06,1.6033391952514648,8.89801998710027e-05,7.879822838106865e-06,6.3302412033081055,0.0007805612001902773,2.2339258870418016e-05,3.9340498447418213,5.487230027938495e-05,8.453383652483186e-06,-27.98898696899414
64,2,42,cuda,6.816839977545897e-05,9.129756416197118e-06,4.9169769287109375,0.0026590217999910236,1.762965377539159e-05,252.1868896484375,0.004035361099704459,1.6665551158121808e-05,6.762566566467285,0.0005267764003292541,1.2356045173299505e-05,0.11507140100002289,6.336220012599369e-05,9.211517404721154e-06,64.02105712890625,0.0040519202000723455,1.6640301001765887e-05,432.8042297363281,7.189379994088085e-05,9.170840655075625e-06,1.6033390760421753,0.00010568549987510778,1.6098839928923553e-05,6.3302412033081055,0.004195665700353857,5.543002917295832e-05,3.934049606323242,0.00014024969987076475,1.6483314031828083e-05,-27.98898696899414
64,2,123,cpu,2.8972199652343987e-05,8.506630548114122e-06,4.133641719818115,0.007433348399899842,0.001516149300596379,257.31036376953125,0.0013631923999128047,3.394965240043739e-05,6.772246360778809,0.0075637071995515726,0.0018105357640423897,0.17264874279499054,4.286820021661697e-05,1.034010385971739e-05,64.29039001464844,0.0012381748998450347,3.560039674803218e-05,433.42376708984375,5.0507000196375884e-05,9.309356860278404e-06,1.5944923162460327,0.0001429900999937672,1.7954052801978293e-05,6.40633487701416,0.0013363407997530885,3.185733322187173e-05,3.9304397106170654,8.554310006729793e-05,1.368345720747604e-05,-22.420011520385742
64,2,123,cuda,0.00010339269974792841,1.9503262373891777e-05,4.133642196655273,0.0027148673998453887,2.939705805057126e-05,257.31329345703125,0.0041265984003985064,2.315242417212074e-05,6.772266864776611,0.0005925936000494402,1.8684311089500337e-05,0.1726483851671219,9.117179979512002e-05,1.4102144981703383e-05,64.29037475585938,0.0041532976998496455,1.765407843638998e-05,433.42510986328125,0.00010609780001686886,1.476073347903565e-05,1.5944921970367432,0.00016908440011320636,2.8173526120581715e-05,6.406333923339844,0.0043897303001358525,3.653693957618833e-05,3.9304394721984863,0.00021550550027313876,1.828558145943904e-05,-22.420011520385742
64,2,456,cpu,4.691479989560321e-05,1.2201162201854994e-05,4.102506637573242,0.005660965100105386,0.0009611618268004817,248.40972900390625,0.0011892116999661084,3.3172404007917595e-05,6.868429660797119,0.00839005130037549,0.010275110242929483,0.27730464935302734,3.608519964473089e-05,1.5718397462548667e-05,64.73638916015625,0.0008409477995883208,4.2700970105287044e-05,439.57952880859375,4.11784998505027e-05,1.2004440240129667e-05,1.6119134426116943,9.879730005195597e-05,8.574224746567166e-06,6.534350395202637,0.0008967528001448954,1.4877237398593361e-05,3.940066337585449,6.485919966507936e-05,1.4295346787446401e-05,-13.770009994506836
64,2,456,cuda,7.386309989669826e-05,1.0090857433266881e-05,4.102505683898926,0.0025936558997273094,1.890733685303384e-05,248.41259765625,0.003985217499757709,1.734992872665048e-05,6.8684515953063965,0.0005369522999899345,1.1680597030134339e-05,0.27730172872543335,6.93710002451553e-05,1.0426163709872728e-05,64.73638916015625,0.004119953500230622,0.0002843400967424728,439.58087158203125,8.157400025083916e-05,1.1446362725582214e-05,1.6119134426116943,0.00011873699968418805,2.1998755499548594e-05,6.5343499183654785,0.004163246400275966,3.2679942075481607e-05,3.940066337585449,0.00015201950027403653,1.4320377432771796e-05,-13.770009994506836
64,4,42,cpu,3.338700007589068e-05,8.323092766531825e-06,2.540356397628784,0.008649340300326002,0.002009985429390516,253.8773193359375,0.0024241107998022927,0.0003631913112824318,6.794571876525879,0.008776133300125366,0.0008001112455828528,0.11491203308105469,5.3524099894275426e-05,1.2040673219663417e-05,64.25675964355469,0.0024604832004115453,3.422016146253598e-05,434.8526306152344,7.280389982042835e-05,1.1551189575974063e-05,1.606209635734558,0.00023002459984127198,1.371091825820256e-05,6.39607572555542,0.002590940900154237,3.2171282867976554e-05,3.936274290084839,0.00010278419958922313,1.4245782903204866e-05,9.228256225585938
64,4,42,cuda,0.00012092110009689349,2.1459459159834495e-05,2.5403571128845215,0.005492193599820894,3.661666240528281e-05,253.88009643554688,0.008262837900110754,2.3838829481914302e-05,6.794591903686523,0.0007063988001391408,2.8062566992890918e-05,0.1149119958281517,0.00011820580020867055,2.600411659762422e-05,64.25675964355469,0.008265206999749353,8.027530508535699e-05,434.8538818359375,0.0001307392001763219,1.873906297179194e-05,1.6062095165252686,0.0001834975995734567,1.8133915443991303e-05,6.39607572555542,0.008153188499818498,6.782508191933438e-05,3.9362740516662598,0.0001543779000712675,1.9433986200799286e-05,9.228256225585938
64,4,123,cpu,3.2325799838872624e-05,8.132511966378054e-06,4.39162015914917,0.013528308300010394,0.0004122048273705338,248.03668212890625,0.0035443582995867474,0.004097408069903793,6.775010585784912,0.015716718999829026,0.010014180264421992,0.14949434995651245,7.324610014620702e-05,2.3024866984866808e-05,64.14115905761719,0.004563586700169253,0.004029101070062873,433.6007080078125,7.384299933619332e-05,2.6585379718390537e-05,1.5937614440917969,0.00021901519994571572,2.0177851681187e-05,6.383817672729492,0.0024656555000547088,4.459147486841006e-05,3.934229850769043,9.467050003877375e-05,1.3055909488291846e-05,-19.661235809326172
64,4,123,cuda,0.00011158759971294785,2.1815531167031576e-05,4.391620635986328,0.005278481200184615,2.6512380622204456e-05,248.03939819335938,0.008233169999766688,4.25342202009522e-05,6.775032997131348,0.0007095255999956862,5.936804242211872e-05,0.14949403703212738,0.0001232094997249078,2.823374304941262e-05,64.14115142822266,0.008384822299376538,0.00013157449896619703,433.60211181640625,0.00015175160006037914,4.0443027890975586e-05,1.5937613248825073,0.00019996539995190688,2.4058916430914396e-05,6.383817195892334,0.00871420700023009,0.0003726045244661727,3.934229612350464,0.00025933349988918055,4.1242029588295344e-05,-19.661235809326172
64,4,456,cpu,5.34922000952065e-05,1.3949203927901009e-05,1.7186614274978638,0.0181183187998613,0.0058626854210715685,240.30706787109375,0.0025215789004505496,4.0766224528685834e-05,6.7412333488464355,0.015699015999962283,0.002750720590722363,0.20570911467075348,5.4008599727239924e-05,1.1472411680028366e-05,63.71234130859375,0.002902304999952321,0.0011354516181149282,431.4389343261719,7.296169987967006e-05,1.3011405034509112e-05,1.587311863899231,0.00023736420025670667,1.9575890791183663e-05,6.27556037902832,0.002649406799355347,5.497913312203246e-05,3.9370694160461426,0.00010895299983531004,2.3322097183546917e-05,0.1261582374572754
64,4,456,cuda,0.00011131850005767774,1.538836951786453e-05,1.718660831451416,0.0053591325997331294,3.272157608658222e-05,240.3097381591797,0.00829919349980628,4.903423207616933e-05,6.741255760192871,0.0007089464997989126,2.8242862718352996e-05,0.205707848072052,0.00011321319980197586,1.9624265150748976e-05,63.71234130859375,0.008362916900114214,0.0003039554576072929,431.44036865234375,9.572359958838206e-05,2.2959324874979533e-05,1.587311863899231,0.0001299460000154795,1.1728234303768143e-05,6.27556037902832,0.008026121200236958,2.382184437953678e-05,3.9370694160461426,0.00016420950032625115,1.4169465231038854e-05,0.1261582374572754
64,8,42,cpu,3.8539700108231044e-05,8.446895862331726e-06,2.4702260494232178,0.021379846700074267,0.0023995894927795105,246.73219299316406,0.0051017176998357176,0.0003107171736284361,6.799993515014648,0.008844834699630155,0.0006776052972771554,0.1551411747932434,6.465890037361532e-05,1.1015592686904065e-05,64.26996612548828,0.004851860899907479,3.683980041287168e-05,435.1995544433594,0.00012528329989436315,2.2842995611058785e-05,1.6038644313812256,0.0004041314003188745,2.4283580843652176e-05,6.363061904907227,0.005000866599948495,5.672705508434463e-05,3.9373083114624023,0.00011210370012122439,1.4656457135272673e-05,-175.54336547851562
64,8,42,cuda,0.0001419178001015098,3.2784402805590325e-05,2.470226287841797,0.010390329099936934,6.516820395341644e-05,246.73471069335938,0.015738322300057915,7.054402964834648e-05,6.800014495849609,0.0007381283998256549,2.498433219096073e-05,0.15514124929904938,9.877839984255843e-05,3.428693704114304e-05,64.26996612548828,0.016299180300120498,4.9426929627149705e-05,435.200927734375,0.00012691699994320514,1.915967023228772e-05,1.603864312171936,0.00018271710032422562,1.793382319202527e-05,6.363061904907227,0.01623865250039671,0.0002700788335066779,3.937307834625244,0.00019198920017515775,1.8311673258595888e-05,-175.54336547851562
64,8,123,cpu,4.389180012367433e-05,9.969793503114189e-06,0.9317741394042969,0.016575798099802343,0.022544454849325254,246.0401153564453,0.00535178670015739,0.00034746947975023925,6.785919189453125,0.010585084500235098,0.002563874242874978,0.18690724670886993,6.659369973931462e-05,1.2488544109249003e-05,64.10590362548828,0.005141609700149275,0.00013337692721873253,434.2987976074219,0.00014508160020341166,2.2790499217503338e-05,1.5965092182159424,0.0004337457998190075,2.1640350129691874e-05,6.363064765930176,0.005200658099965949,5.8881828705163296e-05,3.938587188720703,0.00012204250015201978,1.6096309816383502e-05,-25.84345245361328
64,8,123,cuda,0.0001330064000285347,2.6371886698678656e-05,0.9317744970321655,0.010422075399947061,0.00016611296793736196,246.04302978515625,0.016213983099623873,0.0003953786990659551,6.785942077636719,0.0007424999999784632,2.2148916369912723e-05,0.18690824508666992,8.027070016396465e-05,1.2090021064763677e-05,64.10589599609375,0.015883947299880675,7.901850459642982e-05,434.30029296875,8.611009980086237e-05,1.2763412792304236e-05,1.5965092182159424,0.00012971039977855981,1.3920733809736444e-05,6.363064765930176,0.01595934670021961,0.00028036316328384787,3.938587188720703,0.00013832330041623208,1.1661913908660965e-05,-25.84345245361328
64,8,456,cpu,3.195689987478545e-05,6.852114193179237e-06,-0.37100741267204285,0.009697504800351453,0.00028399666091229083,238.01187133789062,0.0026475723996554736,2.0627318919029807e-05,6.7658371925354,0.009119236600236036,0.0019610281189480256,0.2648138403892517,3.7800000245624685e-05,7.161090685771613e-06,63.927799224853516,0.0026649281000572954,2.7128006574423008e-05,433.01361083984375,7.332760033023078e-05,7.627910687568483e-06,1.5941001176834106,0.0002307603999724961,1.3190227578028399e-05,6.317853927612305,0.0028336431001662276,7.920166583396286e-05,3.937469005584717,0.0011617801004831564,0.0032921732431407066,-23.46767807006836
64,8,456,cuda,7.188629988377215e-05,1.1442054198989487e-05,-0.3710073232650757,0.009607530500034045,0.00010188007612244996,238.01451110839844,0.015926849299830792,7.172272301055891e-05,6.765859603881836,0.0007548191000751103,2.8578218086183728e-05,0.2648143470287323,8.328610019816551e-05,1.2319833531899817e-05,63.92779541015625,0.016114159199969436,0.0002585458839436495,433.0150146484375,9.95972999589867e-05,1.5605002588672248e-05,1.5941001176834106,0.00014062680002098206,1.267090877016154e-05,6.317853927612305,0.01620090019914642,5.3458523933942505e-05,3.937469482421875,0.00019284230056655361,1.6880820552618492e-05,-23.46767807006836
64,16,42,cpu,4.9011399642040485e-05,9.838413231792229e-06,2.4051361083984375,0.01440058840016718,0.0012382141351565182,246.6934051513672,0.0064445587000591335,0.001034883203023515,6.810666561126709,0.009446983600173552,0.0002835441304830191,0.1855601966381073,4.9013400166586506e-05,7.141855333505001e-06,64.38113403320312,0.008400910900127201,0.00020061821989529957,435.8826904296875,0.00010531940006330842,1.4893467756066685e-05,1.604736328125,0.00041493630033073714,1.3539390947758088e-05,6.398001194000244,0.00582194129947311,0.00023143079392612105,3.936511754989624,6.908370014571119e-05,8.387024421874528e-06,-95.4292984008789
64,16,42,cuda,6.711970036121784e-05,9.489229891783022e-06,2.4051358699798584,0.018691889100045954,0.00010210878318471193,246.69595336914062,0.030936561499947855,0.000442071199069577,6.8106889724731445,0.0006766251997760264,3.0193122409534952e-05,0.18555976450443268,0.00011169030021846993,2.334454739883836e-05,64.38113403320312,0.03213708399998723,0.0005392535097304286,435.88409423828125,0.00013073540012555895,4.486923716326515e-05,1.604736328125,0.00016717100006644615,3.169022352350741e-05,6.398001194000244,0.032300579199909404,0.00024693333224361556,3.936511516571045,0.0002524318002542714,3.231966604377728e-05,-95.4292984008789
64,16,123,cpu,6.259509973460808e-05,1.2938425291209971e-05,3.1594738960266113,0.03300476159965911,0.0022461852868990604,245.44461059570312,0.016684536599677814,0.0012403551238902941,6.780508995056152,0.04065157539989741,0.0015443770217983752,0.4419115483760834,0.00801682340024854,0.003449960715444657,64.13243865966797,0.00969239430014568,0.0001038463732197446,433.95257568359375,0.00014388730014616157,1.7685665264978442e-05,1.5979669094085693,0.0007056020000163699,3.734470952153746e-05,6.370047569274902,0.00983976959996653,0.00016530963364211164,3.9364540576934814,0.00012116540019633249,1.4815200708693917e-05,-27.41299057006836
64,16,123,cuda,0.00011524119981913828,1.62091825774556e-05,3.1594741344451904,0.020299271599651548,0.0006823215520212196,245.44749450683594,0.032380775000274295,0.00021514698080265607,6.78053092956543,0.0005864606999239185,1.1373796947194141e-05,0.4418904185295105,7.053950012050336e-05,1.2035047863574667e-05,64.1324462890625,0.032370686099966406,0.000629949306169975,433.9539794921875,0.00014646019990323112,3.5174497232377904e-05,1.5979669094085693,0.00018789799960359233,2.088249858768484e-05,6.370047569274902,0.03251855969974713,0.00019851308306900042,3.9364542961120605,0.0002521922999221715,2.476730899985017e-05,-27.41299057006836
64,16,456,cpu,6.44638001176645e-05,1.3066501745850005e-05,-0.5184869766235352,0.03185394569918572,0.005282217904342304,240.52783203125,0.014339454300170473,0.008410813309778522,6.758218765258789,0.008676786599608022,0.0002954326829370905,0.23718318343162537,7.736070001556073e-05,1.8129709209016582e-05,63.928993225097656,0.011343970900088606,0.0033864761689875677,432.5260009765625,0.00017098019980039681,3.962338208890726e-05,1.5953103303909302,0.0007745928996882867,0.00010066089473853787,6.348244667053223,0.009949957299795642,0.0003500479587389724,3.935992479324341,0.00013155180040484992,2.387190876354936e-05,-16.085784912109375
64,16,456,cuda,0.00011755069936043583,1.685113412193983e-05,-0.5184870958328247,0.019986289499865962,4.0422763802854034e-05,240.530517578125,0.032095645400295324,0.00041264813834554254,6.758241176605225,0.0007044839001537184,5.114858563650418e-05,0.23718413710594177,0.00010789210009534144,1.6840190861846616e-05,63.92898941040039,0.032133751900073546,0.00031428157085568767,432.5274353027344,0.00012535030036815443,1.9041163315185814e-05,1.5953103303909302,0.00018741430012596537,1.9542441126015833e-05,6.348244667053223,0.03279286500001035,0.0007295592097138823,3.93599271774292,0.0002380832000199007,2.1509563580999228e-05,-16.085784912109375
64,32,42,cpu,7.169069995143218e-05,1.1244091748231463e-05,2.504338502883911,0.025314196499857645,0.003490744393895084,244.45016479492188,0.01260534699940763,4.637526733134868e-05,6.799834251403809,0.0452136755000538,0.00876015225894912,0.24512946605682373,0.007408458100326243,0.004030510911953524,64.29023742675781,0.018898069399801896,0.0017301274396369199,435.1893615722656,0.00016598920010437723,2.1546491459767203e-05,1.602576732635498,0.0013098276003802312,3.734003010745525e-05,6.4088006019592285,0.016702922000331456,0.0027645430027170076,3.936398506164551,0.00010051440021925373,1.130825537338682e-05,-50.54029846191406
64,32,42,cuda,8.707910037628608e-05,1.2430395227371312e-05,2.5043387413024902,0.03966451300002518,0.0003210276430816216,244.45281982421875,0.0626101085999835,0.00038270404829685896,6.799856185913086,0.0018464290000338225,6.789525119668598e-05,0.2451295554637909,0.00010560029950283934,2.0376526392839253e-05,64.29023742675781,0.06371353969971097,0.0004886531620765296,435.1907653808594,0.00013621329999295994,1.988336777711825e-05,1.602576732635498,0.0002084999998260173,5.475816346713335e-05,6.4088006019592285,0.06125026889985748,0.000432032384922049,3.936398506164551,0.0001347698998870328,1.2476333932368116e-05,-50.54029846191406
64,32,123,cpu,4.249849989719223e-05,1.1074378904579715e-05,0.9568202495574951,0.025161418700736248,0.0004983964652202879,245.2120361328125,0.016929530800007343,0.0025485622411187676,6.781031131744385,0.009418610699685814,0.0006603805171027336,0.4031747281551361,5.5141800112323834e-05,1.693616182086537e-05,64.13431549072266,0.012988945900360704,0.00014848162865733298,433.9859619140625,0.00011590709982556291,2.9762611728446155e-05,1.5972089767456055,0.00095744719983486,0.00017960511197547612,6.374405384063721,0.016925913100203617,0.0051870717476324955,3.9363958835601807,0.00012280249975447078,2.709012798738433e-05,396.0770568847656
64,32,123,cuda,9.109000038733938e-05,1.3235970575603007e-05,0.9568207263946533,0.038931169100033004,0.0005342654961848491,245.21475219726562,0.061880141600158825,0.0009942777463528153,6.781052589416504,0.0020576569999320783,4.192386973592078e-05,0.4031776189804077,0.00011476910003693774,1.7264166438699726e-05,64.13432312011719,0.06398224660024425,0.0015251771616789612,433.98736572265625,0.000132923999990453,1.8265613175214575e-05,1.5972089767456055,0.0001876633999927435,1.708446790496041e-05,6.374405860900879,0.06273816389984858,0.0008937584446278838,3.9363961219787598,0.00014102609984547598,1.2641636039828976e-05,396.07708740234375
64,32,456,cpu,4.7574199925293215e-05,2.127780651366688e-05,-1.6614387035369873,0.04273421580037393,0.002866057227085401,241.74720764160156,0.020669519400144054,0.00271672866842832,6.750931262969971,0.03284812469992175,0.006333116667619977,30.877376556396484,0.0048014345002229675,1.4341568328013078e-05,63.896671295166016,0.01608951110029011,0.0006125281628216406,432.0595703125,0.00012729940008284756,1.2874608618824818e-05,1.594124436378479,0.001050558599854412,4.351592647556787e-05,6.330332279205322,0.011232161000043562,0.00019210755824065453,3.935053825378418,7.936319980217377e-05,8.770730182086724e-06,11.265262603759766
64,32,456,cuda,7.227419973787619e-05,9.764840174184847e-06,-1.6614387035369873,0.037367627200001155,0.0002851537139199418,241.7498321533203,0.06329117500008578,0.0009411019619265661,6.750953674316406,0.0015925456002150896,5.150819130886012e-05,31.692501068115234,7.961290029925294e-05,1.682458927907079e-05,63.89666748046875,0.06344425260031131,0.0002972465061355551,432.06103515625,0.00013636090006912126,2.313246086487035e-05,1.5941243171691895,0.00018954669976665173,2.095272646105447e-05,6.330331802368164,0.0631611223998334,0.0009723277719397648,3.935053825378418,0.0002491597000698675,4.0936283589475513e-05,11.265264511108398
64,64,42,cpu,9.205589994962793e-05,3.0146662876710678e-05,1.5836749076843262,0.06597690289981983,0.003802196226532521,243.53216552734375,0.03034562239972729,0.005351607355933267,6.782698154449463,0.013384477100044024,0.001513904115084769,0.3358234763145447,6.695840020256582e-05,7.868307790544826e-06,64.13937377929688,0.020758938000108175,0.0002002557639182451,434.09271240234375,0.00015210380024655024,2.048404978892675e-05,1.598746657371521,0.001340875300229527,3.1493728432001836e-05,6.383882522583008,0.02122056909993262,0.0003602589180733473,3.9363982677459717,9.565749969624449e-05,1.3379555933451889e-05,-26.32767105102539
64,64,42,cuda,7.089649989211466e-05,1.5506366106962594e-05,1.5836749076843262,0.07907433139989735,0.0017449844830272248,243.53482055664062,0.12599226869970154,0.0028717215324889516,6.78272008895874,0.002228088499759906,4.099990894663836e-05,0.3358555734157562,0.00011774049980886047,2.6778809965336162e-05,64.13937377929688,0.12232655699990573,0.0014515079556470369,434.0940856933594,7.529850026912754e-05,1.0002678955318706e-05,1.5987467765808105,0.0001086589996702969,1.1317095154574365e-05,6.383882999420166,0.12141764910029451,0.00036390546139267524,3.9363980293273926,0.00011677130023599603,2.6497895244835696e-05,-26.327669143676758
64,64,123,cpu,4.076419991179136e-05,7.377903747280982e-06,0.7098230123519897,0.029812030799803324,0.00047551836738096427,242.66546630859375,0.01849685020024481,0.0007162758995871142,6.781217575073242,0.03704687880017445,0.003007615447649193,0.9264401197433472,0.004834648799624119,0.002834317534398408,64.11373901367188,0.022044323600312055,0.0005278390352240593,433.9978942871094,0.00011973919972660952,9.670108374680096e-06,1.5979410409927368,0.0013546606998716016,0.0001480483667988178,6.378194808959961,0.032305155699941676,0.009583866850901346,3.9365344047546387,0.0001390970002830727,1.3061243236983436e-05,227.5900421142578
64,64,123,cuda,0.00010767429976112907,2.8123771811728276e-05,0.7098232507705688,0.07732758259990077,0.0009983600474089305,242.66818237304688,0.12467771749998065,0.0025437193243410985,6.7812395095825195,0.0016676152999934857,1.773763800162838e-05,0.9264868497848511,6.317879979178542e-05,9.528251929333647e-06,64.11373901367188,0.12363416489970405,0.002255752587957809,433.99932861328125,9.876690000965027e-05,1.392394084733582e-05,1.5979411602020264,0.00013694879980903353,1.7555111278776775e-05,6.378194808959961,0.12596838139997998,0.0019630984725141263,3.9365341663360596,0.00023626099991815863,2.2601383096237383e-05,227.59007263183594
64,64,456,cpu,8.420480025961297e-05,1.0879013916360753e-05,-1.5392866134643555,0.05593341040002997,0.008235094822482122,241.33526611328125,0.0293298351998601,0.004308474886959599,6.765041828155518,0.057824527899720125,0.01616585170977343,15.673053741455078,0.0076411030004237546,3.071770082965537e-05,63.97606658935547,0.023985635900135093,0.0003306089691873797,432.9626770019531,0.0001457272002880927,2.0568899031196694e-05,1.5953121185302734,0.0015864758997850004,5.5409156463858814e-05,6.337432384490967,0.03925633620019653,0.0006428009730469562,3.9363365173339844,0.00016587690024607581,1.6809636312874632e-05,-50.89651870727539
64,64,456,cuda,0.000122191899936297,1.765430266869889e-05,-1.539286732673645,0.07771091210015584,0.0018077230023708336,241.3379364013672,0.12315548799997486,0.0022581993087248827,6.765064716339111,0.002282256699982099,4.07896378617948e-05,16.08061408996582,0.00011259070033702301,1.83565182532422e-05,63.976070404052734,0.12372239220021583,0.0018407287479630628,432.964111328125,0.0001054461999956402,1.7767854100394462e-05,1.5953121185302734,0.00014693980028823717,2.6501212318568233e-05,6.337432861328125,0.12175118180057325,0.0005627151991692058,3.9363365173339844,0.00011555569999472936,1.0261345233017435e-05,-50.89651870727539
64,128,42,cpu,5.168880015844479e-05,5.589823797159491e-06,1.3945014476776123,0.07417336299949966,0.02596266346765093,243.38796997070312,0.06646680049980205,0.01002201085180448,6.781413555145264,0.01785832119967381,0.002220487176359103,0.8324771523475647,0.00013735980010096683,1.7196173121449877e-05,64.1021499633789,0.07557002640005521,0.001831535542258179,434.01043701171875,0.0003240865999032394,2.324445760454114e-05,1.598217487335205,0.005115741600093315,0.00016822265622585584,6.371029853820801,0.05182640259990876,0.00216510569749758,3.9369733333587646,0.00019600090035964968,2.319771777744908e-05,-4.588403224945068
64,128,42,cuda,0.00010728320012276527,1.5474354765009065e-05,1.3945012092590332,0.15152951780000876,0.003550374387345619,243.390625,0.25361888080024075,0.0027571726456784625,6.781435966491699,0.0025835093001660425,6.768691002566301e-05,0.8330745697021484,9.156830001302296e-05,1.7268929038358367e-05,64.1021499633789,0.2501113260999773,0.00417514580074682,434.0118713378906,0.00018240410008729668,6.515211931316313e-05,1.598217248916626,0.0002003332003368996,2.577071204553412e-05,6.371029853820801,0.249382728800083,0.005695924906633645,3.9369735717773438,0.00025678610036266035,2.914382893910198e-05,-4.58840274810791
64,128,123,cpu,0.00011772420020861318,1.2194914802084201e-05,-0.2915036976337433,0.12558695430016087,0.030698013247878027,242.41754150390625,0.07172923699999956,0.007889728302375257,6.7776899337768555,0.0148913105002066,0.0010272448739844125,0.673176646232605,9.516169993730727e-05,8.327026211517964e-06,64.0403060913086,0.06165116029987985,0.008242030727088132,433.772216796875,0.00026187949970335467,1.737967805903452e-05,1.596301794052124,0.003206159099863726,2.3541364772109813e-05,6.365381717681885,0.059004636799545554,0.015175532527741419,3.93754506111145,0.00018767540004773763,3.7512539240017753e-05,134.12559509277344
64,128,123,cuda,0.0001251445002708351,3.71992595372321e-05,-0.29150375723838806,0.15226560439987225,0.003956613820466107,242.42022705078125,0.24309151439974813,0.0012602692934742432,6.777712821960449,0.002187981600036437,2.3945173233830992e-05,0.6732133626937866,5.407909993664362e-05,7.79850832581375e-06,64.04031372070312,0.2440505064003446,0.0029401431284187926,433.77362060546875,0.00011737260028894525,1.6243930393076614e-05,1.5963016748428345,0.0001674309996815282,1.3466521593823997e-05,6.365381717681885,0.25036875619989585,0.004069895450514891,3.93754506111145,0.00025438720003876367,3.912881586761628e-05,134.1256103515625
64,128,456,cpu,0.00011083599965786562,1.2655635796168958e-05,-0.8924842476844788,0.11613058229995658,0.026280396999378605,241.55506896972656,0.06698968460004835,0.013041003276377961,6.770375728607178,0.06383588240023527,0.01825884687521478,8.066275596618652,0.007648107199747756,0.00261237506561886,63.99150848388672,0.07545249859958858,0.004312586192801375,433.3040771484375,0.00028323940059635786,2.1114107887396138e-05,1.596049189567566,0.003094330499880016,4.8312750464304775e-05,6.3460822105407715,0.04472409479985799,0.001843420760099626,3.9371519088745117,0.00013471569982357324,1.8358963188415073e-05,0.9154528379440308
64,128,456,cuda,6.81325998812099e-05,9.666357948328457e-06,-0.8924842476844788,0.1588628252997296,0.0014569717434157713,241.5577392578125,0.24716817469998204,0.0037313045307880706,6.7703986167907715,0.0029675904999749035,0.00015405029778850404,8.270042419433594,0.00014156249962979928,4.550598074903282e-05,63.99150848388672,0.24947893059961643,0.0024269477863869556,433.3055114746094,0.00010435310014145216,2.499267841368142e-05,1.596049189567566,0.0001370862000840134,1.202064842194513e-05,6.346081733703613,0.24853468059973238,0.004825035323563087,3.9371519088745117,0.0002427390998491319,2.2102478942424538e-05,0.9154534339904785
64,256,42,cpu,0.00016873579970706488,1.2942782376885612e-05,0.16207773983478546,0.1488223698004731,0.03530470751125978,242.16665649414062,0.07988346090023697,0.0032066817905913154,6.7743330001831055,0.019765471500068087,0.010912858878231489,1.4259836673736572,0.00013737680001213448,6.054138578395167e-06,64.00540924072266,0.12917174430003797,0.023314169456776977,433.55731201171875,0.0005392749000748154,3.639570245530524e-05,1.5961114168167114,0.009848922100354684,0.0007652237394914315,6.354695796966553,0.09471902389959723,0.013234271087877517,3.9377079010009766,0.0002618644994072383,4.695286050558655e-05,-98.4439926147461
64,256,42,cuda,0.00010959190021821996,1.5948770539800792e-05,0.16207771003246307,0.3129227303996231,0.007292351819016081,242.16928100585938,0.4957986087998506,0.008069973772194936,6.774354934692383,0.0032960062995698535,2.902112549152902e-05,1.4297926425933838,9.419649995834334e-05,1.386232038762612e-05,64.00540924072266,0.5012434243997632,0.009566370059350985,433.5587463378906,0.00014579109974874883,2.7775474258998004e-05,1.5961112976074219,0.00019843590016535017,2.4944391821838918e-05,6.354695796966553,0.49224034560011204,0.0074244033199044775,3.9377079010009766,0.0001260601002286421,2.3097719562563277e-05,-98.44398498535156
64,256,123,cpu,7.699159978074022e-05,7.325006044600103e-06,-0.2461170107126236,0.13994682009979442,0.01622612583445268,241.7899169921875,0.1341638990001229,0.03299789334058907,6.779508590698242,0.031420244200126034,0.0013966082510508892,0.5534849166870117,0.0001670088997343555,1.3727573412041156e-05,64.06803131103516,0.12025964890035538,0.023401219498970213,433.8885192871094,0.0034475283000574564,0.000281262222919359,1.597158670425415,0.01166926629975933,0.0016500490964533154,6.376474380493164,0.14380900630003451,0.017610643423434835,3.9372739791870117,0.00035343799991096605,2.3044352796720482e-05,66.1860122680664
64,256,123,cuda,0.00012169730016466928,2.001214954228426e-05,-0.24611707031726837,0.3103858261001733,0.010321890267632272,241.79257202148438,0.49403137720019,0.0069094463110085155,6.779531002044678,0.0035497193997798605,7.947160532809188e-05,0.5534918308258057,0.00012373510016914225,2.8770579114279186e-05,64.06802368164062,0.4926477081997291,0.00826766359192293,433.8899841308594,8.871300015016459e-05,1.0788716085377034e-05,1.597158670425415,0.00014634420003858394,7.800047448331698e-06,6.376474380493164,0.4928996109001673,0.008830825542387696,3.9372737407684326,0.00023663440024392912,2.97993251146112e-05,66.18601989746094
64,256,456,cpu,0.00016128130027937004,1.3094122722766696e-05,-0.7450249791145325,0.186851246799597,0.024286905256739932,241.9952392578125,0.08219679229987378,0.0013502522261579163,6.773695468902588,0.023900573999708286,0.0005363499855176722,4.231481075286865,0.0001714732999971602,1.581953792288688e-05,64.01678466796875,0.08515797789968929,0.002715377304312703,433.5164794921875,0.0004262816999471397,2.6678075316084594e-05,1.5965412855148315,0.005706437299886602,0.0009037163260710043,6.357964038848877,0.14351746270021976,0.012106569212006976,3.9373600482940674,0.0002761038995231502,2.4502655636462378e-05,-61.93730163574219
64,256,456,cuda,0.0001203128000270226,1.6780551274580583e-05,-0.7450250387191772,0.31311253489984664,0.008030023295544145,241.99786376953125,0.4990934763000041,0.0041529054845147045,6.773717880249023,0.003463277599439607,4.6665133302766315e-05,4.33335018157959,0.00011194899998372421,1.83364265478167e-05,64.01678466796875,0.49058533819988953,0.008734443803777116,433.5179138183594,9.749419969011797e-05,1.2164208159040685e-05,1.596541166305542,0.0001408751995768398,6.367551320265934e-06,6.357964515686035,0.49823214980024205,0.010009565899580129,3.9373598098754883,0.0001749101997120306,2.3655584592656777e-05,-61.937294006347656
64,512,42,cpu,9.547729987389176e-05,2.4318553301707734e-05,0.12961828708648682,0.2830612131001544,0.05550407548704592,241.99984741210938,0.2330979072001355,0.05136186605319782,6.7725725173950195,0.06050800159973733,0.0028820866171966365,1.153820514678955,0.000279336399762542,3.640861245132183e-05,63.99104309082031,0.2470347746997504,0.03888302609369243,433.44464111328125,0.007116401400162431,0.0002827408899804227,1.5953090190887451,0.032781192500442556,0.0010685100712230322,6.354084491729736,0.2800172544999441,0.01965766821924842,3.937591791152954,0.0003985890003605164,3.123284226178259e-05,-72.15802764892578
64,512,42,cuda,0.00011516279992065392,1.646608092860132e-05,0.12961828708648682,0.6181777447996865,0.013351220885039426,242.00250244140625,0.9822731673997623,0.012900006361890684,6.772595405578613,0.004541508799957228,2.9637507362032484e-05,1.1558204889297485,0.0001103410995710874,1.954353002057877e-05,63.99104309082031,0.9924786183999459,0.01766037034665618,433.44610595703125,0.0001324601007581805,6.140323162135315e-06,1.5953088998794556,0.00020479610011534533,1.3254249252724543e-05,6.354084491729736,0.9886018066999895,0.014080318604725198,3.937591552734375,0.00024859839995770015,4.379748399763639e-05,-72.15803527832031
64,512,123,cpu,0.0001888882998173358,2.277852725890555e-05,-0.3843644857406616,0.3233018067001467,0.05467388089838005,241.57672119140625,0.23315032319969758,0.044524658167424486,6.779461860656738,0.09558788370031834,0.00992269825967837,1.2714654207229614,0.008070667900028639,0.004652321994561821,64.04630279541016,0.2312277234004796,0.05460884967759524,433.88555908203125,0.005797431500286621,0.00012120571480370904,1.5968704223632812,0.02160452489970339,0.000959005223945579,6.372000694274902,0.2474314464998315,0.05250373933589983,3.93782639503479,0.0003342251000503893,1.9866575034921622e-05,38.5992431640625
64,512,123,cuda,6.960209993849276e-05,9.895184195583078e-06,-0.3843644857406616,0.604508152699782,0.01584778976387679,241.579345703125,0.9712472845998491,0.007979425686966921,6.779484748840332,0.00459692959975655,5.687526572713427e-05,1.2735905647277832,0.00011775069979194086,2.5624024400177026e-05,64.04629516601562,0.982675093099715,0.012509566823882056,433.88702392578125,0.0001461054001993034,6.569157749036674e-06,1.5968703031539917,0.00022227249974093866,7.86056029841582e-06,6.372000694274902,0.9805835732002379,0.013297565160999187,3.937826156616211,0.00027173160051461307,4.816889330191193e-05,38.5992431640625
64,512,456,cpu,0.00017819549993873806,1.3237436726265132e-05,-0.17965757846832275,0.2383598261998486,0.03183226762019715,242.11500549316406,0.22309859950000827,0.054517531261754695,6.773526668548584,0.043087938999815376,0.0013394129744829526,2.380988597869873,0.00032897519995458426,7.618390577314039e-06,63.99769592285156,0.26571877959995616,0.040024969498880604,433.50567626953125,0.0009321685998656904,3.749695480982285e-05,1.5963729619979858,0.014139742599945748,0.002518901276613869,6.355391025543213,0.2625447232003353,0.04130962179292345,3.9377262592315674,0.00038884769983269505,2.153709790368064e-05,-29.32510757446289
64,512,456,cuda,0.00011977350022789324,2.4536160825940297e-05,-0.17965754866600037,0.6116103073998602,0.016247146670454026,242.11764526367188,0.9909462855001039,0.014673033516365794,6.7735490798950195,0.0044656559000941344,3.419737535565015e-05,2.431990385055542,0.00011938379975617863,3.6597988171815387e-05,63.99768829345703,0.9929115026996442,0.015439305612628984,433.50714111328125,0.00014076429961278335,8.626946563853739e-06,1.5963729619979858,0.00021076480024930788,6.831210510264615e-06,6.355390548706055,0.9882821929004422,0.01503622853854315,3.9377262592315674,0.00016891539980861124,1.8525162733111372e-05,-29.325105667114258
64,1024,42,cpu,0.0002484917997207958,1.9319631574847728e-05,-0.027623243629932404,0.5933188015002088,0.09290663267276104,242.18115234375,0.4645467870996072,0.1260928636021834,6.774982929229736,0.16124178110003412,0.039176442204783925,1.412353277206421,0.006754436399751285,0.0040256486832987,64.0032730102539,0.4969382343999314,0.09171141206523276,433.59893798828125,0.013053355300507974,0.00043133948731332726,1.5959067344665527,0.053854084300110114,0.008533322467582578,6.357687950134277,0.4526206431997707,0.11515303947774354,3.9379260540008545,0.0008804340002825483,0.0002104003928424023,-36.22923278808594
64,1024,42,cuda,0.00012454739971872185,3.0045746614497567e-05,-0.02762327343225479,1.217927815099938,0.02303011552237378,242.18380737304688,1.977769306600021,0.020350138706242686,6.775005340576172,0.006089952300317236,3.352661783528736e-05,1.417203664779663,9.048339979926823e-05,7.937110781821385e-06,64.00328063964844,1.9783779403000152,0.012681894708200758,433.600341796875,0.00023250910016940906,1.1206901964146564e-05,1.5959067344665527,0.00035748219979723215,1.1478638317510803e-05,6.357687950134277,1.982869566300178,0.024610477346882667,3.9379258155822754,0.00024037690036493586,2.703193921335084e-05,-36.22923278808594
64,1024,123,cpu,0.00018044470016320702,2.7312148515392976e-05,-0.1050165593624115,0.5566140914001153,0.07316416491619913,242.1049346923828,0.34494483439975737,0.08634860186334001,6.777005195617676,0.10172018960020068,0.013165319678200864,0.8736135959625244,0.0004979055996955139,2.5466616502189786e-05,64.03047180175781,0.4867452109998339,0.10060895138963215,433.72833251953125,0.013715921099901607,0.00041719330088047494,1.596398949623108,0.05393682279973291,0.009419600401144243,6.366567134857178,0.45244787509982415,0.10743756141624065,3.9377593994140625,0.0009344735994091024,2.6321995786465588e-05,29.308820724487305
64,1024,123,cuda,8.188700012397021e-05,1.1677731481185732e-05,-0.10501664876937866,1.238677188499787,0.01754891585426455,242.10757446289062,1.9675627550997887,0.024931975872279265,6.777027606964111,0.006423702799474995,7.950012892359384e-05,0.8746681213378906,0.00010920290023932466,1.7793849655904208e-05,64.03047180175781,1.9853594241998507,0.016987337987943177,433.7297668457031,0.00023233320007420843,2.0964673633935188e-05,1.5963988304138184,0.00034660599994822404,9.740526017777921e-06,6.366567134857178,1.9706617924992316,0.023433833059412955,3.9377593994140625,0.00024067989998002303,2.4670649664706823e-05,29.308822631835938
64,1024,456,cpu,0.0001942151997354813,2.671987392226846e-05,-0.26058855652809143,0.4499807810001585,0.05856722629169352,242.3912353515625,0.4615987208995648,0.09361596360510749,6.774300575256348,0.08806054430024232,0.007667787956434615,1.5258419513702393,0.0004929274000460282,1.4810134082752973e-05,64.00345611572266,0.4281168068002444,0.08516984450417897,433.5552673339844,0.0018719300998782274,7.8276719633916e-05,1.5962110757827759,0.03955887470019661,0.0012126212615502909,6.358427047729492,0.3951609631996689,0.06455519371372904,3.9377963542938232,0.0005818433000968071,3.123309668981298e-05,-47.3947868347168
64,1024,456,cuda,6.793960001232336e-05,9.271502143561339e-06,-0.2605885863304138,1.2366763492000246,0.03043305019655022,242.3938751220703,1.9716620995000995,0.016646231561074195,6.774323463439941,0.006126411800141796,0.00010950215326606344,1.5519205331802368,0.00010411869989184197,1.6376860897311403e-05,64.00344848632812,1.9761382018994482,0.023615087230319687,433.55670166015625,0.00023790649993316038,9.712936316143092e-06,1.5962110757827759,0.00036335049990157133,1.4834793266753187e-05,6.358427047729492,1.9688473812999292,0.01825986832248787,3.9377963542938232,0.0001354379002805217,1.2606047660136482e-05,-47.39478302001953
